date,composite_score,bull_score,bear_score,is_bull,fwd_ret_3d
1996-04-22,66.77844905605347,0.07944666130329858,5.8087316975060315,1,0.0124701425168348
1996-04-23,67.33002769143488,0.6011816572807726,5.834508366854383,1,0.0250615743233454
1996-04-24,66.8930595321315,0.0,5.626231697506032,0,-0.0236284341574811
1996-04-25,64.43400762898044,1.0093166532582467,8.846633386967017,0,-0.0057803111935342
1996-04-26,69.51868137213886,0.9303283185840712,4.19570168946098,1,0.0125847895043914
1996-04-29,68.28001080634813,0.2595283185840711,4.638666693483507,1,0.012157880313547
1996-04-30,67.58561950440888,0.32564666130329867,5.329155028157681,1,0.0045840426939571
1996-05-01,66.40437465180813,0.32564666130329867,6.391285036202733,0,-0.0446059714138578
1996-05-02,62.433025065322646,0.9803283185840712,10.61685172968624,0,-0.0350216004348864
1996-05-03,68.78434358800847,0.9303283185840712,4.8559900241351555,0,-0.0098294784712577
1996-05-06,69.05550358203759,0.6150449718423177,4.2968900241351555,1,0.0021204827222636
1996-05-07,60.71439814007841,0.40759831053901885,11.589445052292835,0,-0.0133168306150251
1996-05-08,60.44705094076351,0.40759831053901885,11.82983338696701,0,-0.018601757332646
1996-05-09,64.8925662953215,-0.22308334674175367,7.20191504424779,1,0.0136067673075719
1996-05-10,68.48882014533132,-0.30207168141592905,3.889313354786805,1,0.0340322645104309
1996-05-13,62.20334073343634,-0.16129002413515653,9.68175671761866,1,0.0365360100036422
1996-05-14,62.816945684894364,0.07476331456154495,9.366080048270309,1,0.0090680087019493
1996-05-15,68.14841042611907,0.40759831053901885,4.905066693483507,0,-0.0293705532518187
1996-05-16,64.81440087213092,0.40759831053901885,7.902880048270316,0,-0.0487786454379809
1996-05-17,67.13799880073316,-0.2252366854384551,5.180755028157682,0,-0.031331802161073
1996-05-20,63.336665017786984,-0.5864016894609811,8.23760337892196,0,-0.0064433331909924
1996-05-21,64.78233954001655,-0.09326001609010437,7.430850040225259,1,0.0094172158392698
1996-05-22,65.4574258286099,-0.03484835076427972,6.88225004022526,0,-0.0147597278821336
1996-05-23,64.07301764033126,-0.03484835076427972,8.127056717618666,0,-0.0124763892504656
1996-05-24,66.88734678210312,-0.1138366854384551,5.5175316975060325,1,0.0107527424910465
1996-05-27,65.47224888002734,0.27766830249396673,7.181438374899435,1,0.0163401567752605
1996-05-28,66.5840827774249,0.6488216411906682,6.552873370876908,1,0.0246705928680394
1996-05-29,67.13725179216627,0.6488216411906682,6.055485036202733,1,0.0109810999031286
1996-05-30,63.93691677730017,-0.06383668543845511,8.220445052292842,1,0.0208371334877916
1996-05-31,67.15712773157104,-0.1138366854384551,5.274955028157683,1,0.0210805514943819
1996-06-03,59.015231910885355,0.43029163314561597,13.139963395012062,1,0.0187168492265917
1996-06-04,58.39313759940302,0.28110498793242195,13.550140064360413,1,0.0248329033453967
1996-06-05,63.582731286018365,0.48152831858407097,9.084280048270312,1,0.0250269217619904
1996-06-06,61.72820552736861,0.5840049879324217,10.854275060337892,1,0.0116505488727341
1996-06-07,65.99995160415212,0.512028318584071,6.9413083668543845,1,0.0264934030510662
1996-06-10,57.575917027166454,0.5721099758648437,14.57595840707964,1,0.0234235192229446
1996-06-11,64.01631853590544,0.185428318584071,8.398315044247784,1,0.0453239446209256
1996-06-12,65.42248588748578,0.2673816572807724,7.215896701528559,1,0.0183043029150659
1996-06-13,61.35117467276088,0.22669332260659708,10.835975060337892,1,0.0115303253733039
1996-06-14,64.2128423620944,0.2135699919549477,8.24975004022526,0,-0.0237142524864971
1996-06-17,61.32293356160473,-0.3798416733708769,10.254833386967013,0,-0.0134957565678946
1996-06-18,62.43135872353924,0.08223499597747386,9.720256717618662,0,-0.0209722267858583
1996-06-19,61.55078656382916,0.07453499597747382,10.504333386967016,0,-0.0183605539652654
1996-06-20,61.2959602802956,0.07453499597747382,10.733463395012073,0,-0.0363081069775292
1996-06-21,65.88273872165699,-0.0035533386967014913,6.5311200321802065,0,-0.0329986423525521
1996-06-24,64.20451423209015,-0.37283000804505223,7.670838374899433,0,-0.0173987799847851
1996-06-25,62.9488018679133,-0.05487666934835078,9.117880048270312,0,-0.0051382914924807
1996-06-26,61.24319261154216,-0.0016766693483507566,10.704698390989542,0,-0.0097360393981126
1996-06-27,59.32598067477473,-0.03767666934835079,12.392581737731296,0,-0.0242490552533143
1996-06-28,64.45790769789822,-0.08767666934835078,7.72815004022526,0,-0.0381517659643762
1996-07-01,55.77277434539416,-0.32406001609010426,15.301105068382938,0,-0.019117559934479
1996-07-02,64.67694136434139,-0.050618342719227494,7.568261705551084,0,-0.0063839706099233
1996-07-03,65.55648664450636,0.05886999195494791,6.886896701528558,1,0.0214987189833279
1996-07-04,60.27021954522729,0.029881657280772522,11.611116733708768,1,0.0006982855536499
1996-07-05,66.04757190162124,-0.027130008045052112,6.359331697506033,0,-0.0058542481913247
1996-07-08,60.40161601690156,0.21979831053901905,11.68288672566371,0,-0.0054795653505819
1996-07-09,64.54498139285226,-0.0830833467417535,7.654450040225259,1,0.0005417541028048
1996-07-10,66.67598693093792,0.19702831858407127,6.0184433628318565,1,0.0062018547408051
1996-07-11,63.47410788363216,0.03265832662912327,8.733080048270317,0,-0.0128113412059111
1996-07-12,67.49652354479694,-0.0549416733708768,5.028678358809331,1,0.0265682307267464
1996-07-15,64.65183278605568,-0.4249833467417536,7.216473370876908,1,0.0234028713441835
1996-07-16,60.35036088615543,-0.05487666934835078,11.45429839098954,1,0.0382095603761465
1996-07-18,60.37704499131314,0.03474666130329851,11.519928399034594,0,-0.0240103445836088
1996-07-19,67.71065821650168,-0.13197666934835073,4.759101689460981,0,-0.0455508908351567
1996-07-22,65.52134279482745,-0.2976416733708768,6.561985036202733,0,-0.0575843947065213
1996-07-23,64.3981001287903,-0.18717666934835075,7.68242670957361,0,-0.0381686544587033
1996-07-24,66.18389519408069,0.0,6.263885036202733,0,-0.0337200341272239
1996-07-25,63.99134157213664,-0.028988334674175387,8.206356717618668,0,-0.0459940806209891
1996-07-26,67.50393600997026,-0.07898833467417538,4.997966693483508,0,-0.0080514271768584
1996-07-29,51.958278305499164,-0.14064835076427962,18.914365084473047,1,0.0025693049969035
1996-07-30,56.49156246934298,0.10808165728077257,15.086940064360416,1,0.0176091665863428
1996-07-31,59.061219239932605,0.03933499597747392,12.707656717618661,0,-0.0101393572617558
1996-08-01,57.00701672242068,0.010346661303298532,14.525728399034593,0,-0.0010810081452676
1996-08-02,60.396299989353174,-0.03965333869670146,11.428215044247786,1,0.0150372993879901
1996-08-05,58.56696065034177,-0.1523300080450521,12.960410056315364,1,0.006710041444498
1996-08-06,58.481868420440094,-0.17134167337087675,13.017910056315364,1,0.0023150168049507
1996-08-07,61.128092808616344,0.039834995977473975,10.849703378921959,0,-0.0157830224106698
1996-08-08,59.29514270451628,0.039834995977473975,12.49782172164119,0,-0.0143533164307237
1996-08-09,60.495281084967814,-0.0391533386967014,11.339715044247782,0,-0.0188977560110185
1996-08-12,58.932039636297816,-0.1335416733708767,12.650933386967015,0,-0.0294159096347828
1996-08-13,59.574056234105235,-0.17933000804505211,12.027868382944487,0,-0.048777474266251
1996-08-14,60.67769916333027,0.057146661303298596,11.271991713596135,0,-0.0412320031558212
1996-08-16,59.69027561041679,-0.9576833467417534,11.145015044247785,0,-0.0030578007677339
1996-08-19,58.12589418855831,1.40297497988737,14.912305068382942,1,0.0268087628670215
1996-08-20,67.93118026329103,1.7798683024939668,6.4726617055510856,1,0.0355505892845903
1996-08-21,69.71496049016753,2.036756637168142,5.125643362831858,1,0.0098097120240551
1996-08-22,69.3311844586715,2.061656637168142,5.49562003218021,1,0.0124056428988901
1996-08-23,71.71937773640592,1.888056637168142,3.174648350764279,1,0.0140996550918768
1996-08-26,66.8208903983331,1.9013799678197916,7.592503378921963,1,0.0165319013996075
1996-08-27,67.78539074656803,1.8823683024939668,6.706250040225262,1,0.0140141650024521
1996-08-28,70.28566250907203,1.9670449718423173,4.542778358809331,1,0.0095541510853479
1996-08-29,68.5306998667253,1.9380566371681418,6.091785036202735,0,-0.0025279034314451
1996-08-30,66.5913117338462,1.5235333065164927,7.421085036202731,0,-0.0025201797897484
1996-09-02,64.03165319290264,0.10469332260659742,8.303791713596139,1,0.0005013449647532
1996-09-03,66.4256166622153,0.24386999195494813,6.2904083668543835,1,0.0085824907942232
1996-09-04,69.48075160729083,0.2968583266291235,3.596336685438455,0,-0.0122827220915474
1996-09-05,67.45139631795996,0.2968583266291235,5.421055028157684,0,-0.0356357177854784
1996-09-06,69.2791916245317,-0.034176669348350674,3.4465366854384554,0,-0.0402835882623821
1996-09-09,66.8830761549734,0.045146661303298585,5.680355028157682,0,-0.0245624281424951
1996-09-10,67.32248549067383,0.06254666130329856,5.302655028157684,0,-0.0206176224519196
1996-09-11,69.04331818932799,-0.06076500402252599,3.6320366854384547,0,-0.0297624867117013
1996-09-12,64.89309087446003,-0.008176669348350651,7.416350040225263,0,-0.0184346890176712
1996-09-13,68.3892904023898,-0.08716500402252603,4.193713354786805,1,0.0138827129007871
1996-09-16,62.44417436278676,-0.1233533386967014,9.503145052292837,1,0.0159691645793654
1996-09-17,60.50439326528605,-0.03527666934835072,11.335398390989543,1,0.0059746410223712
1996-09-18,61.66292436907782,0.0,10.328968382944492,0,-0.0260702291094001
1996-09-19,50.61769059353419,0.0,20.26041842316975,0,-0.0090925128263503
1996-09-20,53.95009679460361,-0.14447666934835074,17.11957007240547,0,-0.0058922729399566
1996-09-23,50.86038704697883,-0.1391766693483507,19.90301842316975,0,-0.009885203540861
1996-09-24,51.52605345822893,0.0,19.443653419147225,0,-0.022629792394773
1996-09-25,52.62731453153601,0.15655832662912328,18.61000008045052,0,-0.028541292508613
1996-09-26,49.987566543899376,0.1275699919549479,20.95457176186645,0,-0.0243103796182415
1996-09-27,50.23630196527093,0.18459332260659717,20.787941753821393,0,-0.023834688639715
1996-09-30,49.33321808637746,0.023504987932421895,21.43887176186645,0,-0.0431216974210011
1996-10-01,52.98028408720589,0.15655832662912328,18.292623411102166,0,-0.0688235207634877
1996-10-03,50.92540130785015,0.21566999195494796,20.199406757843924,0,-0.0567412946522682
1996-10-04,54.12119691923789,0.13668165728077258,17.246881737731293,0,-0.0330582597986986
1996-10-07,61.6128962685732,0.15689332260659716,10.530845052292841,1,0.027557289319661
1996-10-08,62.234855297153025,0.10356999195494793,9.918280048270317,1,0.0391480917517224
1996-10-09,62.396783920989975,0.10356999195494793,9.772680048270315,1,0.0196183496740231
1996-10-10,58.88204490915473,-0.05298833467417535,12.776440064360422,0,-0.0007237542001386
1996-10-11,63.914944489743284,-0.07898833467417538,8.225050040225263,0,-0.0177850554732769
1996-10-14,58.85619674854612,-0.1681650040225261,12.684505068382947,1,2.2420016591757155e-05
1996-10-15,58.44759388867181,-0.15097666934835074,13.069093403057122,0,-0.0030901925002024
1996-10-16,61.91839754109366,-0.05258833467417534,10.046668382944492,1,0.0290550611840299
1996-10-17,65.88029199794518,0.0,6.536873370876912,1,0.0642743533888145
1996-10-18,65.03462828492688,-0.02996500402252611,7.267296701528558,1,0.0413349355691975
1996-10-22,65.39832634739253,-0.028988334674175387,6.941250040225261,1,0.0192458689257009
1996-10-23,67.85960066589786,0.0,4.7571550281576815,0,-0.0163210100222251
1996-10-24,57.33290178206726,0.10702333065164926,14.3293817377313,0,-0.0068633415568126
1996-10-25,58.19031533411165,0.028034995977473887,13.47944006436042,0,-0.0084888879412932
1996-10-28,66.83346141889315,-0.08288833467417533,5.596931697506032,0,-0.0288338730030808
1996-10-29,67.48982471482897,0.0,5.089643362831856,0,-0.0215057358910845
1996-10-30,68.57743975165423,0.0,4.11170168946098,0,-0.0427735116052721
1996-10-31,66.176567996504,0.0,6.2704733708769105,0,-0.0309596664192759
1996-11-01,68.2422775238109,-0.07898833467417538,4.3340783588093315,0,-0.0452466857371072
1996-11-04,66.4178056851056,0.0003349959774738842,6.053896701528558,0,-0.0172693553059126
1996-11-05,67.23105402206424,-0.059276669348350686,5.263043362831857,1,0.003476373808086
1996-11-06,69.09635463443009,-0.05298833467417535,3.5921250201126305,1,0.0157880240674228
1996-11-07,67.10503477734663,0.0,5.435631697506033,1,0.0185492477002337
1996-11-08,68.89783636962996,-0.07898833467417538,3.7446250201126303,1,0.0136966912066478
1996-11-10,68.52049781799727,0.0,4.162901689460981,1,0.0102049197519484
1996-11-11,59.31353760034605,-0.29015333869670146,12.151293403057121,1,0.0034050593501885
1996-11-13,63.88458842008864,0.16484666130329861,8.496180048270311,1,0.008007194800892
1996-11-14,57.94601552774827,-0.05298833467417535,13.6180817377313,1,0.0091664184018441
1996-11-15,63.65928780897542,-0.13197666934835073,8.401938374899435,0,-0.0199902755883647
1996-11-18,62.53942605235457,-0.13715333869670143,9.403698390989538,0,-0.0385983749063016
1996-11-19,65.19727609128397,0.00202333065164928,7.1530383748994355,0,-0.0540777434456055
1996-11-20,54.26286406529247,0.08174666130329855,17.064565084473053,0,-0.02817055103585
1996-11-21,54.636185913656135,0.13803499597747393,16.785176749798882,0,-0.0166235787733237
1996-11-22,56.70420500284315,0.05904666130329855,14.84670506838295,0,-0.0253078571459543
1996-11-25,66.15009889453066,-0.05187666934835067,6.242396701528559,0,-0.0319387235067387
1996-11-26,66.94858162162174,0.031011665325824667,5.6073200321802075,0,-0.0298515462605037
1996-11-27,67.29356966498865,0.05042333065164928,5.316531697506033,0,-0.0107074804474929
1996-11-28,66.33951052632729,0.05042333065164928,6.174385036202735,0,-0.0196226248415553
1996-11-29,67.89253319485205,-0.028565004022526097,4.698978358809331,0,-0.0521227415844822
1996-12-02,69.76907016173503,1.7341449718423172,4.774378358809331,0,-0.0222138220466987
1996-12-03,69.00706586089294,1.8170333065164925,5.542431697506032,0,-0.0015331168542419
1996-12-04,70.19480008759209,1.8170333065164925,4.474466693483507,1,0.0257272274278548
1996-12-05,68.09325347520368,1.8506099758648435,6.39767337087691,1,0.0012083991429526
1996-12-06,71.6304782591048,1.7716216411906682,3.1381483507642796,1,0.0351105196187607
1996-12-09,70.97752181970284,2.8335266291230905,4.787166693483507,1,0.0226912923013153
1996-12-10,70.81353201053166,3.102038294448915,5.203131697506032,1,0.0263189252250536
1996-12-11,62.57911485282662,1.7413333065164927,11.24649839098954,1,0.0121117169803365
1996-12-12,62.08023159216079,1.797621641190668,11.751363395012069,1,0.0279996121758001
1996-12-13,62.49771865561022,1.754333306516493,11.332686725663718,1,0.0424747232310565
1996-12-16,60.5999692938232,1.4689449718423178,12.753681737731293,1,0.0155871645422111
1996-12-17,62.15866391277083,1.6081216411906682,11.491340064360417,1,0.038780275548346
1996-12-18,52.656625111299164,2.29112662912309,20.718213435237328,1,0.0247946586132162
1996-12-19,52.449608181301535,2.8235499597747404,21.436778439259854,1,0.0269070415899216
1996-12-20,64.41530870451128,1.8678916331456161,9.72202172164119,1,0.0305338332534732
1996-12-23,61.40915458059251,2.0609916331456164,12.618140064360421,1,0.019202206983936
1996-12-24,65.68757908754124,2.374103298471441,9.084256717618665,1,0.0608874151110631
1996-12-26,72.3042002661521,0.38791158487530325,1.1486533386967015,1,0.0165868337645212
1996-12-31,73.0838988011774,1.0889865647626729,1.1486533386967015,1,0.0355629446826944
1997-01-01,73.12436619412146,0.9628616251005638,0.9861416733708768,0,-0.0125848449175182
1997-01-02,73.53694683658848,0.8647732904263886,0.5170766693483507,1,0.0018859288398193
1997-01-03,72.01893640322567,1.0055666130329857,2.022806677393403,1,0.0160250454614239
1997-01-06,75.17486149484571,2.1994349155269526,0.37898833467417536,1,0.0305691389285532
1997-01-07,74.7035539359802,1.8405415929203555,0.44387666934835074,1,0.0540162203777492
1997-01-08,72.66122177738174,1.2341966210780377,1.6739183427192272,1,0.0352843492634291
1997-01-09,70.77477927469332,1.0066216411906685,3.142560016090104,1,0.0336122910829802
1997-01-10,69.8923090385983,0.6986032984714411,3.62802502011263,1,0.0607956145496602
1997-01-13,73.3052810396498,1.154921641190668,1.015530008045052,1,0.0288447715078872
1997-01-14,73.31384457264119,1.367033306516493,1.2199416733708766,1,0.0125061271870771
1997-01-15,73.20641115874935,1.3954216411906681,1.344930008045052,0,-0.0642186132683083
1997-01-16,72.83846099002754,1.0590633145615451,1.3394183427192272,0,-0.0496573916975505
1997-01-17,72.19181229490115,0.9527983105390192,1.8145950120675778,0,-0.0147323980924116
1997-01-20,73.60934949444477,0.9520633145615454,0.5392650040225261,1,0.0090682775382128
1997-01-21,72.5689858586554,-0.04828004827031246,0.4743766693483507,1,0.0494096891375167
1997-01-22,72.16983624948587,0.3510732904263888,1.232630008045052,1,0.0345497054728553
1997-01-24,73.38936115302151,2.0531115848753028,1.8381183427192274,1,0.031254103966969
1997-01-27,72.13983789216209,0.8433765888978298,1.7519066773934027,0,-0.009108392363991
1997-01-28,72.66713655703572,0.36616162510056394,0.8005650040225261,0,-0.0492967516528715
1997-01-29,73.06033246587495,0.4496082864038624,0.530465004022526,0,-0.0702435830799466
1997-01-30,72.68551105306273,0.025994931617056904,0.44387666934835074,0,-0.0425943976324206
1997-01-31,72.40106461381183,0.6890966210780382,1.3627416733708766,0,-0.0104902390818866
1997-02-03,76.54319168594583,3.4297848753016935,0.37898833467417536,1,0.0204083389897395
1997-02-04,73.51806064550888,2.0960215607401476,1.7653066773934025,1,0.0211664502188001
1997-02-05,73.51698741904346,2.0483798873692707,1.7186300080450518,1,0.0194970038219182
1997-02-06,73.87032399221741,2.4127632341110252,1.7653066773934025,1,0.0255050805536032
1997-02-07,75.37632690483504,3.364338213998394,1.3627416733708766,1,0.0224274477467039
1997-02-10,70.03974816568753,1.9902282381335492,4.787078358809331,1,0.0208719010557385
1997-02-11,73.02768347628455,2.5417465808527773,2.6519600160901042,1,0.0166820370448719
1997-02-12,71.55398472501241,1.925918262268706,3.36122502011263,1,0.0189011613732526
1997-02-13,66.86117419305235,1.370759935639583,7.025661705551088,0,-0.001397973166913
1997-02-14,65.545848952622,-0.14960667739340283,6.687985036202737,1,0.0023747104614356
1997-02-17,65.7175310979447,-1.0377783588093314,5.645443362831859,0,-0.0168054567990336
1997-02-18,66.14868459767874,-1.0266900241351562,5.268855028157684,0,-0.0092356225408441
1997-02-19,66.73772219193393,0.6364916331456162,6.402396701528561,0,-0.0476666170999402
1997-02-20,67.52481467125897,0.3947616251005642,5.452943362831859,0,-0.0375831353659755
1997-02-21,67.87346725287884,0.524168302493967,5.268855028157684,0,-0.0231595741852473
1997-02-24,66.03325848738154,-0.7843884151246965,5.614943362831859,1,0.0286098695936327
1997-02-25,66.30936015468382,-1.0424934030571185,5.108578358809333,1,0.0331370183877167
1997-02-26,66.58942663102002,-0.4730800482703126,5.426166693483508,1,0.1296338861637494
1997-02-27,66.1212590312689,0.1746916331456162,6.49489670152856,1,0.1095622025115264
1997-02-28,66.18104620057407,-0.10922670957361141,6.15722003218021,1,0.1122659726421115
1997-03-01,68.78469942141014,1.1832366049879341,5.108578358809333,1,0.0267923085691018
1997-03-03,68.54083704765948,0.9639649235720051,5.108578358809333,1,0.0174952447783062
1997-03-04,65.32950662857814,-0.5372217216411896,6.49489670152856,0,-0.0351584481719087
1997-03-05,65.55707975982435,0.10069163314561619,6.928185036202737,0,-0.0740876025817877
1997-03-06,64.29884095165383,-0.13289171359613744,7.825961705551087,0,-0.0482048398298345
1997-03-10,62.429008362053615,-0.47935502815768233,9.160780048270313,0,-0.0113743534699781
1997-03-11,63.32452221413929,-0.5176083668543838,8.31731504424779,1,0.0170589877353002
1997-03-12,63.318603766099734,-0.20123000804505214,8.639015044247788,0,-0.0014905909225342
1997-03-13,66.10260833264925,0.46360997586484354,6.800585036202737,0,-0.0020179747327184
1997-03-14,67.92153240920466,0.5024983105390188,5.203966693483508,0,-0.0170114603476341
1997-03-17,72.02363524726772,0.11201496379726539,1.1250300080450522,0,-0.0167344320696931
1997-03-18,71.65056732276473,-0.479310056315365,0.8691533386967014,0,-0.0027754927848922
1997-03-19,73.80933573978828,1.123883266291232,0.5312650040225261,1,0.0059704498808581
1997-03-20,73.78972302941739,1.2556249396621086,0.6806416733708767,1,0.0041627307036122
1997-03-21,72.90525835471125,0.5727482703137583,0.7930416733708767,0,-0.0033975117619152
1997-03-25,72.63044124867315,0.2632432823813365,0.7306416733708767,0,-0.0889244139486939
1997-03-26,72.32528847278319,0.6773616251005635,1.4191416733708766,0,-0.0878184864654623
1997-03-27,72.31616886622095,0.8003266291230897,1.5503066773934027,0,-0.0539936961062551
1997-03-31,69.30070607967312,-0.03345502815768264,3.4279133547868055,1,0.0428070105755214
1997-04-01,70.38522007806027,0.05114497184231731,2.537360016090104,1,0.031304080597939
1997-04-02,70.71575020858461,-0.11082003218020886,2.0781950120675776,0,-0.0113392414607707
1997-04-03,71.07757802071207,0.15870997586484342,2.022383346741753,1,0.0192563337580154
1997-04-04,71.45924097263878,0.07972164119066805,1.6002183427192271,1,0.0073158312706302
1997-04-07,70.59767167656445,0.418061625100564,2.713248350764279,1,0.0224526719769557
1997-04-09,67.92605329180947,0.07117497988736965,4.768578358809331,0,-0.0266052918039962
1997-04-10,71.63185918259518,0.3051216411906682,1.6704066773934025,1,0.0064747538689217
1997-04-11,72.82414023901669,0.30292164119066817,0.5961533386967015,1,0.0212836307048268
1997-04-12,71.36737207141648,-0.03399501206757821,1.5691066773934028,1,0.0555900555560033
1997-04-15,72.93933828309791,0.8171799678197915,1.006830008045052,1,0.0432901256038892
1997-04-17,72.64142001094402,0.016849959774739465,0.4743766693483507,1,0.0340448309521889
1997-04-21,70.0988496153069,-1.100701689460981,1.6430066773934024,1,0.0062036104583297
1997-04-22,69.78964121547159,-0.11607666934835076,2.905660016090104,1,0.0090175324559696
1997-04-23,70.58895988711177,-0.31721335478680596,1.9858066773934024,0,-0.0052891602159262
1997-04-24,70.57457238937785,-0.4998383748994361,1.8161183427192271,0,-0.0091780466826002
1997-04-25,75.54763093802411,2.6860915526950957,0.530465004022526,1,0.0097243990687902
1997-04-28,73.10870522975291,1.930233226065972,1.9675950120675778,1,0.0033733165421463
1997-04-29,72.72663267126026,1.6454882542236544,2.026395012067578,0,-0.0113651096100706
1997-04-30,71.53189191756815,1.7120765888978298,3.1672483507642792,0,-0.0295569501341701
1997-05-02,73.15378244128401,1.6330882542236544,1.6299183427192272,0,-0.0232810742000713
1997-05-05,73.45439393476641,2.2410632341110244,1.9675950120675778,1,0.008144647437628
1997-05-06,71.03051379681382,0.3904916331456161,2.296483346741753,1,0.0047103691232278
1997-05-07,68.36543668039234,0.5388633145615451,4.841190024135156,0,-0.0037411909912847
1997-05-08,72.47370267465524,0.9619983105390191,1.570330008045052,0,-0.0220621868600411
1997-05-09,72.3240076693774,0.7625099758648437,1.5054416733708766,0,-0.0111695671980883
1997-05-12,73.90089882291481,1.7935899436846348,1.1186416733708766,1,0.0043155185652221
1997-05-13,73.54934168516765,1.4976716009654076,1.138830008045052,1,0.0166874920029762
1997-05-14,74.12391769819467,2.1724082864038623,1.296930008045052,1,0.0087457844369937
1997-05-15,71.58496361496098,0.5542666130329861,1.9617183427192275,1,0.0055824750745097
1997-05-16,71.74131852953049,0.629966613032986,1.8968300080450522,0,-0.0061232491359391
1997-05-19,70.0670422070532,-1.0912900241351566,1.6810183427192273,0,-0.0130270041468754
1997-05-20,68.8794785155473,-0.3514833467417537,3.488636685438455,0,-0.016454761898982
1997-05-21,68.39818757952371,-0.0030650040225261854,4.269813354786805,0,-0.0145973881090628
1997-05-22,70.25239266758972,-0.0762416733708769,2.5294066773934034,0,-0.011149468351144
1997-05-23,71.3446045494432,0.8813333065164928,2.504906677393403,0,-0.0065026676458809
1997-05-26,69.27155485100083,-0.19513169750603332,3.29244835076428,1,0.0109438891888792
1997-05-27,68.85351171398054,-0.650620032180209,3.212848350764279,1,0.0242716335581856
1997-05-28,69.40751300488543,-0.11386001609010454,3.2514716814159286,1,0.0362859187560511
1997-05-29,69.6035381990534,-0.3765900241351568,2.812483346741753,1,0.0336687499053364
1997-05-30,70.55155836978786,-0.6620200321802086,1.6746300080450518,1,0.0326240525433803
1997-06-02,70.01187782989383,-0.7447150442477869,2.0771950120675777,1,0.0201257054328132
1997-06-03,69.82225674222762,-0.834715044247787,2.1576950120675775,1,0.0083469067962709
1997-06-04,73.09867004783254,0.3974916331456162,0.44387666934835074,0,-0.0102759652616463
1997-06-05,73.00812829693638,0.31607996781979153,0.44387666934835074,0,-0.005074513818697
1997-06-06,71.52099851236675,-0.2296133547868056,1.2353533386967013,1,0.019979177372351
1997-06-09,72.90972734308095,1.035366613032986,1.2516416733708766,1,0.0419584629046973
1997-06-10,74.38238624124922,1.7906482703137585,0.682765004022526,1,0.0497983286252377
1997-06-11,72.8437899911347,1.0637782783588108,1.3393416733708767,1,0.022468832265796
1997-06-12,72.71804507008054,0.29413660498793404,0.682765004022526,1,0.0160215863459001
1997-06-13,73.87400526188752,1.1900316170555123,0.5392650040225261,1,0.0204702065183767
1997-06-16,70.78027326367894,0.635961625100564,2.7669600160901044,1,0.0262954657094569
1997-06-17,71.64199824245856,0.9881032984714407,2.344271681415929,1,0.0170215023125956
1997-06-18,72.74442523607166,1.2591099758648436,1.6240183427192274,0,-0.0052734075090961
1997-06-19,71.65622075231401,0.7999266291230902,2.1433066773934026,0,-0.0038875259533673
1997-06-20,73.2190173421273,1.1011799678197915,1.0393533386967013,1,0.0030600174723383
1997-06-23,73.00770008002402,1.412048270313758,1.540230008045052,1,0.0124899336729649
1997-06-24,73.52205515951876,1.6783482703137578,1.3440416733708767,1,0.0123445082508034
1997-06-25,73.86008302281304,2.42127827835881,1.7830300080450519,1,0.0259114866151002
1997-06-26,74.81101517591877,2.902219951729686,1.408930008045052,1,0.0272323838749558
1997-06-27,75.01091248528007,2.744283266291231,1.0712533386967014,1,0.0445614140372531
1997-06-30,73.14983991098204,1.8236316170555118,1.8240066773934025,1,0.01869368605678
1997-07-01,74.60095098064734,1.6833966210780378,0.37898833467417536,1,0.0129525305057888
1997-07-02,74.33175947811182,1.4413499597747388,0.37898833467417536,0,-0.0108935778112269
1997-07-03,74.36739453356772,1.538279967819791,0.44387666934835074,0,-0.0137996098209558
1997-07-04,74.0475206158013,1.250661625100564,0.44387666934835074,1,0.0166762268735137
1997-07-07,73.62220772275421,1.6597132743362843,1.2353533386967013,1,0.0240532657108214
1997-07-08,70.8854230628082,-0.5390217216411896,1.497430008045052,1,0.0188899327992353
1997-07-09,72.0714705479212,0.24323829444891476,1.2132416733708768,0,-0.0408540061387905
1997-07-10,72.33188351428097,0.25370329847144085,0.9895533386967015,0,-0.0460762614674158
1997-07-11,71.68024500950474,-0.39711335478680576,0.924665004022526,0,-0.0316985068605892
1997-07-14,69.72704585226533,-0.23567168141592915,2.8423483507642793,0,-0.004771061848542
1997-07-15,70.2077677411593,-0.3761900241351565,2.2695833467417534,0,-0.0156283122094073
1997-07-16,72.7161915511595,0.14896999195494776,0.5392650040225261,0,-0.0082759093038597
1997-07-17,72.5364426259372,-0.012653338696701377,0.5392650040225261,1,0.0162045441635375
1997-07-21,71.54142676748397,-0.03766838294448821,1.408930008045052,1,0.0295588022415444
1997-07-22,71.61304904341185,0.02673161705551158,1.408930008045052,1,0.0100072920973858
1997-07-23,71.19293362642777,0.5153566371681421,2.2753066773934023,0,-0.015992953210377
1997-07-24,70.36838773554372,0.10714497184231736,2.6084950120675776,0,-0.0080745130675113
1997-07-25,71.53200134282596,0.16825663716814193,1.623330008045052,1,0.0107850559653725
1997-07-28,71.34398172914926,0.12448495575221319,1.7486183427192272,1,0.0331678448714999
1997-07-29,72.40886449629195,0.18182164119066818,0.8484533386967013,1,0.0347581115486788
1997-07-30,72.51531737755899,0.36523998390989565,0.9361533386967014,1,0.0428934763699814
1997-07-31,72.0375964070185,-0.2168967015285594,0.7835650040225259,1,0.0414145328111448
1997-08-01,72.35323673940233,-0.07658503620273482,0.640065004022526,1,0.0479629415414026
1997-08-04,67.76140916791203,0.8152566371681423,5.66070168946098,1,0.0152777718121346
1997-08-05,66.06782407423043,0.01821496379726545,6.386466693483507,0,-0.0128059929572428
1997-08-06,67.45480317449383,0.16309163314561614,5.284225020112629,0,-0.0271250903035023
1997-08-07,65.96780500444113,-0.6303950120675781,5.8277900241351555,0,-0.0168384900591875
1997-08-08,67.83890175550277,-0.4341183427192275,4.341648350764278,0,-0.0098739584165799
1997-08-11,63.70440206225363,-0.1681650040225261,8.325185036202734,0,-0.0244959457939461
1997-08-12,65.63766783853839,-0.2826650040225261,6.472366693483506,0,-0.0383736211979599
1997-08-13,67.28284115819288,0.23035832662912326,5.506113354786804,0,-0.0527067102220533
1997-08-14,67.2649355892109,0.1240583266291233,5.415913354786805,0,-0.0244849625166425
1997-08-18,59.44611296588512,0.049481657280772584,12.371721721641194,0,-0.0167443430352913
1997-08-19,61.86761688470737,0.24889831053901895,10.39381504424779,0,-0.0172996220039604
1997-08-20,62.517752156649465,0.2693099758648435,9.829650040225264,0,-0.0460273343261555
1997-08-21,62.14542569339857,0.17421665325824642,10.06933837489944,0,-0.0255022928109361
1997-08-22,63.5259932609162,0.09522831858407105,8.748996701528561,1,0.0068274306044823
1997-08-25,63.716346504661324,0.1252866452131945,8.60789670152856,0,-0.0084688630080375
1997-08-26,62.92598245170492,-0.2740016894609813,8.919273370876912,0,-0.0414371898641731
1997-08-27,63.55467368361425,-0.022571681415928913,8.605408366854386,0,-0.0560614866353565
1997-08-28,62.9039749118573,-0.3215900241351566,8.891473370876913,0,-0.0155434339901359
1997-08-29,65.31505614197954,0.8894082864038625,7.934520032180209,1,0.0265229638450906
1997-09-01,64.04232792653411,0.48357329042638864,8.673073370876912,1,0.0289513272921933
1997-09-02,62.42620759439651,-0.016815044247786626,9.62583837489944,1,0.0283287563608418
1997-09-03,63.92427722056069,0.3639382944489148,8.659585036202737,1,0.0205419464998138
1997-09-04,62.98705972958907,-0.24658334674175342,8.891773370876912,1,0.0195068666307953
1997-09-05,63.1824695297071,0.20092164119066824,9.163573370876913,1,0.0046011019620986
1997-09-08,59.361726944944806,0.06941665325824642,12.467533386967018,0,-0.0034161456758912
1997-09-09,61.65398084502362,0.031216653258246463,10.368226709573616,0,-0.0145068562140898
1997-09-10,62.796882568351975,0.45469332260659723,9.764050040225266,0,-0.0118055867863604
1997-09-11,60.3945650219175,0.4630283185840712,11.932456717618667,0,-0.0123342669407072
1997-09-12,60.82704012466282,0.2820283185840712,11.36259171359614,0,-0.0075975860072006
1997-09-15,57.566398908667814,0.42746830249396695,14.439875060337895,0,-0.0281308126634843
1997-09-16,59.23963170965562,0.7607216411906682,13.268621721641193,0,-0.0319481826270741
1997-09-17,67.12585044977068,0.2376983105390188,5.654613354786805,0,-0.0443475696053677
1997-09-18,67.0848900615932,0.22223330651649276,5.675978358809331,0,-0.0188358617002632
1997-09-19,68.38476209354101,0.3281866452131943,4.613136685438454,0,-0.0031290413939036
1997-09-22,72.99299566956475,0.7070499597747397,0.8484533386967013,1,0.0239955055562156
1997-09-23,71.90195149747368,0.03071327433628457,1.1531416733708766,1,0.0249020691633411
1997-09-24,72.84060556402918,0.36163829444891465,0.640065004022526,1,0.0223224557015769
1997-09-25,72.56637602599429,0.258561625100564,0.7835650040225259,1,0.0111403071473221
1997-09-26,73.48224771808856,1.442566613032986,1.1440533386967013,0,-0.0012551552660912
1997-09-29,71.8112577322578,1.1928182622687062,2.396795012067578,1,0.0078310321665205
1997-09-30,71.97399268514071,1.2672432823813364,2.324895012067578,1,0.0347598769268924
1997-10-01,71.87027758266612,0.8044099758648435,1.9553183427192276,1,0.03720192165254
1997-10-09,68.10104781036904,0.09014666130329857,4.630201689460982,1,0.0029483618356842
1997-10-10,67.68791109433117,0.02004666130329852,4.931578358809333,0,-0.0113225064394484
1997-10-13,67.14150577735163,0.1574166532582465,5.560255028157684,1,0.0098052649859492
1997-10-14,67.65465046854924,0.12322831858407107,5.064666693483508,1,0.0344638331475073
1997-10-15,68.09479383925776,0.10273499597747393,4.648413354786807,1,0.0322863867560993
1997-10-16,68.57210699268866,-0.2486716814159292,3.8678250201126305,1,0.0056330964472901
1997-10-17,66.55063497450536,-0.43823668543845534,5.495890024135157,0,-0.0067727560658537
1997-10-20,69.15407319215706,-0.26054336283185786,3.3326716814159294,0,-0.0312438602727266
1997-10-21,66.29548802038805,-0.7981783588093321,5.365366693483508,0,-0.0331402537360018
1997-10-22,66.93181414689904,-0.05451834271922762,5.536866693483508,0,-0.0428328194218194
1997-10-23,70.03300862558685,0.6038499597747391,3.406760016090105,0,-0.1091158032033659
1997-10-24,70.63968489140457,0.5235616251005637,2.780971681415929,0,-0.0264316860367184
1997-10-27,66.12802272903076,0.38259662107803816,6.696720032180209,0,-0.0322323408430942
1997-10-28,68.89873718197293,-0.5504550281576828,3.2723483507642803,1,0.0485780095540427
1997-10-29,69.98517520386257,-0.21642502011263065,2.6294950120675784,0,-0.0152924880784563
1997-10-30,69.8491058352638,0.06540329847144105,3.033671681415929,0,-0.0002303882051429
1997-11-03,64.28606056469704,-0.030425020112630152,7.939920032180205,0,-0.0028176188991181
1997-11-04,62.60639771008992,0.14330498793242186,9.623938374899435,0,-0.0142265678888444
1997-11-05,63.52645109333167,0.17410498793242185,8.827461705551086,0,-0.0177604742794687
1997-11-06,64.23462747251368,0.1536049879324219,8.170196701528557,0,-0.007055685400376
1997-11-07,63.965500837772026,0.14810498793242183,8.406685036202733,0,-0.0281177123424246
1997-11-10,62.592082506393844,0.12072164119066842,9.614226709573611,0,-0.0416667080718208
1997-11-11,63.64146008134608,0.2410049879324218,8.79095004022526,0,-0.0461407678052003
1997-11-12,62.628666600042216,0.2718049879324218,9.732415044247784,0,-0.0342645939740961
1997-11-13,64.23462747251368,0.1536049879324219,8.170196701528557,0,-0.0343772192638562
1997-11-17,64.55574882032437,-0.7880967015285592,6.9397550281576805,0,-0.0295056303296676
1997-11-18,64.90279804902549,-1.0324200321802088,6.38337835880933,0,-0.0040187595949176
1997-11-19,69.41752411861745,1.1019182622687063,4.458248350764279,0,-0.0067035952627959
1997-11-20,69.17515576200056,0.7974016090104598,4.371660016090104,1,0.0155049595153873
1997-11-21,68.8067866815396,1.0084432823813367,4.913925020112629,1,0.0109760817151866
1997-11-24,66.87679247888619,-0.41443338696701415,5.22642502011263,1,0.0646181358026345
1997-11-25,68.00399440664249,0.027814963797265446,4.655136685438455,1,0.0130245372017044
1997-11-26,67.7476630113456,0.05611995172968742,4.913925020112629,1,0.0154187001885745
1997-11-27,64.63463897334985,-0.19968503620273476,7.45723169750603,0,-0.0163255172872118
1997-11-28,65.11823392393879,-0.015943362831857877,7.206143362831856,1,0.0065704857604257
1997-12-01,64.95803284129352,-0.30557835880933154,7.06055502815768,0,-0.020446808977684
1997-12-02,62.553118435756716,0.04549831053901909,9.574038374899434,0,-0.0230843706727534
1997-12-03,59.741819917314324,-0.16337168141592878,11.892980048270314,0,-0.0214766773920373
1997-12-04,62.12884172742791,-0.05409501206757805,9.855938374899438,0,-0.0277600749865286
1997-12-05,62.48870659537658,-0.13308334674175343,9.453373370876909,0,-0.0347825984298626
1997-12-08,60.684842852154944,-0.38114167337087673,10.827280048270312,0,-0.0354648885031225
1997-12-09,62.553172208921005,-0.4375300080450521,9.090961705551084,0,-0.019393179095562
1997-12-10,62.276790670640516,-0.2607533386967014,9.51625004022526,1,0.0081465802156381
1997-12-11,68.67545883551759,-0.14394167337087677,3.8796250201126314,1,0.0290506259028978
1997-12-12,72.52867056950382,-0.0196416733708768,0.5392650040225261,1,0.0485360386374539
1997-12-15,69.2154877825693,-1.0041983909895404,2.5337950120675785,1,0.0300090372852122
1997-12-16,70.50294635559155,-0.2880417538213979,2.092318342719228,1,0.0256569533412492
1997-12-17,74.78442000674328,2.2308415929203553,0.7614650040225261,1,0.0370583200740095
1997-12-18,75.32633038823555,2.335629927594531,0.37898833467417536,1,0.0436979184688561
1997-12-19,71.63035031297345,0.6607882542236541,2.0274300080450525,1,0.024730558574268
1997-12-22,73.13135786862645,0.8683599356395832,0.8853533386967014,1,0.0095132884926631
1997-12-23,72.7365326597509,0.07187160096540768,0.44387666934835074,1,0.022683510779003
1997-12-24,70.63000178502746,1.1009549477071614,3.3670716814159296,1,0.0041180566089173
1997-12-26,70.80621778651374,0.9684016090104599,3.0760716814159292,1,0.0167694333065315
1997-12-29,69.92409604704923,0.8687966210780381,3.7696366854384555,1,0.0020368491441579
1997-12-30,67.87254604073311,0.5073516492357204,5.252866693483507,1,0.025832555025825
1997-12-31,66.96948256164241,0.49482831858407106,6.0523433628318575,1,0.0112849819245831
1998-01-01,68.05912541044033,0.4743283185840711,5.052078358809331,0,-0.001897841197313
1998-01-02,69.42857705385536,0.4445333065164929,3.7909250201126308,0,-0.0035045687441665
1998-01-05,67.61719705699024,-0.06793668543845494,4.907178358809332,0,-0.0315463025089488
1998-01-06,68.70325508781704,-0.05406001609010419,3.9445133547868068,0,-0.0431742159597345
1998-01-07,68.33734570462669,0.12271665325824649,4.450301689460981,0,-0.083389642648496
1998-01-08,68.98417048226112,0.19852831858407122,3.9445133547868068,0,-0.0570444158612038
1998-01-09,72.36243051893165,0.1501699919549479,0.8585533386967015,0,-0.0354524844241747
1998-01-12,72.04638424836743,0.24258165728077263,1.2351416733708769,0,-0.0061950889413382
1998-01-13,73.21871152403153,0.7598283185840711,0.6982766693483508,0,-0.001302018312036
1998-01-14,72.75603236595126,0.4086933226065972,0.7631650040225262,1,0.0195559140607292
1998-01-15,72.39406184467728,0.08322333065164922,0.7631650040225262,1,0.0217888785819565
1998-01-16,72.25772557865906,-0.03936500402252607,0.7631650040225262,1,0.0145261732440319
1998-01-19,70.10311657405103,-0.08288833467417533,2.6569833467417534,0,-0.0247823192435316
1998-01-20,69.51491492434492,0.0,3.2687600160901042,0,-0.0246728391934991
1998-01-21,68.75244536484337,0.08348165728077261,4.03782502011263,0,-0.049714138907391
1998-01-22,69.33775543198095,0.05449332260659723,3.4825483507642794,0,-0.0491026027551151
1998-01-23,72.0460561515397,1.0389516492357207,2.0318066773934027,0,-0.0471523694844807
1998-01-27,69.51877406597947,-0.008041673370876745,3.2572483507642795,1,0.0001557026083334
1998-01-28,70.58435561583954,0.0878349959774739,2.394995012067578,1,0.0331038867444073
1998-01-29,69.14963945607808,-0.06196500402252614,3.5352366854384547,1,0.0353788332160451
1998-01-30,69.4519136229583,0.3913283185840711,3.7167366854384545,1,0.0046598406780472
1998-02-02,70.35273428689197,-0.022865004022526114,2.4925600160901036,0,-0.0005121114466404
1998-02-03,69.83688706919267,-0.052118342719227384,2.9271366854384544,1,0.002457884385518
1998-02-04,69.26984216229711,-0.0928066773934027,3.3963133547868054,1,0.008384607130961
1998-02-05,70.14712422750229,0.10004666130329865,2.8003483507642795,0,-0.0127849973236776
1998-02-06,71.11854583513352,0.02105832662912327,1.8478950120675781,0,-0.0193649386126483
1998-02-09,71.26330847231141,0.0003349959774738842,1.6970066773934027,0,-0.0201274418499077
1998-02-10,70.55813489041208,0.08322333065164922,2.4139600160901042,1,0.0111957831374078
1998-02-11,70.6359851903337,0.08322333065164922,2.343960016090104,1,0.033633848032444
1998-02-12,70.67933298174391,-0.003265004022525997,2.2184950120675784,1,0.0331050534370222
1998-02-13,71.69372793703732,0.1782633145615452,1.4879183427192275,1,0.0233264468264205
1998-02-17,79.92579464378392,9.084163234111019,2.9918600160901043,1,0.0019643897822139
1998-02-18,80.97337238350661,9.113151568785193,2.0789066773934026,1,0.0207668400189147
1998-02-19,82.9209310847555,10.386633226065964,1.6012183427192275,1,0.0164545257968805
1998-02-20,83.20585020890981,10.307644891391789,1.2660416733708768,1,0.0417856522287981
1998-02-23,79.83236685763399,9.249033226065967,3.2407366854384545,1,0.0352279299670814
1998-02-24,80.08971215891722,9.539951568785193,3.300260016090104,1,0.0449746854644836
1998-02-25,81.1673308450256,9.658663234111017,2.4500183427192272,1,0.0582570706416807
1998-02-26,82.84338848185885,9.861133226065968,1.1454416733708765,1,0.0167832128862616
1998-02-27,81.40244429810366,10.004644891391793,2.584595012067578,1,0.0293551336896674
1998-03-02,81.14818151438496,9.464598230088493,2.2731716814159286,0,-0.0136143836920563
1998-03-03,81.976084246497,9.580551568785195,1.6447066773934027,1,0.0167373775990188
1998-03-04,83.4093546149742,9.698963234111018,0.4743766693483507,1,0.0065241922227141
1998-03-05,75.89439662736143,2.941801609010459,0.4743766693483507,1,0.0024891687969863
1998-03-06,75.82217193094236,2.9417482703137576,0.5392650040225261,1,0.0014322347616798
1998-03-09,75.1702961442498,3.0210716009654073,1.2047300080450518,0,-0.020211988016913
1998-03-10,75.62557026340076,3.1039599356395824,0.8782533386967013,1,0.0040431941135327
1998-03-11,76.21324178665353,3.2933832662912317,0.5392650040225261,1,0.000276969950531
1998-03-12,75.43647187594387,2.594941592920354,0.5392650040225261,1,0.0237074633511867
1998-03-16,75.40369690862417,2.859759935639582,0.8335533386967013,1,0.0139785998405974
1998-03-17,75.46895399872659,2.9989366049879336,0.9140533386967014,1,0.0239876520491
1998-03-18,75.62018006288532,3.027924939662109,0.807065004022526,1,0.0186317091386618
1998-03-19,76.9686250988803,3.8123182622687066,0.37898833467417536,1,0.0135182711160723
1998-03-20,77.06252923831926,3.9616415929203557,0.44387666934835074,1,0.0331066551995152
1998-03-23,75.33603944173021,2.734036604987933,0.768665004022526,1,0.0047923414403067
1998-03-24,74.67734063679674,2.8732132743362837,1.5001183427192273,1,0.0172479067922538
1998-03-25,75.5774736126426,2.989524939662109,0.807065004022526,0,-0.0194565517846289
1998-03-26,76.26757943496418,3.636529927594529,0.8335533386967013,0,-0.011218066361277
1998-03-27,75.74704267839601,3.141994931617056,0.807065004022526,1,0.0085136622863768
1998-03-30,74.06754293273816,2.796406596942881,1.9716183427192273,1,0.0285264167242305
1998-03-31,74.02483648249545,2.9682832662912326,2.181895012067578,1,0.0493911372524184
1998-04-01,76.37915561932718,3.442566613032985,0.5392650040225261,1,0.0316644629609526
1998-04-02,76.29153139811706,3.3637782783588097,0.5392650040225261,1,0.0259267464420213
1998-04-03,75.44673888193859,2.6041732904263886,0.5392650040225261,1,0.0303415986260691
1998-04-06,76.59634310362051,3.9677415929203526,0.8691533386967014,1,0.0044547247444283
1998-04-07,77.33825646187348,4.240064923572001,0.4743766693483507,0,-0.0241571018513151
1998-04-09,76.23850604764453,3.3160999195494787,0.5392650040225261,0,-0.0027319028539304
1998-04-10,77.00945387254083,4.00930659694288,0.5392650040225261,1,0.0038921139760714
1998-04-13,76.98030819118333,4.212499919549475,0.768665004022526,1,0.042674604860342
1998-04-15,77.9989960523384,4.73878825422365,0.37898833467417536,1,0.0007043858668253
1998-04-16,78.18074684241583,4.967099919549472,0.44387666934835074,1,0.013030311345338
1998-04-17,75.98316449014563,3.6677065969428817,1.1204650040225261,1,0.0006609385567768
1998-04-20,72.97609845925433,1.8509983105390195,2.0075950120675783,0,-0.0209696916818321
1998-04-21,71.64594640954813,-0.006788334674175389,1.3458300080450518,0,-0.0326441590010917
1998-04-22,72.92755882856868,0.17544666130329856,0.37568833467417534,0,-0.0391183067683189
1998-04-23,71.52094661813165,0.16429332260659713,1.6293066773934026,0,-0.0303170627471164
1998-04-24,72.80900394325947,0.06884666130329853,0.37568833467417534,0,-0.0195283422032178
1998-04-27,71.45871272511467,0.2129349959774739,1.7339066773934027,0,-0.004303488158255
1998-04-28,72.8425703871372,0.7248049879324218,1.001465004022526,1,0.0328938938276372
1998-04-29,71.39293293480287,0.1163116653258246,1.6964300080450518,1,0.0316373855432252
1998-04-30,69.8273300300177,0.1163116653258246,3.104160016090104,1,0.0112360732669259
1998-05-04,70.7171330110042,0.19953499597747382,2.387306677393403,0,-0.0201140287698783
1998-05-05,71.32321428257472,-0.0994766693483507,1.5433300080450518,0,-0.0236768001107418
1998-05-06,71.32312901497811,0.05354666130329849,1.6964300080450518,0,-0.0348887730515923
1998-05-08,71.69100134234726,0.14673499597747386,1.4588416733708764,0,-0.0598232125842296
1998-05-11,69.22552681182088,0.11774666130329847,3.6467133547868054,0,-0.0365559912344144
1998-05-12,72.13455156958966,0.11255832662912313,1.0258416733708766,0,-0.0197567020977218
1998-05-13,72.38021189964067,0.11255832662912313,0.8049533386967014,1,0.0232179904320487
1998-05-14,72.45254038452991,0.2620816572807725,0.8894416733708765,1,0.0027673647370074
1998-05-15,72.52123215721295,0.11726999195494775,0.6828650040225259,1,0.027717862220953
1998-05-18,70.99596127299654,0.048534995977473905,1.9855950120675778,1,0.0056546378325943
1998-05-19,72.74614722994856,0.3022816572807725,0.6656416733708768,1,0.004269899295302
1998-05-20,72.91505643366091,0.34318165728077255,0.554665004022526,0,-0.0162088124098225
1998-05-21,71.91744747396376,0.03293499597747396,1.141430008045052,0,-0.0194572622645517
1998-05-22,72.76906488731235,0.03293499597747396,0.37568833467417534,0,-0.0321109888827352
1998-05-25,68.02599827810452,-0.006788334674175389,4.600748350764279,0,-0.0431269925179248
1998-05-26,53.33106826926861,0.0,17.820653419147227,0,-0.038111274030125
1998-05-27,51.194887533851876,0.0,19.74142510056316,0,-0.0346936459525941
1998-05-28,49.654641583898304,0.0,21.126355108608216,0,-0.0534217651298464
1998-05-29,55.72155070908038,0.0,15.671223411102165,0,-0.027898139860063
1998-06-01,55.811347330338876,0.0,15.590481737731292,0,-0.0257132993875069
1998-06-02,54.25989464137132,0.0,16.985488415124696,0,-0.0259316105100888
1998-06-03,54.34640671543971,0.0,16.907700080450518,0,-0.0652416086235186
1998-06-04,52.60430605926082,0.0,18.474130088495574,0,-0.0316042227762362
1998-06-05,55.87133098195485,0.0,15.536546741753815,0,-0.0312844977456333
1998-06-08,55.20473593231503,0.0,16.13592341110217,0,-0.0075131833507832
1998-06-09,54.44263339031753,-0.07828833467417534,16.742888415124696,0,-0.0243120508741802
1998-06-10,58.48468028272678,0.4590283185840711,13.64575172968624,0,-0.0490602182857631
1998-06-11,51.64193731146873,0.40632831858407115,19.74578342719229,0,-0.0547840630350355
1998-06-12,54.49809615932869,0.3656399839098958,17.13694674175382,1,0.0054938140385917
1998-06-15,58.17753673661126,0.4720983105390191,13.934993403057115,1,0.0420254585485082
1998-06-16,57.48301382015506,0.4720983105390191,14.559481737731291,1,0.0034551820920819
1998-06-17,59.992156812675404,0.40446331456154516,12.23572172164119,0,-0.1038255959397425
1998-06-18,53.51516566297326,0.40597497988736986,18.0610950925181,0,-0.0880054388602753
1998-06-19,57.15678214280718,0.40597497988736986,14.786693403057116,0,-0.0052147778391659
1998-06-22,68.65079878447416,0.9261266291230904,4.971866693483506,1,0.0573445915644794
1998-06-23,68.99256160113005,0.879938294448915,4.6183783588093315,1,0.0541814221497466
1998-06-24,64.87598045042165,0.9581799678197919,8.398091713596138,1,0.0437192793002207
1998-06-25,63.87990809692015,0.9581799678197919,9.293721721641194,1,0.0101399096992855
1998-06-26,66.19322237758331,0.4521866452131945,6.707685036202736,1,0.0191798443487903
1998-06-29,68.7845789909956,0.6553516492357205,4.58080168946098,0,-0.031249198653335
1998-06-30,67.48853460625,0.6553516492357205,5.746155028157682,0,-0.0446279678576896
1998-07-01,65.76931823407335,0.5367166532582467,7.1733733708769085,0,-0.0267815533225161
1998-07-02,66.19084794790933,0.5367166532582467,6.794350040225264,1,0.0052043921004815
1998-07-03,69.07949446586679,0.5848283185840714,4.245101689460981,1,0.0472793640445205
1998-07-06,66.45546667360497,0.9074749798873699,6.927173370876912,1,0.0465373579284115
1998-07-07,65.48793758096981,0.9074749798873699,7.797138374899437,1,0.0582362605928402
1998-07-08,65.34331210562365,0.7720216411906686,7.791726709573612,1,0.0211692474282185
1998-07-09,65.33868000830468,0.8866099758648439,7.910480048270316,1,0.0065339373713559
1998-07-10,71.12673492437686,0.9083099758648439,2.7277833467417536,0,-0.0089672912647888
1998-07-13,66.83211753714988,0.9863449718423177,6.667373370876909,1,0.0403428005526632
1998-07-14,68.38263416148375,1.032979967819792,5.319843362831857,1,0.0341444538932291
1998-07-15,64.93836081044354,0.48841665325824646,7.872238374899434,1,0.0060553374331455
1998-07-16,59.386807697183784,0.48841665325824646,12.863981737731294,0,-0.0391509979398996
1998-07-17,68.83585640047366,0.3081816572807725,4.187525020112631,0,-0.035851601044853
1998-07-20,67.94391439280034,-0.4595300080450522,4.221813354786805,0,-0.0448890552708274
1998-07-21,64.84957997410056,-0.006788334674175389,7.456861705551085,0,-0.0481637420802536
1998-07-22,65.26817918469172,-0.14986500402252606,6.937396701528559,0,-0.0711809467988923
1998-07-23,64.24663866164444,-0.013076669348350722,7.992715044247787,0,-0.0185245488385711
1998-07-24,66.16194697471215,0.11291166532582464,6.396531697506035,1,0.0191076617180347
1998-07-27,64.38389059249361,-0.6585950120675783,7.2237850362027345,1,0.0363041042002407
1998-07-28,65.58531165528011,0.0,6.802108366854383,1,0.0153087673128853
1998-07-29,63.98646852451576,0.0,8.23972670957361,0,-0.0345507154633709
1998-07-30,59.38117654636644,0.0,12.380628399034592,0,-0.0287163521411826
1998-07-31,65.35477652635674,0.0,7.009396701528559,0,-0.026050362345867
1998-08-03,61.617574712812484,0.0,10.369745052292838,0,-0.0035936458854122
1998-08-04,63.77816336486837,0.0,8.427026709573612,0,-0.0118219775617703
1998-08-05,63.444126257725564,0.0966233306516493,8.824003378921962,0,-0.0321380250775349
1998-08-06,61.75699161746604,0.0966233306516493,10.341010056315364,0,-0.0409835510019063
1998-08-07,65.32676339194373,0.0966233306516493,7.131208366854384,0,-0.0403893931138336
1998-08-10,65.6054211187428,0.07124666130329849,6.855273370876907,0,-0.0074243630579912
1998-08-11,64.29870012143653,0.19985832662912317,8.158838374899434,0,-0.0027736063083071
1998-08-12,62.396005417990764,0.19436999195494786,9.864180048270311,0,-0.0064736469629196
1998-08-13,64.84708690346844,0.2228583266291232,7.68875004022526,0,-0.0467029200760222
1998-08-14,67.57360831527812,0.27016999195494784,5.284478358809331,0,-0.0303124712035419
1998-08-17,67.67972567347341,0.27825164923572043,5.197143362831857,1,0.0164228266713606
1998-08-18,67.00022971698945,0.27825164923572043,5.808120032180209,1,0.0272544862797963
1998-08-19,68.72320144233046,-0.031125020112630297,3.9495133547868058,1,0.0253237724183694
1998-08-20,67.66394615761952,-0.05371335478680561,4.879366693483507,1,0.0036768971678943
1998-08-21,68.70432088803847,-0.1476900241351563,3.8499250201126296,1,0.0253923273889582
1998-08-24,66.37940323535413,0.2088166532582465,6.2969083668543835,0,-0.0116987763814699
1998-08-25,65.94701340020542,0.2088166532582465,6.68569670152856,0,-0.0221496850221892
1998-08-27,62.836956907201646,0.41510997586484366,9.688433386967015,0,-0.0501273162351892
1998-08-28,67.06752759262334,0.4788749798873697,5.948231697506034,0,-0.0086273654541943
1998-08-31,63.18530179179653,0.3232516492357205,9.283356717618666,0,-0.0074739203283212
1998-09-01,65.42436168513875,0.4619099758648437,7.408738374899436,1,0.0375694517312343
1998-09-02,65.57867581417682,0.40707497988736974,7.215150040225261,1,0.0515840533000243
1998-09-03,66.44409682564171,0.3597633145615451,6.389685036202736,1,0.0612880731422293
1998-09-04,68.51195280587945,0.19341665325824653,4.364001689460982,1,0.0419246754381875
1998-09-07,63.059905367372856,-0.006788334674175389,9.066068382944486,1,0.0226256517033221
1998-09-08,64.07111589556075,-0.006788334674175389,8.15682670957361,0,-0.000277831802415
1998-09-09,69.07265292675231,-0.006788334674175389,3.6596366854384548,1,0.0185302160792844
1998-09-10,64.40720676179377,-0.006788334674175389,7.854626709573612,1,0.0146594901778092
1998-09-11,72.75400455397858,0.25518165728077247,0.6114766693483507,1,0.0163160934078471
1998-09-14,69.56045363667708,0.3256933226065971,3.553506677393403,0,-0.0113625170898225
1998-09-15,69.56045363667708,0.3256933226065971,3.553506677393403,0,-0.0210164392543921
1998-09-16,73.09465522349272,0.3256933226065971,0.37568833467417534,0,-0.0185415310682775
1998-09-17,72.84349347821212,0.0998583266291232,0.37568833467417534,0,-0.0142199535555934
1998-09-18,72.84349347821212,0.0998583266291232,0.37568833467417534,1,0.0067425921411645
1998-09-21,72.3239576540715,0.0,0.7429766693483506,1,0.0404966659020601
1998-09-22,72.3239576540715,0.0,0.7429766693483506,1,0.0411585218952527
1998-09-23,72.3239576540715,0.0,0.7429766693483506,1,0.0219549580646883
1998-09-24,72.04295699203081,-0.028988334674175387,0.9666533386967013,0,-0.0286477924332995
1998-09-25,72.03180957349589,0.0,1.005665004022526,0,-0.0326133583680888
1998-09-28,72.07498682971284,0.1163116653258246,1.0831533386967014,0,-0.0986296177387546
1998-09-29,71.76949298343638,0.1163116653258246,1.3578416733708767,0,-0.0714610025705855
1998-09-30,71.65182781584056,0.1163116653258246,1.4636416733708768,0,-0.0345133176113952
1998-10-05,72.07498682971284,0.1163116653258246,1.0831533386967014,1,0.0085273211690304
1998-10-06,72.66254713825145,0.2773349959774739,0.7158650040225261,1,0.0039531573444999
1998-10-07,72.50537480000642,0.10952333065164921,0.6893766693483507,0,-0.0449770259296702
1998-10-08,72.34656018816634,-0.006788334674175389,0.7158650040225261,0,-0.0374886213082299
1998-10-09,72.04872718360907,-0.006788334674175389,0.9836650040225261,0,-0.0065577879533339
1998-10-12,72.04872718360907,-0.006788334674175389,0.9836650040225261,0,-0.0001794848788808
1998-10-13,72.04872718360907,-0.006788334674175389,0.9836650040225261,1,0.0274734260364158
1998-10-14,72.04872718360907,-0.006788334674175389,0.9836650040225261,0,-0.0146885850819199
1998-10-15,71.0845475059579,-0.006788334674175389,1.8506183427192275,0,-0.0327818450331576
1998-10-16,72.04872718360907,-0.006788334674175389,0.9836650040225261,0,-0.0337988685659357
1998-10-19,72.04872718360907,-0.006788334674175389,0.9836650040225261,0,-0.0168631922728467
1998-10-20,75.4899346590291,3.8034782783588086,1.6997300080450521,1,0.0442044214862189
1998-10-22,73.43915385053903,3.996401609010458,3.7366366854384543,1,0.0362972340317857
1998-10-23,74.47718752464554,3.7575316170555095,2.5644066773934027,1,0.0199861303703711
1998-10-26,73.37322392483676,3.7029199517296854,3.5024366854384548,0,-0.015499565132861
1998-10-27,74.60575173423038,3.70243161705551,2.3937066773934026,0,-0.0152656441125704
1998-10-28,72.1276488310669,0.525863314561545,1.4453533386967012,0,-0.0118830001581164
1998-10-29,72.22754559151247,0.6421749798873696,1.4718416733708766,0,-0.0109336919352943
1998-10-30,72.50170838282428,1.2576916331456158,1.8408416733708768,0,-0.0096378985166546
1998-10-31,72.50170838282428,1.2576916331456158,1.8408416733708768,1,0.0062305497506359
1998-11-02,72.81224026460009,0.7774216411906684,1.0813533386967014,1,0.0211546350429013
1998-11-03,72.66182607680211,0.6421749798873696,1.0813533386967014,1,0.0519235014177107
1998-11-05,73.51660939638266,0.7050983105390188,0.37568833467417534,1,0.0465967616057672
1998-11-06,73.43907976704479,0.6353866452131942,0.37568833467417534,1,0.032816678605522
1998-11-09,73.09831788281647,0.5190749798873696,0.5657766693483507,1,0.0081778847838292
1998-11-10,73.02224701832162,0.5190749798873696,0.6341766693483507,0,-0.0016705554160158
1998-11-11,72.3408733852555,0.5190749798873696,1.2468416733708767,0,-0.0156597562699624
1998-11-12,72.94639858325516,0.5190749798873696,0.7023766693483506,0,-0.013570296308207
1998-11-13,70.95184795214587,0.1914816572807727,2.168206677393403,1,0.0089537417323072
1998-11-16,71.05258253606974,0.21166999195494807,2.0978183427192274,1,0.0113343652880277
1998-11-17,71.2797293293328,-0.035776669348350776,1.646130008045052,0,-0.0023865665159233
1998-11-18,70.9387579892349,0.02272333065164922,2.0112183427192276,0,-0.0203764734182897
1998-11-19,70.50500763039858,0.0,2.378506677393403,0,-0.0204952726218334
1998-11-20,69.292511443115,0.0,3.4687366854384556,0,-0.0190627646904462
1998-11-21,70.41261415003774,0.0690116653258247,2.5305950120675784,0,-0.0391880568168993
1998-11-23,70.47554870470131,0.0,2.4049950120675785,0,-0.0422954607157098
1998-11-24,71.01403737717176,0.09261166532582465,2.013418342719227,0,-0.0373999778758004
1998-11-26,70.57854650358496,0.09261166532582465,2.4049950120675785,0,-0.0081598309284839
1998-11-27,69.2960499141658,0.4265583266291232,3.8921133547868054,1,0.0051562326503628
1998-11-28,70.22451669500843,0.4265583266291232,3.0572716814159295,1,0.0126227166181865
1998-11-30,70.60490439084413,0.1163116653258246,2.4049950120675785,0,-0.0008563739207001
1998-12-01,70.13749489428947,0.1163116653258246,2.825271681415929,1,0.0142251638853982
1998-12-02,70.6343633165414,0.1163116653258246,2.378506677393403,1,0.0288083296126168
1998-12-03,70.6343633165414,0.1163116653258246,2.378506677393403,1,0.043059254993886
1998-12-04,70.04610234635622,0.10952333065164921,2.9006600160901046,1,0.033476922791921
1998-12-07,73.03130175709002,0.26872831858407104,0.37568833467417534,1,0.0225214982365442
1998-12-08,73.13193809985847,0.35921665325824637,0.37568833467417534,1,0.0197336641569502
1998-12-09,72.6038906369616,0.27599332260659715,0.7672650040225261,1,0.0081970054641847
1998-12-10,71.03507547902414,0.27599332260659715,2.1778833467417535,0,-0.0226398274284938
1998-12-11,71.44010649448612,0.27599332260659715,1.813695012067578,0,-0.0214349933637844
1998-12-14,72.54732126812348,0.25161665325824645,0.7937533386967014,0,-0.0393828383837963
1998-12-15,72.98281214171027,0.25161665325824645,0.40217666934835067,0,-0.0117245800758626
1998-12-16,73.58518252810754,1.158333306516493,0.7672650040225261,1,0.0090598860343323
1998-12-17,73.58005367769677,1.1537216411906681,0.7672650040225261,1,0.0320610554278541
1998-12-18,74.03575225590166,1.5634683024939666,0.7672650040225261,1,0.0277484005500648
1998-12-21,73.60375538537454,1.5688099758648435,1.1610416733708766,1,0.0020925373829423
1998-12-22,74.03924625896134,1.5688099758648435,0.7694650040225259,1,0.0259635227130603
1998-12-23,72.38051029149246,1.846033306516493,2.5381600160901034,1,0.0161149413924065
1998-12-24,71.56395888647013,1.5067983105390192,2.9331366854384546,1,0.0441285645233686
1998-12-28,74.25367377520308,2.1531916331456165,1.1610416733708766,1,0.0049883896878195
1998-12-29,74.66333688798403,2.1299683024939675,0.7694650040225259,1,0.0205853763123669
1998-12-30,74.01190041283337,1.909309975864844,1.1345533386967013,0,-0.0023918798776565
1998-12-31,74.58398890254307,2.0321333065164926,0.7429766693483506,1,0.0256231048878976
1999-01-01,73.18810153051622,0.7770049879324218,0.7429766693483506,1,0.0411811576739768
1999-01-04,73.4800661023398,0.6722399839098957,0.37568833467417534,1,0.0614498286561558
1999-01-05,72.77108527304104,0.5559283185840711,0.8968650040225261,1,0.0873925139303158
1999-01-06,72.8815863520094,0.7425749798873695,0.9841533386967014,1,0.0599494997220657
1999-01-07,72.69007461420223,-0.0380900241351565,0.37568833467417534,1,0.0101608356662616
1999-01-08,73.35071041619699,0.5559283185840711,0.37568833467417534,0,-0.0295729430414895
1999-01-11,73.38511468355298,0.6133516492357204,0.40217666934835067,0,-0.0318010666736297
1999-01-12,73.38511468355298,0.6133516492357204,0.40217666934835067,0,-0.0317604048713393
1999-01-13,67.92505978562589,0.1697699919549479,4.868066693483507,0,-0.0171034020737336
1999-01-14,66.28016078963483,0.1697699919549479,6.34709670152856,0,-0.0326292352116308
1999-01-15,64.30424045734246,0.6410749798873701,8.595073370876907,1,0.034607713501673
1999-01-18,62.3156675947518,0.6347166532582466,10.37676339501207,1,0.0127765349035385
1999-01-19,63.68869850882317,0.9753399839098958,9.482810056315364,1,0.0274311452210266
1999-01-21,62.90582476239274,0.6933866452131947,9.904786725663714,1,0.0042300811077019
1999-01-22,60.01305211590847,2.858311584875304,14.6707817377313,0,-0.0020395896514267
1999-01-25,63.278225309137866,2.3606649235720054,11.237216733708769,1,0.0171194160052849
1999-01-27,65.8522064800215,2.328541592920356,8.890668382944488,0,-0.0325959434068012
1999-01-28,67.60805884008161,2.364518262268707,7.3478500402252624,0,-0.0253419700635185
1999-01-29,69.04272865292278,2.5366765888978304,6.230008366854383,0,-0.0143857375075986
1999-02-01,68.83115934588801,2.318541592920356,6.202108366854384,0,-0.0004787616124641
1999-02-02,68.64677089710274,2.588623250201128,6.6379850362027355,1,0.0054618609676699
1999-02-03,69.4250125462142,1.7448582461786017,5.0944550281576815,0,-0.0384230473329479
1999-02-04,65.43306416941824,2.3426532582461808,9.281656717618663,0,-0.0160372446764559
1999-02-05,71.18002153548125,2.3426532582461808,4.114213354786806,1,0.024424265670908
1999-02-08,63.3282516201861,0.4959633145615453,9.32753338696701,1,0.0464232991591657
1999-02-09,65.32345101870686,0.45796331456154526,7.495526709573613,1,0.0480303395364523
1999-02-10,66.52315196654567,0.1214699919549479,6.080308366854384,0,-0.0051201783750831
1999-02-11,65.84111104519448,0.1214699919549479,6.69357337087691,0,-0.00119857227929
1999-02-12,62.78388342035244,0.1970933226065973,9.518138374899433,0,-0.001237560102259
1999-02-15,62.542167499532596,0.20945832662912323,9.747845052292835,1,0.0196064371842512
1999-02-16,64.04594799679596,0.07344666130329858,8.259691713596135,1,0.0179831220719902
1999-02-17,57.36944507611012,0.0,14.189500080450523,0,-0.01580978376523
1999-02-18,54.6670702308349,-0.028988334674175387,16.590383427192283,0,-0.0247529667666741
1999-02-19,50.26670250291667,0.0,20.576013435237332,0,-0.0192875494829555
1999-02-22,54.95518120833872,-0.13343000804505212,16.226883427192295,1,0.0004716610416814
1999-02-23,59.68142290127398,0.0919349959774739,12.202593403057122,0,-0.0089378388050376
1999-02-24,60.90859943082849,0.0919349959774739,11.099163395012068,1,0.0243958564637777
1999-02-25,57.9455632426476,0.08564666130329857,13.757123411102175,1,0.0624536709439365
1999-02-26,63.22308330018327,0.0919349959774739,9.018068382944492,1,0.1111501407268307
1999-02-27,63.0932104611459,-0.01973000804505215,9.023180048270316,1,0.0592509499079624
1999-03-01,62.53190237246707,0.05842831858407094,9.606045052292842,1,0.0373428245906289
1999-03-03,66.07991498364304,0.054816653258246306,6.412196701528561,1,0.0190688232821558
1999-03-04,64.1377390566656,-0.02651834271922754,8.077191713596141,1,0.0350582009775797
1999-03-05,67.4866643559118,0.029369991954947827,5.121855028157683,1,0.0228763550276205
1999-03-08,62.265902723281066,-0.02769501206757824,9.759098390989537,0,-0.0117278634642793
1999-03-09,65.08568138604741,0.029369991954947827,7.280726709573613,0,-0.0052998729354754
1999-03-10,66.00063929223992,-0.11845333869670144,6.310208366854386,0,-0.0045522189351216
1999-03-11,59.010661012974666,-0.07873000804505209,12.635051729686243,0,-0.0061058052665469
1999-03-12,61.317484040610225,-0.21260667739340278,10.426968382944489,0,-0.0112502944441551
1999-03-15,62.45033009274263,0.04460498793242201,9.665568382944487,1,0.0006050592444487
1999-03-16,61.52347963837753,-0.06374167337087677,10.390610056315364,1,0.0092153484081685
1999-03-17,65.9047592350634,-0.034753338696701386,6.480120032180209,0,-0.0002828854332869
1999-03-18,52.23640035853011,-0.11166500402252605,18.69327176186646,0,-0.010853399952773
1999-03-19,55.61261773073998,0.8560933226065974,16.625265084473057,1,0.0094108426829664
1999-03-20,64.89683137513641,1.0208633145615456,8.442026709573613,1,0.0023078926005858
1999-03-22,62.65894294941502,-0.009818342719227269,9.423568382944492,0,-0.0076491236541848
1999-03-23,59.926612425350754,0.023581657280772717,11.91377506033789,0,-0.0299899497414501
1999-03-24,64.71279884922563,-0.05577666934835068,7.530861705551084,0,-0.0077453867892891
1999-03-25,60.537685385500325,-0.11166500402252605,11.229075060337891,1,0.021707877894798
1999-03-26,59.40421096575918,0.0,12.35991673370877,1,0.0210964254795015
1999-03-30,56.462109090960496,0.07574666130329855,15.081088415124698,0,-0.0418260384504866
1999-03-31,59.23799686230454,0.2336466613032986,12.743016733708767,0,-0.0512420335541113
1999-04-01,59.43658742114252,0.2268583266291232,12.557663395012067,0,-0.0309406395142789
1999-04-05,62.19095143217195,0.2268583266291232,10.08104505229284,1,0.0088101960292122
1999-04-06,60.646701752508136,0.2268583266291232,11.469575060337888,0,-0.0305336963551998
1999-04-07,56.6603400585384,0.21178165728077258,15.038881737731288,0,-0.0323793224107662
1999-04-08,60.92840119726621,0.44578664521319467,11.435210056315363,0,-0.0259123005872947
1999-04-09,63.5701769968755,0.466309975864844,9.080350040225259,0,-0.0252816727041213
1999-04-12,66.91649058453142,0.3630449718423178,5.968208366854382,1,0.0452920530211566
1999-04-13,65.3440776350641,0.34252164119066847,7.361538374899436,0,-0.0278418962794925
1999-04-15,64.48766501544728,0.6088333065164934,8.397903378921962,1,0.0257848680048309
1999-04-16,67.05343669728481,0.09751665325824671,5.579543362831858,0,-0.0481010436322116
1999-04-17,67.05767582998217,0.05682831858407139,5.535043362831858,1,0.030252867360467
1999-04-19,66.68289521677548,0.16041665325824672,5.975620032180208,0,-0.0124017686292018
1999-04-20,65.16697191586442,0.1865749798873701,7.364838374899437,0,-0.0135533580699878
1999-04-21,66.05406682303442,0.23276331456154548,6.613385036202733,0,-0.067764508689763
1999-04-22,63.65797730059367,0.23977497988737012,8.77486838294449,0,-0.039638464536153
1999-04-23,68.17037904529037,0.2956633145615455,4.773378358809333,0,-0.0158065489434821
1999-04-26,68.55182511510353,0.6479449718423179,4.7826783588093305,1,0.0490790016262454
1999-04-28,65.32050011565926,0.4734216411906687,7.513638374899435,1,0.0284726038031717
1999-04-29,64.52479775642253,0.46640997586484406,8.222091713596141,1,0.042285851174867
1999-04-30,68.74586884421913,0.7486216411906688,4.708878358809331,1,0.0414024843554999
1999-05-03,68.74124972045894,0.6851683024939672,4.649578358809331,1,0.0755674856265489
1999-05-04,70.34486944714516,2.5887699115044263,5.111266693483507,1,0.0526856899536853
1999-05-05,66.10863423754459,2.6655932421560764,8.997150040225257,1,0.0706621491689687
1999-05-06,61.077185995555084,2.8265399034593743,13.682181737731293,1,0.0638696887029307
1999-05-07,71.78903143136739,3.343539903459375,4.567501689460981,1,0.0441694760481405
1999-05-10,66.91010490943039,3.0397748994368485,8.65068004827031,1,0.0480848994700405
1999-05-11,67.89145057374064,2.960986564762673,7.689503378921961,1,0.0432706071232832
1999-05-12,65.99537685891022,3.068763234111024,9.50215671761866,1,0.036242255344784
1999-05-13,60.04578637309549,0.8054449718423178,12.588481737731293,1,0.0104409049856098
1999-05-14,68.9848173707434,0.6273099758648437,4.372713354786805,1,0.0127048093618566
1999-05-17,63.59371559560402,0.41552831858407113,9.008403378921964,1,0.0129379068796009
1999-05-18,61.61717986926168,0.5656633145615453,10.935763395012067,0,-0.0124025874298976
1999-05-19,62.953372765824,0.5656633145615453,9.734310056315366,0,-0.0245740006883754
1999-05-20,62.57526868475084,0.5656633145615453,10.074286725663724,0,-0.0057582557800976
1999-05-21,65.25123374853179,0.5331516492357207,7.635650040225261,0,-0.0090736371098651
1999-05-24,63.6637215450544,0.5331516492357207,9.063080048270313,0,-0.0536451923176492
1999-05-25,64.29016808287749,0.5331516492357207,8.49980337892196,0,-0.0702434376388504
1999-05-26,65.38747177339462,0.5331516492357207,7.513150040225257,0,-0.0028221202256193
1999-05-27,72.00606520135746,0.36602831858407114,1.3948416733708766,1,0.0292087122577261
1999-05-28,72.06776342060634,0.39501665325824653,1.3683533386967013,1,0.0395673936906416
1999-05-31,73.06204336512226,0.29636999195494784,0.37568833467417534,1,0.0038343774253614
1999-06-01,74.204668885858,1.3502633145615457,0.40217666934835067,1,0.0274278333840992
1999-06-02,74.2041257858459,1.3232866452131948,0.37568833467417534,1,0.0276115358633243
1999-06-03,74.33670669869976,1.4689866452131946,0.40217666934835067,1,0.0365388720717014
1999-06-04,74.18510806972219,1.3061866452131947,0.37568833467417534,1,0.0070311947170579
1999-06-07,72.50044055297725,0.30935164923572067,0.8936416733708767,1,0.0051309803201706
1999-06-08,73.07926124601643,0.33833998390989606,0.40217666934835067,0,-0.0319306701094543
1999-06-09,73.15338213989125,0.37849831053901917,0.37568833467417534,0,-0.0317043278209511
1999-06-10,73.03109230122044,0.2950283185840712,0.40217666934835067,0,-0.0368838620262684
1999-06-11,73.27409645169004,0.4870399839098959,0.37568833467417534,1,0.0054584096572768
1999-06-14,72.7335929408057,0.36832831858407133,0.7429766693483506,1,0.042945924268124
1999-06-15,72.22260024985371,0.30283998390989597,1.1369533386967015,1,0.0476207847639557
1999-06-16,73.76591941219863,1.296556637168142,0.7429766693483506,1,0.046084437615984
1999-06-17,73.76591941219863,1.296556637168142,0.7429766693483506,1,0.0317513548333453
1999-06-18,73.56191270572768,1.1131216411906681,0.7429766693483506,1,0.015201069634288
1999-06-21,71.91745856859333,1.2133333065164926,2.3218183427192276,0,-0.0176208620263891
1999-06-22,73.3577743847398,1.323544971842317,1.1369533386967015,0,-0.0311989507994965
1999-06-23,73.81240716272326,1.338356637168142,0.7429766693483506,0,-0.0007965288533992
1999-06-24,73.75070894347438,1.3093683024939664,0.7694650040225259,1,0.0084296208508412
1999-06-25,73.81240716272326,1.338356637168142,0.7429766693483506,1,0.0090498355199178
1999-06-28,73.64013557046815,1.2099449718423174,0.7694650040225259,0,-0.0075777073892361
1999-06-29,74.54151042904348,1.6531382944489148,0.40217666934835067,1,0.0054831353496826
1999-06-30,74.56360323648774,1.6465149637972654,0.37568833467417534,1,0.035198736965893
1999-07-01,74.91503430703274,1.9889966210780377,0.40217666934835067,1,0.0478963039627923
1999-07-02,74.94449323273001,1.9889966210780377,0.37568833467417534,1,0.0375625245046973
1999-07-05,75.1136248658707,2.1675616251005643,0.40217666934835067,1,0.0111547856713681
1999-07-06,75.06100733250777,2.1202499597747395,0.40217666934835067,1,0.0102195058334835
1999-07-07,75.0131720318543,2.0507499597747394,0.37568833467417534,1,0.0560119822337789
1999-07-08,75.22729185107106,2.269766613032986,0.40217666934835067,1,0.0603574321184366
1999-07-09,75.15008289231695,2.173854947707161,0.37568833467417534,1,0.0627052028801841
1999-07-12,74.37139826327798,1.473691633145616,0.37568833467417534,1,0.0017850026577323
1999-07-13,73.65398551550477,1.195909975864843,0.7429766693483506,1,0.0021166428887437
1999-07-14,73.65398551550477,1.195909975864843,0.7429766693483506,1,0.0107646071587081
1999-07-15,73.36185040848791,1.1304216411906678,0.940165004022526,0,-0.0022792898486479
1999-07-16,73.59515293170685,1.1430099758648433,0.7429766693483506,1,0.0119352865539809
1999-07-19,71.00083432061741,0.4516399839098958,2.3843183427192276,0,-0.0002964280442632
1999-07-20,71.13279983942132,0.5967866452131944,2.4108066773934027,1,0.021260184045716
1999-07-21,71.10517966962992,0.5454633145615451,2.3843183427192276,0,-0.0105015404586936
1999-07-22,71.04348145038104,0.5164749798873697,2.4108066773934027,0,-0.0295991973651544
1999-07-23,70.91151593157713,0.3713283185840711,2.3843183427192276,0,-0.0171611954615609
1999-07-26,71.2677292348316,0.7181099758648437,2.4108066773934027,0,-0.0003393857151191
1999-07-27,71.34792801730964,0.7902216411906684,2.4108066773934027,1,0.0002290076345887
1999-07-28,71.25278011621202,0.9667566371681424,2.6728950120675785,0,-0.02337539853435
1999-07-29,71.97612061719798,0.9877799678197917,2.043518342719227,0,-0.0311429937266413
1999-07-30,71.73613966381383,0.7455099758648437,2.017030008045052,1,0.012326870924101
1999-08-02,71.98385375295506,0.994733306516493,2.043518342719227,1,0.02579652402664
1999-08-03,71.98385375295506,0.994733306516493,2.043518342719227,1,0.0244069228446426
1999-08-04,71.83011609729061,0.8300099758648438,2.017030008045052,1,0.0010172749214779
1999-08-05,71.73072906349563,0.7671333065164931,2.043518342719227,0,-0.0102923374906746
1999-08-06,71.38642870821651,0.4310633145615452,2.017030008045052,0,-0.0011397744480723
1999-08-09,71.3353162866169,0.38510498793242176,2.017030008045052,0,-0.0138403953547419
1999-08-10,71.3353162866169,0.38510498793242176,2.017030008045052,0,-0.0137609797570083
1999-08-11,71.30196484592356,0.3551166532582464,2.017030008045052,0,-0.0041139780711296
1999-08-12,70.98700477538354,0.4392049879324218,2.3843183427192276,1,0.010029717084235
1999-08-13,70.98700477538354,0.4392049879324218,2.3843183427192276,1,0.0538696067015682
1999-08-16,70.93438724202059,0.39189332260659715,2.3843183427192276,1,0.0264432146323362
1999-08-17,71.00061189118905,0.47792831858407103,2.4108066773934027,1,0.0184274877298003
1999-08-18,74.73598604345703,2.1688032984714405,0.7429766693483506,1,0.0046468315078866
1999-08-19,74.60806317503969,2.053779967819791,0.7429766693483506,1,0.0276079345707901
1999-08-20,74.60806317503969,2.053779967819791,0.7429766693483506,1,0.0179118049391517
1999-08-23,73.29578144202472,1.5360683024939665,1.4052183427192273,1,0.0236646206560759
1999-08-24,74.17266123743511,2.0583482703137594,1.1390416733708766,1,0.0248928089951775
1999-08-25,74.61314379960093,2.0583482703137594,0.7429766693483506,1,0.0364717885984608
1999-08-26,74.3188437187797,1.820213274336285,0.7694650040225259,1,0.006750780656336
1999-08-27,73.54865587600905,1.5858899436846357,1.227665004022526,0,-0.0048087215214504
1999-08-30,72.48373239873365,0.29432831858407127,0.8936416733708767,0,-0.0334144613762322
1999-08-31,72.61229660831849,0.28803998390989594,0.7717533386967014,0,-0.0265897722500523
1999-09-01,73.0597727239185,0.29432831858407127,0.37568833467417534,0,-0.0146384134140711
1999-09-02,73.13885935925478,0.36543998390989596,0.37568833467417534,1,0.0053640808550365
1999-09-03,73.13885935925478,0.36543998390989596,0.37568833467417534,1,0.0176976631523731
1999-09-06,73.0597727239185,0.29432831858407127,0.37568833467417534,1,0.0048078740671196
1999-09-07,72.64874908744993,0.29432831858407127,0.745265004022526,1,0.0056589982873056
1999-09-08,73.02642128322515,0.2643399839098959,0.37568833467417534,0,-0.020902910842769
1999-09-09,73.11774153712057,0.3464516492357206,0.37568833467417534,0,-0.0160199702561309
1999-09-10,72.5045036031666,0.3595283185840713,0.940165004022526,0,-0.0291017145719344
1999-09-14,71.66943866135634,0.034234995977473925,1.365730008045052,0,-0.0079480319510989
1999-09-15,72.23380144155294,0.06322333065164931,0.887265004022526,0,-0.0123329590132628
1999-09-16,72.39427130054686,0.06322333065164931,0.7429766693483506,0,-0.0004441483528488
1999-09-17,72.3239576540715,0.0,0.7429766693483506,1,0.019482436217256
1999-09-20,72.29449872837425,0.0,0.7694650040225259,1,0.029140077329644
1999-09-21,72.13652748732724,0.22753499597747395,1.1390416733708766,1,0.04463523906463
1999-09-22,72.57701004949308,0.22753499597747395,0.7429766693483506,1,0.0021974468036621
1999-09-23,72.26225943482264,-0.028988334674175387,0.7694650040225259,0,-0.013575276441711
1999-09-24,72.3239576540715,0.0,0.7429766693483506,1,0.0021573455344217
1999-09-27,73.90331593112349,1.079298310539019,0.40217666934835067,1,0.0168419024061419
1999-09-28,73.07612683421681,0.9317866452131944,0.9984416733708767,1,0.0172879752658741
1999-09-29,73.3810720331664,0.5832283185840713,0.37568833467417534,0,-0.0308533584642057
1999-09-30,75.97138127775798,2.912334915526953,0.37568833467417534,0,-0.0250438525284589
1999-10-01,75.8758218911652,2.8264115848753035,0.37568833467417534,0,-0.0075110335588722
1999-10-04,75.7787573928091,2.7391349155269524,0.37568833467417534,1,0.0686041540067768
1999-10-05,75.47903373811089,2.839211584875303,0.745265004022526,1,0.070793182496562
1999-10-06,75.99305517346309,2.9318232502011283,0.37568833467417534,1,0.0634968356682793
1999-10-07,75.96847672163072,2.909723250201128,0.37568833467417534,1,0.0095477431691033
1999-10-08,75.99529244130535,2.933834915526953,0.37568833467417534,1,0.0114601916325701
1999-10-11,71.39130354529378,2.323029927594531,3.9046133547868065,1,0.0141846349919563
1999-10-12,71.61218339388681,2.0830716009654076,3.4660483507642805,0,-0.0199434870328027
1999-10-13,69.34255806449318,0.015823330651649314,3.439560016090105,0,-0.0355437282972884
1999-10-14,69.62034647338162,0.06841166532582466,3.24237168141593,0,-0.0184727917494843
1999-10-15,68.13145577425878,0.002923330651649292,4.515636685438455,0,-0.0008253379195421
1999-10-18,67.9269708355696,0.17543499597747392,4.872013354786806,0,-0.009602411743447
1999-10-20,67.33016673219579,0.06841166532582466,5.301613354786806,0,-0.0190273721030205
1999-10-21,67.26846851294692,0.03942333065164927,5.328101689460981,0,-0.0188576719049195
1999-10-22,68.74622476709362,0.06841166532582466,4.02834835076428,0,-0.0111791925688421
1999-10-23,69.22454627919608,0.06841166532582466,3.598260016090105,0,-0.0268434963000473
1999-10-25,69.56886703427796,-0.006788334674175389,3.213460016090105,0,-0.0418830677066978
1999-10-26,71.22267618096167,-0.006788334674175389,1.7264183427192277,0,-0.0649180371766788
1999-10-27,71.56564938591468,-0.03677666934835078,1.3880416733708767,0,-0.105565219114093
1999-10-28,71.38125538981464,-0.006788334674175389,1.583830008045052,0,-0.0262987859084263
1999-10-29,71.526168162383,-0.07227666934835075,1.3880416733708767,1,0.0007164809779133
1999-11-01,71.59900082660805,-0.006788334674175389,1.3880416733708767,1,0.0512617978285469
1999-11-02,71.69500507205753,0.07953499597747393,1.3880416733708767,1,0.0239929929571015
1999-11-03,71.16084079988107,-0.006788334674175389,1.782018342719228,1,0.0320502210064471
1999-11-04,73.09026962379045,1.3341032984714403,1.3880416733708767,1,0.0254075705623314
1999-11-05,73.35502551131779,1.5721616251005637,1.3880416733708767,1,0.017831351467163
1999-11-07,73.00815979136868,1.5721616251005637,1.6999300080450523,1,0.0144972095394174
1999-11-09,72.73079029421939,1.578949959774739,1.9561183427192272,1,0.0017123603783354
1999-11-10,72.13216040849852,1.578949959774739,2.4943833467417535,0,-0.0191880296475684
1999-11-11,72.51148785142757,1.578949959774739,2.1533066773934024,0,-0.0231870180119404
1999-11-12,72.3839245742703,1.578949959774739,2.268006677393403,0,-0.0156287574703144
1999-11-15,72.6540651149983,1.647549959774739,2.0937066773934028,1,0.0011368013105662
1999-11-16,73.15596414650558,1.7869499597747387,1.7818183427192273,1,0.0030151515709212
1999-11-17,73.19119326378112,1.7921382944489141,1.755330008045052,1,0.0168656610040311
1999-11-18,73.12949504453225,1.7631499597747387,1.7818183427192273,1,0.0222537452528674
1999-11-19,74.74638090611028,2.1781499597747387,0.7429766693483506,1,0.0337877294328564
1999-11-22,75.09034761724686,2.5139199517296866,0.7694650040225259,1,0.0175509487379655
1999-11-24,74.18823317634862,2.271573290426388,1.3382650040225261,0,-0.0074111722149385
1999-11-25,75.25876006786743,2.271573290426388,0.37568833467417534,0,-0.023342053738872
1999-11-26,75.25876006786743,2.271573290426388,0.37568833467417534,0,-0.0077824195396931
1999-11-29,76.12145815302787,3.0472782783588093,0.37568833467417534,1,0.0173263686461112
1999-11-30,76.27482324387346,3.1851782783588094,0.37568833467417534,1,0.0299576829122126
1999-12-01,78.19625391353549,4.912854947707159,0.37568833467417534,1,0.0382162623128943
1999-12-02,77.73312989659851,4.496431617055509,0.37568833467417534,1,0.0254393536370311
1999-12-03,78.06503907168404,4.794871600965406,0.37568833467417534,1,0.014457745749997
1999-12-06,77.83750674004337,4.590283266291231,0.37568833467417534,1,0.003252147898179
1999-12-07,73.5213063614955,0.7093216411906684,0.37568833467417534,0,-0.003778363855103
1999-12-08,73.00892719973834,0.6158983105390192,0.7429766693483506,0,-0.007675438023189
1999-12-09,72.57859112367984,0.6534216411906685,1.1674416733708766,0,-0.0346510174632159
1999-12-10,73.05065866467105,0.6534216411906685,0.7429766693483506,0,-0.0269630215958759
1999-12-13,73.09849396532452,0.7229216411906685,0.7694650040225259,0,-0.0055841541493525
1999-12-14,73.60745141805984,1.180556637168142,0.7694650040225259,1,0.0149423376035146
1999-12-15,73.6691496373087,1.2095449718423175,0.7429766693483506,1,0.0149090000614126
1999-12-16,73.76526509747235,1.322456637168142,0.7694650040225259,1,0.0014077569721241
1999-12-17,73.74092204862708,1.2740799678197914,0.7429766693483506,1,0.0430262849094768
1999-12-20,73.55209986376285,1.1307866452131945,0.7694650040225259,1,0.0452873867902306
1999-12-21,72.42219174111926,0.7253049879324217,1.3799533386967013,1,0.0258979308811333
1999-12-22,72.60658573721929,0.6953166532582463,1.184165004022526,0,-0.034048178730032
1999-12-23,73.64298268504555,0.8187283185840709,0.37568833467417534,0,-0.0314983983054176
1999-12-24,73.45633844754447,0.6509049879324217,0.37568833467417534,1,0.0118215558986544
1999-12-27,72.55873003676305,0.8553633145615451,1.3872416733708768,1,0.0332041971124918
1999-12-28,71.51139512627147,0.5278049879324219,2.001406677393403,1,0.0989469821718186
1999-12-29,72.0119466076499,0.5433049879324219,1.5668300080450521,1,0.1043304191307382
1999-12-30,72.4474374812367,0.5433049879324219,1.1752533386967015,1,0.0750290822770318
2000-01-03,72.56743815783015,0.6512049879324219,1.1752533386967015,1,0.0158268616117291
2000-01-04,71.64863408356187,0.6512049879324219,2.001406677393403,0,-0.0156214738800801
2000-01-05,71.93380158426208,0.4730399839098959,1.5668300080450521,1,0.0230130171339589
2000-01-06,72.38641952383162,0.5149283185840713,1.2017416733708768,0,-0.0282768596916113
2000-01-07,71.49703545458428,0.5345933226065973,2.0211066773934023,1,0.0071029605940765
2000-01-10,71.66228012004369,0.7096633145615452,2.0475950120675774,0,-0.0070982214545325
2000-01-11,69.72716261429429,0.7033749798873699,3.7812900241351555,1,0.0314555313389824
2000-01-12,70.11869772866493,0.7386516492357206,3.464513354786805,0,-0.0081572569489827
2000-01-13,72.34021907052923,0.9276633145615453,1.6560183427192272,0,-0.0091075875043174
2000-01-14,72.08667546933066,1.0647749798873698,2.0211066773934023,1,0.0074288160898522
2000-01-17,63.45136264039084,0.29319332260659725,9.014066693483509,0,-0.0065365813091833
2000-01-18,61.781911139684944,0.29319332260659725,10.51517337087691,1,0.0086140649773354
2000-01-19,62.232056408425116,0.29319332260659725,10.110420032180212,0,-0.0130833493634283
2000-01-20,71.69743139596659,0.3496049879324219,1.655930008045052,0,-0.0092235948024224
2000-01-21,68.95781259500194,0.4328283185840711,4.202513354786806,0,-0.0103582876832925
2000-01-24,69.9228819903665,0.2999283185840712,3.2018600160901043,0,-0.0090267366746056
2000-01-25,69.40694395775579,0.24848165728077254,3.6143250201126302,0,-0.0256669903192118
2000-01-27,71.39167619958545,0.24848165728077254,1.829730008045052,0,-0.0345058651155294
2000-01-28,70.74479210147193,0.2762933226065972,2.4391950120675783,0,-0.0069656081583153
2000-01-31,71.95678410941973,0.40950498793242185,1.482630008045052,1,0.0328899592589684
2000-02-01,70.59982000842447,0.40950498793242185,2.7027600160901044,1,0.0319150687917666
2000-02-02,71.58430008453435,0.18518165728077263,1.593230008045052,1,0.0301455562862003
2000-02-03,72.13695194638117,0.3170166532582466,1.2281416733708768,1,0.0397825910191876
2000-02-04,72.2918221489901,0.3072816572807725,1.0791533386967014,1,0.0546740398575446
2000-02-07,70.10488858323382,0.17805832662912324,2.916336685438454,1,0.0445739596749145
2000-02-08,72.14566006744826,0.17805832662912324,1.0813533386967014,1,0.0545656370305313
2000-02-09,71.738515972417,0.17705832662912324,1.4464416733708767,1,0.0319465747497145
2000-02-10,72.17789936099986,0.20704666130329863,1.0813533386967014,0,-0.0050677516001525
2000-02-11,71.77186741311034,0.20704666130329863,1.4464416733708767,0,-0.0259020566571373
2000-02-14,69.97625950585511,0.2922583266291232,3.146195012067578,0,-0.0013766995807149
2000-02-15,69.81169510223953,0.0,3.0019066773934027,1,0.0089172751640811
2000-02-16,69.21306521651863,0.0,3.540171681415929,1,0.0244773520423081
2000-02-17,69.81169510223953,0.0,3.0019066773934027,0,-0.0017522949487544
2000-02-18,69.81169510223953,0.0,3.0019066773934027,0,-0.0125360437316886
2000-02-21,70.25693949731206,0.033058326629123114,2.6346183427192273,0,-0.0123369804578523
2000-02-22,70.21262414683582,-0.006788334674175389,2.6346183427192273,0,-0.0165824933258822
2000-02-23,70.21262414683582,-0.006788334674175389,2.6346183427192273,1,0.0152973924422834
2000-02-24,69.91596815721418,0.06484666130329853,2.972995012067578,0,-0.045596654535124
2000-02-25,69.97766637646305,0.09383499597747391,2.946506677393403,1,0.001314578866846
2000-02-28,72.713791174368,-0.016765004022526064,0.37568833467417534,0,-0.0152089738094725
2000-02-29,71.96945703952076,-0.013076669348350722,1.0486533386967014,1,0.0007249003579485
2000-03-01,71.45932811916461,-0.006788334674175389,1.513630008045052,0,-0.0142305118127007
2000-03-02,71.29390549226797,0.44085832662912317,2.1100183427192274,1,0.0036478138881813
2000-03-03,71.32336441796522,0.44085832662912317,2.0835300080450523,1,0.0062305497506359
2000-03-06,72.2950084550248,-0.05494167337087685,0.714065004022526,0,-0.0253405867681316
2000-03-07,71.94763300842514,0.0,1.0813533386967014,0,-0.0605236872540611
2000-03-08,71.53448331882849,0.0,1.4528416733708769,0,-0.065501167147333
2000-03-09,71.50502439313124,0.0,1.4793300080450522,0,-0.0493051031058641
2000-03-10,71.9770919341224,0.0,1.054865004022526,1,0.0107669718490056
2000-03-13,72.21210159873029,-0.10057666934835074,0.7429766693483506,1,0.0009606456276889
2000-03-14,72.3239576540715,0.0,0.7429766693483506,0,-0.0066909154263388
2000-03-15,69.90198847658982,0.0,2.920718342719227,0,-0.0190054634787653
2000-03-16,69.15307413865868,-0.29510667739340324,3.2990066773934026,0,-0.0056490071906499
2000-03-21,72.14002703770173,-0.15438334674175402,0.7539766693483507,1,0.0082849985286764
2000-03-22,72.04158904209919,-0.3018950120675786,0.6949766693483508,0,-0.0169073510910894
2000-03-23,71.97989082285032,-0.330883346741754,0.7214650040225261,1,0.0097374247930191
2000-03-24,72.36979108986988,-0.006788334674175389,0.6949766693483508,0,-0.0072255573650042
2000-03-27,71.37303847452456,-0.006788334674175389,1.5912183427192275,0,-0.0086427629187146
2000-03-28,71.91961987401214,-0.006788334674175389,1.0997533386967013,0,-0.0259293517916827
2000-03-29,71.94907879970941,-0.006788334674175389,1.073265004022526,0,-0.0151958953813542
2000-03-30,72.3403321641726,-0.006788334674175389,0.7214650040225261,0,-0.0815874087689155
2000-03-31,72.36979108986988,-0.006788334674175389,0.6949766693483508,0,-0.0633332329812233
2000-04-03,69.55446101567046,0.1604349959774739,3.3936366854384543,0,-0.054771528891699
2000-04-04,69.53077228155145,0.1822233306516493,3.43672502011263,1,0.0865123378484767
2000-04-05,68.71333115881573,0.1890116653258247,4.178525020112629,1,0.1171748821195489
2000-04-06,68.35258954671247,0.05432333065164924,4.36820168946098,1,0.1116964355339492
2000-04-07,68.53526342786482,-0.09318833467417537,4.056436685438454,1,0.0225734619503713
2000-04-10,69.52837190475995,0.0,3.256660016090104,0,-0.0602740168255357
2000-04-11,69.11734826829137,0.0,3.6262366854384545,0,-0.1181870504141891
2000-04-12,68.62988120250913,0.0,4.064548350764279,0,-0.11844251092641
2000-04-13,68.16903337409073,0.0,4.47892502011263,0,-0.077820067353678
2000-04-17,69.52837190475995,0.0,3.256660016090104,0,-0.0195165679760544
2000-04-18,69.57186983156063,0.0,3.2175483507642793,0,-0.0191243162645757
2000-04-19,70.35978716080523,-0.006788334674175389,2.502295012067578,0,-0.0329215087770946
2000-04-20,70.20412548163831,-0.035776669348350776,2.613271681415929,1,0.0143423165069607
2000-04-24,72.28883975151015,-0.006788334674175389,0.767765004022526,1,0.0206075245034314
2000-04-25,68.2057138299653,-0.16863000804505207,4.277313354786804,1,0.0340596913648433
2000-04-26,70.45848650651241,0.07226999195494788,2.492606677393403,0,-0.0741615374605567
2000-04-27,68.54208644610574,0.13995832662912322,4.28344835076428,0,-0.0738365604856968
2000-04-28,68.75147780577734,0.13995832662912322,4.095171681415929,0,-0.0186579270580999
2000-05-02,68.60067065335775,0.021023330651649297,4.111836685438454,1,0.0645760171536238
2000-05-03,69.12108322165297,0.027893322606597215,3.6507716814159283,1,0.0365562319003423
2000-05-04,68.8979216372266,-0.08357666934835062,3.7399600160901034,0,-0.0014497483601863
2000-05-05,68.58483924326877,0.0,4.105048350764279,0,-0.0425473877610137
2000-05-08,69.98710665360905,0.027511665325824608,2.871695012067578,0,-0.0453329042809428
2000-05-09,68.13212306254381,0.027511665325824608,4.53962502011263,0,-0.0719870332964578
2000-05-10,68.61543626322532,0.027511665325824608,4.105048350764279,0,-0.0480110231100752
2000-05-11,68.8813042978944,0.15596999195494776,3.994448350764279,1,0.0017615076929801
2000-05-12,67.55756744931955,0.14325832662912308,5.171990024135158,1,0.022240697803361
2000-05-15,68.58205887541442,-0.0028883346741753746,4.1046600160901034,0,-0.0045127648760587
2000-05-16,69.60134173081669,-0.03187666934835076,3.1591716814159287,0,-0.0301788053996927
2000-05-17,70.42272171546878,-0.14596500402252605,2.306530008045052,0,-0.0618356624580167
2000-05-18,68.44327588568437,-0.0028883346741753746,4.2294483507642795,0,-0.0548234819412349
2000-05-19,67.97055402996693,-0.009676669348350764,4.647713354786806,0,-0.0256414064014814
2000-05-22,72.42505549764103,1.070056637168142,1.722130008045052,1,0.0118115577139842
2000-05-23,73.71515915561511,1.4015799678197909,0.8936416733708767,1,0.040769722654268
2000-05-24,74.34256770518944,1.4477683024939663,0.37568833467417534,1,0.0590288932660676
2000-05-25,74.3209067830431,1.4547799678197908,0.40217666934835067,1,0.0750207007747602
2000-05-26,72.54333605928677,1.1499216411906676,1.6956416733708766,1,0.0791888822274499
2000-05-29,73.33248229770206,1.0574916331456161,0.8936416733708767,1,0.0285352343459984
2000-05-30,73.45904464243176,1.1712916331456162,0.8936416733708767,1,0.0324815505069418
2000-05-31,74.29042097780072,1.4008799678197914,0.37568833467417534,1,0.0173430317719443
2000-06-01,74.3062134672134,1.4415683024939667,0.40217666934835067,1,0.0525249299791531
2000-06-02,74.03269756438388,1.1691449718423172,0.37568833467417534,1,0.0291551363909991
2000-06-05,66.7911590279016,0.44994497184231774,6.1678016894609815,1,0.0411807511760493
2000-06-06,67.56389183553948,0.528268302493967,5.551313354786806,1,0.0314673153152914
2000-06-07,71.50869259976977,0.5704866452131944,2.0465183427192275,1,0.0070016832236905
2000-06-08,69.09245469319,0.6416516492357204,4.290271681415929,0,-0.0212329531784121
2000-06-09,69.09991905259844,0.7018516492357204,4.343760016090104,0,-0.0218426019410818
2000-06-12,70.51964717306399,0.35555164923572047,2.7208950120675786,1,0.0033614641878653
2000-06-13,68.80730016604856,0.41173998390989586,4.316760016090104,1,0.0305157346050051
2000-06-14,69.75603397198836,0.24222831858407134,3.294183346741754,1,0.0431182067806052
2000-06-15,68.26792177586474,0.29183998390989596,4.6818483507642785,1,0.041904957463045
2000-06-16,70.29652450931393,0.439639983909896,3.005606677393403,0,-0.0014564178089652
2000-06-19,71.8161753373426,0.35708664521319455,1.5566416733708768,0,-0.0070304943082245
2000-06-20,71.39446211475457,0.4904866452131945,2.069230008045052,0,-0.023429393801025
2000-06-21,73.29850436832919,0.4904866452131945,0.3571883346741753,0,-0.0160588390222686
2000-06-22,72.65258228196693,0.35447497988736987,0.801965004022526,0,-0.023076247849835
2000-06-23,72.69494211450834,0.34867497988736995,0.7580766693483507,0,-0.0014954798518235
2000-06-26,72.14096122340622,0.6491216411906685,1.5566416733708768,1,0.0276512182071498
2000-06-27,71.26844287003696,0.3771749798873699,2.069230008045052,1,0.0117236239795044
2000-06-28,72.97643952964083,0.6017866452131946,0.7580766693483507,1,0.0170310161518844
2000-06-29,72.52378266939496,0.44796331456154526,1.0112650040225262,1,0.0126181488725965
2000-06-30,72.91145121588706,0.37825164923572063,0.5929766693483507,1,0.0364343885441972
2000-07-03,70.01289361480939,0.611498310539019,3.4324950120675783,1,0.014309435576091
2000-07-04,71.19074270550583,0.611498310539019,2.3734183427192272,1,0.0041599320447293
2000-07-05,70.41033608258999,0.5419749798873698,3.005606677393403,0,-0.0108048618448748
2000-07-06,70.49733193619139,-0.2091783588093316,2.176230008045052,1,0.0011530796737765
2000-07-07,69.83587316320633,0.3706283185840713,3.350795012067578,1,0.0103247446944162
2000-07-10,67.2286202719112,-0.06649501206757813,5.258013354786805,1,0.0085415640096208
2000-07-11,66.38281939706118,0.030769991954947895,6.115790024135155,0,-0.0058118579865234
2000-07-12,65.93247209869541,0.09882333065164928,6.58877835880933,0,-0.0356493110108849
2000-07-13,67.7971573170113,0.10234666130329861,4.915648350764279,0,-0.0398619274879955
2000-07-14,66.90668704773977,0.09454666130329858,5.70852502011263,0,-0.050221889045628
2000-07-17,69.98608532137872,0.1287816572807725,2.9738833467417534,0,-0.0381953207563113
2000-07-18,68.13430100990698,0.1287816572807725,4.638936685438454,0,-0.046051453234309
2000-07-19,70.40743895270668,-0.013030008045052055,2.453206677393403,0,-0.0857964484070663
2000-07-20,68.91700422114417,-0.04201834271922744,3.7643600160901043,0,-0.0543208070723903
2000-07-21,68.97347534882688,-0.013030008045052055,3.742571681415929,0,-0.0582009197392283
2000-07-24,69.16153943049467,0.021758326629123248,3.608260016090104,1,0.0152875934624187
2000-07-25,70.52097620231929,0.021758326629123248,2.385906677393403,0,-0.0112574342774282
2000-07-26,70.02917176268426,0.02603499597747394,2.832395012067578,1,0.0110144073043311
2000-07-27,68.15458843480691,0.02603499597747394,4.5179483507642795,0,-0.0084056181800779
2000-07-28,69.41452695812235,-0.00034167337087676053,3.3586833467417536,0,-0.0014255169912209
2000-07-31,66.80607665208886,0.07466999195494772,5.779113354786805,0,-0.0087412485304629
2000-08-01,69.14944297376728,0.16279332260659696,3.7601716814159283,0,-0.0062750640624067
2000-08-02,71.41302942470679,0.19589332260659698,1.7579416733708766,0,-0.0159688563823254
2000-08-03,68.59670584432382,0.19589332260659698,4.290271681415929,1,0.0182617520342362
2000-08-04,69.2239364324609,0.6781749798873695,4.208571681415929,1,0.0198241896685026
2000-08-07,68.68844313102917,0.4489449718423174,4.460836685438455,1,0.0130364132117197
2000-08-08,69.71681409856136,0.5410633145615449,3.6282833467417537,0,-0.0262405177660413
2000-08-09,69.49340968490387,0.5752866452131943,3.8633833467417533,0,-0.0203172769739091
2000-08-10,71.40846219518168,0.6100749798873696,2.176230008045052,1,0.0175040390653092
2000-08-11,71.01747018082317,0.6036983105390188,2.5214183427192274,1,0.0231143522129947
2000-08-14,69.99260618990945,0.6197449718423174,3.4589833467417535,1,0.0300102866422522
2000-08-16,72.93723262977261,0.5839333065164928,0.7754766693483507,1,0.0138151148245373
2000-08-17,71.52991421037419,0.6122799678197914,2.069230008045052,1,0.0292388418502004
2000-08-18,71.99445807147788,0.9217916331456161,1.9610416733708766,1,0.0204081278431392
2000-08-21,71.76504251594021,0.29300997586484356,1.5385416733708768,1,0.0121138867121478
2000-08-22,71.8037322629139,0.32779831053901887,1.5385416733708768,1,3.619975022574413e-05
2000-08-23,73.03586710768593,0.8172099758648435,0.920065004022526,0,-0.0117567303585231
2000-08-24,71.16128377980857,0.8172099758648435,2.6056183427192274,0,-0.0139765947508681
2000-08-25,72.43967651943287,1.0446149637972653,1.6835416733708768,0,-0.0038444846422886
2000-08-28,75.01831197689462,2.3812599356395823,0.7015766693483507,1,0.0175478009823302
2000-08-29,75.36276246756424,3.174364923572005,1.1849650040225261,1,0.0429692816574667
2000-08-30,73.03987262685257,3.0506415929203547,3.1498950120675784,1,0.0373055169807977
2000-08-31,70.65834856358299,2.3948316170555115,4.6354600160901045,1,0.0291596761343393
2000-09-04,72.05207471966386,0.7704983105390194,1.7579416733708766,1,0.0083697088418093
2000-09-05,73.48798641523449,2.0616149637972656,1.7579416733708766,1,0.0151481199741522
2000-09-06,70.82933380511753,1.0630099758648441,3.1498950120675784,1,0.0145245835908819
2000-09-07,68.72133673930706,0.9933216411906686,4.975636685438455,1,0.019192994742675
2000-09-08,69.93121566768555,0.7700449718423177,3.6644833467417532,1,0.0041979278495297
2000-09-11,70.16951730572752,0.21952831858407118,2.8996950120675784,0,-0.0076163930294672
2000-09-12,67.26768258370373,0.24121665325824648,5.530601689460981,0,-0.0349793881381397
2000-09-13,68.15301102900571,0.27020498793242187,4.763536685438455,0,-0.072474332006656
2000-09-14,70.93413143923071,0.2697633145615451,2.2624183427192275,0,-0.0929604897115152
2000-09-15,70.82921704308856,0.13153998390989574,2.218530008045052,0,-0.0538516394041872
2000-09-18,70.32142363173007,0.19821665325824644,2.741795012067578,0,-0.0182554805210485
2000-09-19,72.076189791766,0.19300498793242182,1.1587650040225261,0,-0.0391387119596623
2000-09-20,73.33210418556843,0.9215866452131944,0.7580766693483507,0,-0.0382144432332441
2000-09-21,72.27425577146543,0.7644866452131944,1.5521533386967015,0,-0.0477041653666469
2000-09-22,72.27183499487116,0.7449099758648438,1.5347533386967014,1,0.0203993005702667
2000-09-25,75.59840237871003,3.8177316170555105,1.6164533386967015,0,-0.020438781787083
2000-09-26,75.53923615076961,3.7645316170555105,1.6164533386967015,1,0.0029532812707636
2000-09-27,75.94204287194809,3.6135316170555107,1.103265004022526,0,-0.0081956528732701
2000-09-28,71.8876770933831,3.500196621078037,4.6354600160901045,1,0.0244922936202654
2000-09-29,73.26513064890388,3.4540849557522124,3.350795012067578,1,0.0102488770676727
2000-10-03,69.43792096877516,0.5968816572807724,3.9348716814159292,1,0.0023373598487047
2000-10-04,69.8056097873923,0.6557049879324216,3.663083346741753,0,-0.0237818700990496
2000-10-05,68.34741434938141,0.6557049879324216,4.974236685438455,0,-0.0362999001825873
2000-10-06,71.19319685546164,0.6557049879324216,2.415418342719227,0,-0.0668550803705769
2000-10-09,70.02018189170974,0.42871665325824626,3.243160016090103,0,-0.0493722794348228
2000-10-10,70.3327675325758,0.519693322606597,3.053071681415928,0,-0.0515078454084999
2000-10-11,68.96818893678164,0.513893322606597,4.274248350764279,0,-0.022252584974712
2000-10-12,68.22838865809796,0.5486816572807723,4.974236685438455,0,-0.0407788175594747
2000-10-13,71.23967163242749,0.697493322606597,2.415418342719227,0,-0.0352430810001549
2000-10-16,73.97005773318651,1.4066099758648432,0.6694766693483507,0,-0.0079433284076783
2000-10-17,72.58216296809218,1.4465216411906678,1.9573300080450522,1,0.0119741350432369
2000-10-18,73.35888653188154,1.420144971842317,1.2325533386967014,1,0.0069738654097923
2000-10-19,71.48430320400419,1.420144971842317,2.918106677393403,0,-0.0118176135945991
2000-10-20,73.63327917886568,1.5912683024939662,1.1569533386967015,1,0.0101023822806327
2000-10-23,73.04128325531892,1.5651566371681418,1.6631416733708768,1,0.0363520339761684
2000-10-24,73.57308607138015,1.5651566371681418,1.1849650040225261,1,0.0225220252507702
2000-10-25,73.90073759289476,1.377179967819791,0.7023766693483506,0,-0.0142491936865417
2000-10-26,73.43553941706477,1.377179967819791,1.1206650040225261,0,-0.0114878014584901
2000-10-27,73.94914194067785,1.5629916331456157,0.8446650040225261,1,0.0185758650867283
2000-10-30,70.63475994954858,1.3678449718423176,3.6296833467417535,1,0.048253507770698
2000-10-31,72.38420077686294,1.4874216411906682,2.176230008045052,1,0.0574118221234925
2000-11-01,71.09062906294672,1.498856637168142,3.350795012067578,1,0.032324970861906
2000-11-02,69.5996123106958,1.469344971842317,4.66194835076428,1,0.0177217779244847
2000-11-03,72.51279093356533,1.2713449718423173,1.844530008045052,1,0.0197307953324248
2000-11-06,69.555080078106,1.2692799678197915,4.50192502011263,1,0.0236645574177166
2000-11-07,71.12388226248466,1.3370333065164925,3.159071681415928,0,-0.0057917549182671
2000-11-08,68.42726651415813,0.33670498793242176,4.583436685438455,0,-0.0474865462978201
2000-11-09,69.4806663396942,0.33670498793242176,3.6362600160901035,0,-0.0215704001544647
2000-11-10,69.9845672360566,0.24572831858407107,3.0921950120675783,1,0.0060323515991935
2000-11-13,73.0606550153879,0.8415983105390188,0.9221650040225261,1,0.0206454717471831
2000-11-14,71.14738194053686,0.8068099758648435,2.6077183427192274,0,-0.005526770426774
2000-11-15,71.78891475881125,0.44417497988736954,1.668241673370877,0,-0.007606741848302
2000-11-16,70.42897380765086,0.723921641190668,3.170795012067578,1,0.0014180089482298
2000-11-17,72.45565994384155,0.785086645213194,1.409641673370877,0,-0.0111051235832977
2000-11-20,72.56143811057956,0.8708983105390187,1.400341673370877,0,-0.0176072367327439
2000-11-21,72.23603683046598,0.7587099758648433,1.5807416733708766,0,-0.0079668741034573
2000-11-22,72.2553881907322,0.7587099758648433,1.5633416733708767,1,0.0246856288171686
2000-11-23,71.94039474683066,0.9813683024939666,2.069230008045052,1,0.0456131302563331
2000-11-24,73.37322025645118,1.0451449718423174,0.8446650040225261,1,0.0317703782134252
2000-11-27,70.05912001522933,0.6530633145615449,3.4324950120675783,1,0.01209828127915
2000-11-28,70.91061878761975,0.7312983105390187,2.745095012067578,1,0.002706998651801
2000-11-29,71.62457833193879,0.7312983105390187,2.103130008045052,1,0.0085421819638569
2000-11-30,66.86733555979583,0.6404283185840709,6.289790024135157,1,0.0129271621573973
2000-12-01,68.12805258611048,0.5494516492357202,5.0652250201126305,1,0.0173613448956459
2000-12-04,67.25488546532975,0.3314749798873695,5.632366693483506,1,0.0208688384916195
2000-12-05,66.24457208109924,0.49543998390989563,6.704766693483507,1,0.0223612757874079
2000-12-06,69.32810569896539,0.282428318584071,3.719160016090104,1,0.0255459210427303
2000-12-07,66.10885120913096,0.3734049879324217,6.704766693483507,1,0.0234090777282715
2000-12-08,69.89080025844937,0.3734049879324217,3.3041833467417536,1,0.0304371321858632
2000-12-11,67.80380980005897,0.28940498793242175,5.09672502011263,1,0.0128288166289423
2000-12-12,69.71345171001859,0.3494399839098957,3.4396833467417536,0,-0.0156846693161712
2000-12-13,71.10349847535853,0.3146516492357204,2.1550183427192278,0,-0.0274728157978951
2000-12-14,70.18920785745107,0.9381333065164928,3.6005950120675783,0,-0.0292142512381042
2000-12-15,72.53844261186315,0.9381333065164928,1.4882533386967014,0,-0.0133061763447246
2000-12-18,69.9615179641759,0.7243799678197915,3.591571681415929,0,-0.0309851377359416
2000-12-19,69.9615179641759,0.7243799678197915,3.591571681415929,0,-0.0536857602700369
2000-12-20,70.34900300191596,0.8781149637972654,3.3968950120675787,0,-0.0664318390656378
2000-12-21,68.85856827035346,0.84912662912309,4.708048350764279,0,-0.0391956625824401
2000-12-22,70.29706573039682,0.8314149637972654,3.3968950120675787,1,0.0055802148052301
2000-12-26,66.35765516668198,1.151584955752213,7.259231697506033,1,0.0416533320317636
2000-12-27,66.90712814873805,1.1922732904263884,6.805855028157683,1,0.0209465484855802
2000-12-28,68.15313333834946,0.6679799678197912,5.161201689460981,1,0.0181300215346531
2000-12-29,67.1328625240784,0.6679799678197912,6.078590024135157,1,0.0216855217728248
2001-01-01,68.80827327242937,0.4698683024939666,4.374013354786805,1,0.0416539850816433
2001-01-02,67.27110241379636,0.6476683024939667,5.933978358809331,1,0.0426759126304735
2001-01-03,70.9845116152786,2.4181582461786015,4.365513354786805,1,0.0138437127257487
2001-01-04,68.63566982548814,2.317434915526952,6.376778358809332,1,0.0030542535100886
2001-01-05,70.04861384838908,2.2767465808527767,5.0656250201126305,0,-0.0305621307981921
2001-01-08,67.4035349807161,2.3486999195494787,7.5159316975060335,0,-0.022281925063889
2001-01-09,67.29536198450138,2.2514349155269526,7.5159316975060335,0,-0.0191662270894971
2001-01-10,73.06734820856825,2.656369911504426,2.730918342719227,0,-0.0004273421327247
2001-01-11,72.6021500327383,2.656369911504426,3.1492066773934027,1,0.009831239688741
2001-01-12,72.165042832674,2.7942165728077244,3.6800833467417537,1,0.0086279141608493
2001-01-15,72.34834508143508,2.5463349155269523,3.2673833467417532,1,0.0148110857314256
2001-01-16,73.11069599997847,2.5463349155269523,2.581906677393403,1,0.027498252642838
2001-01-17,73.88362528992715,2.7310582461786024,2.071641673370877,1,0.037874438778539
2001-01-18,74.27023358351258,2.6957815768302513,1.6887416733708767,1,0.0370182996335005
2001-01-19,75.40732619458636,2.8203465808527777,0.7908766693483507,1,0.0273481358124506
2001-01-22,74.65732565663104,3.040528238133549,1.6854300080450522,1,0.0162617173868105
2001-01-23,72.67344421183846,2.9998399034593737,3.4285716814159297,0,-0.0097507492360753
2001-01-24,74.75528729894455,2.6871465808527772,1.243965004022526,1,0.0100159269742502
2001-01-25,68.74452308354667,2.415311584875303,6.376778358809332,1,0.0011671166252985
2001-01-29,65.18466239218922,2.3748232502011275,9.537180048270312,1,0.0126612086744648
2001-01-30,65.16557980827164,2.2133765888978294,9.392891713596136,0,-0.000616265811315
2001-01-31,67.23808640670191,2.2558999195494787,7.571896701528557,1,0.0079149380268031
2001-02-01,65.87763572889097,2.306188254223654,8.845450040225261,1,0.020355732433065
2001-02-02,67.41547387580901,2.293311584875303,7.4498083668543815,0,-0.0058553074022191
2001-02-05,64.85650123349687,0.13822333065164938,7.595650040225259,1,0.0092869894652122
2001-02-06,61.978145789722504,0.10343499597747408,10.148968382944487,1,0.0133201625684757
2001-02-07,62.81374828423007,0.04724666130329869,9.341438374899433,1,0.0226479207724135
2001-02-08,61.52800794722631,0.13822333065164938,10.588503378921963,0,-0.0030860899363035
2001-02-09,67.20760069093235,0.23845832662912336,5.581866693483509,0,-0.0088244798360808
2001-02-12,67.28738056167124,0.11946999195494801,5.391143362831859,1,0.0102877916124379
2001-02-13,58.49083046536787,-0.016153338696701436,13.165040064360408,0,-0.0071054022045876
2001-02-14,57.95450676670182,0.3143283185840714,13.977763395012058,0,-0.0061551946396399
2001-02-15,58.48020574704228,0.40783998390989606,13.598586725663708,0,-0.0234607535842801
2001-02-16,60.96209370834607,0.44262831858407137,11.40175671761866,0,-0.0081775519764226
2001-02-19,56.624358385381214,0.286639983909896,15.146093403057112,0,-0.0216804725333313
2001-02-20,56.40881129575375,0.37212831858407136,15.425393403057111,0,-0.0468968822260002
2001-02-21,56.67767658039074,0.37212831858407136,15.183640064360409,0,-0.0430262077721163
2001-02-22,56.4036694717842,0.37212831858407136,15.43001673370876,0,-0.0449399369342638
2001-02-23,57.75108208091929,0.3130166532582467,14.15936339501206,1,0.0231685045430494
2001-02-26,54.49757900643415,0.25895164923572056,17.030723411102166,1,0.0341923252051492
2001-02-27,54.32351500519348,0.34992831858407125,17.278211745776346,1,0.008301673412454
2001-02-28,55.924111624267056,0.22251665325824665,15.711605068382937,0,-0.060983110662598
2001-03-01,54.83492106056982,0.09062333065164929,16.55907007240547,0,-0.0510201071334274
2001-03-02,58.652432871306296,0.0,13.03588672566371,0,-0.0103879050453403
2001-03-05,55.49776075704528,0.023223330651649277,15.895670072405462,0,-0.0132216319204331
2001-03-07,57.55081775405393,-0.09097666934835069,13.93544006436041,0,-0.0744179775812994
2001-03-08,54.18485808266558,0.0,17.052958407079643,0,-0.1393327503515418
2001-03-09,57.74405139626517,1.8311366049879336,15.683805068382936,0,-0.0494598444221509
2001-03-12,59.431983060397464,1.8371716009654073,14.172116733708764,1,0.0159002977180602
2001-03-13,60.552000499723604,1.8371716009654073,13.165040064360408,1,0.0594157260816773
2001-03-14,58.5888643122464,1.7987599356395827,14.891805068382938,0,-0.0063001594417986
2001-03-15,68.27587170426254,2.010171600965407,6.393031697506033,0,-0.0386966751575702
2001-03-16,68.11686061011166,2.1920949316170564,6.717931697506033,1,0.0112887292154278
2001-03-19,67.53543008441137,1.8623599356395824,6.910996701528559,1,0.000716015614459
2001-03-20,65.86492575704283,1.8623599356395824,8.413050040225258,0,-0.0082753178861469
2001-03-21,65.15737774546953,1.8517599356395826,9.038650040225258,0,-0.0385085154966175
2001-03-22,63.28507060611075,1.871783266291232,10.742180048270308,0,-0.0082865227054019
2001-03-23,65.61113377929836,1.9007716009654074,8.679661705551084,1,0.0379348547651744
2001-03-26,61.73574397027125,1.808018262268706,12.07151005631537,1,0.0285175906623713
2001-03-27,62.02933050535997,0.06365832662912319,10.063168382944486,0,-0.0254103398466139
2001-03-28,62.00409773880131,-0.07990667739340285,9.942291713596134,0,-0.0581147167290423
2001-03-29,60.308996438726794,0.0,11.546368382944493,0,-0.0391203081864978
2001-03-30,61.91078304629476,0.07111166532582469,10.177215044247786,0,-0.010110158988181
2001-04-02,62.85043616634862,0.0,9.261203378921959,1,0.0013171183359089
2001-04-03,65.86065334045674,0.08322333065164922,6.637755028157683,0,-0.0183531670684181
2001-04-04,68.57708016039416,0.08322333065164922,4.195248350764278,0,-0.0300062696035833
2001-04-06,67.90286318971144,0.21056999195494774,4.9288250201126305,0,-0.066013810315894
2001-04-09,69.65435777611603,0.07578165728077246,3.219160016090104,0,-0.0961613417804018
2001-04-10,69.911832812987,0.07578165728077246,2.987648350764279,0,-0.0544450331395737
2001-04-11,73.21833895921269,0.4752933226065973,0.4140766693483507,1,0.0001874589938941
2001-04-12,71.41608411622458,0.6248166532582466,2.1841183427192274,1,0.073801275000813
2001-04-16,73.67565753228067,2.555914963797266,2.083495012067578,1,0.0912901352364591
2001-04-17,74.48826452807181,2.555914963797266,1.3528300080450522,1,0.0696799206379898
2001-04-18,74.02284392281351,2.555914963797266,1.7713183427192272,1,0.0411482055817026
2001-04-19,70.53815883092271,2.443714963797266,4.792413354786804,1,0.0016151918823065
2001-04-20,71.55472063894972,2.437914963797266,3.8725600160901035,1,0.0098724354147721
2001-04-23,71.44002122688948,0.5209166532582464,2.058695012067578,0,-0.0052321898303021
2001-04-24,66.8913838851749,0.486328318584071,6.114066693483506,0,-0.0400480639500656
2001-04-25,69.16113716069987,2.268203298471442,5.855066693483506,0,-0.0263980951814731
2001-04-26,68.9005221647145,2.3591799678197924,6.180378358809332,0,-0.0057432368128863
2001-04-27,72.28546063155022,2.3591799678197924,3.1367716814159285,1,0.0186660691986871
2001-04-30,72.63998719321854,2.533656637168142,2.9924716814159287,1,0.0042566463420502
2001-05-02,70.46574507843685,2.4122032984714408,4.826013354786806,1,0.0017571608808665
2001-05-03,73.1334468800074,2.540079967819792,2.555195012067578,1,0.0236911124313598
2001-05-04,71.96792964902544,2.482068302493967,3.5451716814159284,1,0.0168476761712451
2001-05-07,72.86761033977064,2.4023266291230905,2.656471681415929,1,0.0050347062548776
2001-05-08,74.71173380952317,2.730361625100564,1.3263416733708768,0,-0.0073817190765026
2001-05-09,75.76499647322748,2.7651499597747393,0.4140766693483507,0,-0.0073797850263059
2001-05-10,73.96274163023939,2.9146732904263892,2.1841183427192274,1,0.0003056434910814
2001-05-11,75.2615719301541,3.1960549477071605,1.2976416733708767,1,0.0092946799659367
2001-05-14,75.65625997719792,3.606131617055513,1.3528300080450522,1,0.0294958228213259
2001-05-15,73.00251566699258,1.2199866452131944,1.3528300080450522,1,0.0237274407287165
2001-05-16,71.74851787044864,0.510928318584071,1.7713183427192272,1,0.0157721101065236
2001-05-17,71.04435819453566,0.48193998390989556,2.3754833467417535,0,-0.0058470963197069
2001-05-18,73.04395983470306,0.8011749798873696,0.8967533386967013,1,0.0053573834502404
2001-05-21,71.97717532278983,0.510928318584071,1.5657183427192274,1,0.0105474545629036
2001-05-22,71.97717532278983,0.510928318584071,1.5657183427192274,1,0.0058045404118766
2001-05-23,71.10190997492776,-0.026965004022526107,1.814830008045052,1,0.0118873380579658
2001-05-24,68.19162293462676,-0.026965004022526107,4.431648350764279,1,0.0139480478291928
2001-05-25,70.68200213488407,0.0781466613032985,2.2975066773934025,1,0.0022529712605352
2001-05-28,71.15494820948626,1.6383899436846354,3.4324950120675783,0,-0.0214315093560737
2001-05-29,72.9656349709488,1.7333132743362847,1.8993183427192273,0,-0.0429642042509673
2001-05-30,68.3825080942816,1.7333132743362847,6.020290024135155,0,-0.0436993272495918
2001-05-31,70.7620062245077,1.7784366049879337,3.9258600160901045,0,-0.0458148875311859
2001-06-01,70.43051408223211,1.6874599356395832,4.13294835076428,0,-0.0285828403388979
2001-06-04,70.9641222808377,1.5798832662912328,3.545571681415929,0,-0.013261787095328
2001-06-05,71.31070070356458,1.7784366049879337,3.4324950120675783,1,0.0098118707072797
2001-06-06,74.45981762943168,1.9355832662912325,0.7580766693483507,1,0.0137085999382011
2001-06-07,73.00582795075663,2.2845532582461803,2.4144183427192276,1,0.0132174284109993
2001-06-08,72.44434941635738,0.5551283185840713,1.1898533386967014,1,0.0021280376890484
2001-06-11,70.82691490745245,0.0833466613032986,2.172406677393403,0,-0.0163561816413715
2001-06-12,69.58504506206825,0.05435832662912321,3.2600600160901037,0,-0.0355809802993523
2001-06-13,68.72071025062753,0.0833466613032986,4.066225020112629,0,-0.0459465582616353
2001-06-14,67.35549031366588,-0.05094167337087674,5.159490024135155,0,-0.0145743504885289
2001-06-15,70.56060756124145,0.06869332260659711,2.397206677393403,1,0.0090146353708311
2001-06-18,70.60309158205582,0.09506999195494781,2.3853833467417536,1,0.0155512680862125
2001-06-19,71.93233727210426,0.08985832662912319,1.1849650040225261,0,-0.0082406729217232
2001-06-20,72.93421131161637,0.36531665325824625,0.5595766693483506,0,-0.0282750056698673
2001-06-21,72.05577817859313,0.33893998390989555,1.3230533386967012,1,0.0012774889957088
2001-06-22,67.4491590501177,-0.03570667739340294,5.0905016894609805,1,0.0077390197359661
2001-06-25,70.41679950957082,0.7025516492357203,3.160371681415928,1,0.0249897316801731
2001-06-26,69.03462304181967,0.6561283185840711,4.3567483507642795,1,0.0102518475566793
2001-06-27,71.69979285208179,0.6561283185840711,1.960330008045052,1,0.0042333404141856
2001-06-28,67.05849513258691,0.08223499597747386,5.559713354786806,0,-0.0223689888847768
2001-06-29,69.14954121492268,-0.008741673370876835,3.5885483507642784,0,-0.0367254085818134
2001-07-02,69.42427493229333,0.08223499597747386,3.4324950120675783,0,-0.0285667893389369
2001-07-03,69.42427493229333,0.08223499597747386,3.4324950120675783,0,-0.0044030236480297
2001-07-04,70.75555952894402,1.1975749798873694,3.350795012067578,0,-0.0079438242364601
2001-07-05,69.29736409093312,1.1975749798873694,4.66194835076428,1,0.0021477270371712
2001-07-06,74.11906505037655,1.5734916331456152,0.7023766693483506,1,0.0172662811852912
2001-07-09,70.35120322801109,0.06608165728077242,2.5828833467417533,1,0.0425006225891473
2001-07-10,70.80583600599454,0.05979332260659709,2.1678066773934024,1,0.0351926352231194
2001-07-11,71.3106006729528,0.060281657280772505,1.7144300080450519,1,0.0200079760437537
2001-07-12,70.54146565684479,0.06869332260659711,2.4144183427192276,0,-0.002173323322165
2001-07-13,72.44550791041942,0.06869332260659711,0.7023766693483506,0,-0.0168002498464359
2001-07-16,72.82928394191542,0.09506999195494781,0.38367666934835065,0,-0.01793381245531
2001-07-17,73.04178931358388,0.25965832662912336,0.3571883346741753,0,-0.0232952573725498
2001-07-18,72.59594249802015,0.25965832662912336,0.7580766693483507,0,-0.0196991480585553
2001-07-19,72.16335618056065,0.23328165728077266,1.1206650040225261,0,-0.0123701454607434
2001-07-20,72.14401779385321,0.19849332260659736,1.103265004022526,0,-0.012605797440517
2001-07-23,71.54731747894958,0.5138283185840711,1.955130008045052,0,-0.0162429126029367
2001-07-24,71.73798584596366,0.4880816572807726,1.7579416733708766,0,-0.0196310882361286
2001-07-25,69.1027402200583,0.0,3.6393716814159287,0,-0.002587445284258
2001-07-26,67.9949434257325,0.0,4.6354600160901045,1,0.0182956308418008
2001-07-27,69.83689449543665,0.026358326629123296,3.005606677393403,1,0.0108282969267278
2001-07-30,71.40866789319287,1.8665249396621095,3.4324950120675783,1,0.0042774278477789
2001-07-31,70.6052064510815,1.740348270313759,4.0287600160901045,1,0.001629840403631
2001-08-01,72.43616766388521,2.0236249396621093,2.665706677393403,1,0.0113169932111351
2001-08-02,71.16629765764677,2.1155599356395833,3.8994600160901047,1,0.005706016136404
2001-08-03,70.73059178087561,1.6929132743362847,3.8685833467417536,0,-0.0061607587745808
2001-08-06,71.70833222741199,1.7342599356395834,3.030783346741753,0,-0.0042872520116198
2001-08-07,71.77654576787681,1.5640832662912327,2.799271681415928,0,-0.0008865041989652
2001-08-08,72.03694576067782,1.8229716009654076,2.8240183427192274,0,-0.0046926411781921
2001-08-09,72.45379148295976,1.7881832662912323,2.4144183427192276,1,0.0045197290555588
2001-08-10,74.39652348350806,1.8229716009654076,0.7023766693483506,1,0.0072555083182462
2001-08-13,72.07777829219675,0.22063330651649304,1.1849650040225261,1,0.0058156059228161
2001-08-14,72.67498833375093,0.2994216411906684,0.726765004022526,0,-0.0109852688202008
2001-08-16,72.20757883719628,0.2730449718423177,1.1206650040225261,0,-0.0095453894506238
2001-08-17,75.98817657852742,2.9089366049879333,0.3571883346741753,1,0.0021488306488677
2001-08-20,70.11203594044406,0.7006432823813377,3.4324950120675783,1,0.0050635393480604
2001-08-21,69.6386875960471,0.9897916331456164,4.147260016090104,1,0.0035960342312603
2001-08-23,59.88162236034549,1.6842032984714406,13.61485004022526,0,-0.0007935952614058
2001-08-24,60.41808322084326,1.713191633145616,13.16147337087691,0,-0.0015913136373112
2001-08-27,54.06951732943784,-0.09568833467417537,17.060980048270313,0,-0.0078626323532985
2001-08-28,51.58410941795681,0.09645832662912324,19.487910056315368,0,-0.0159107103361606
2001-08-29,52.056634791363464,0.06795832662912327,19.03453338696701,0,-0.0183413319317636
2001-08-30,50.90200362881176,-0.004276669348350692,20.000498390989538,0,-0.0151019510407469
2001-08-31,51.406225195757926,-0.004276669348350692,19.547121721641187,0,-0.0083383449171538
2001-09-03,52.87940124682075,-0.02564167337087675,18.20113338696701,0,-0.0114676304088633
2001-09-04,55.030699757121106,0.12019332260659721,16.412603378921965,0,-0.0124797626214298
2001-09-05,55.06015868281837,0.12019332260659721,16.386115044247788,0,-0.011162548545827
2001-09-06,53.15611642924376,0.12019332260659721,18.09815671761866,0,-0.0123332468867146
2001-09-07,53.914287535568874,0.003346661303298637,17.299591713596133,0,-0.0525549701414919
2001-09-10,58.818367103782684,0.007623330651649329,12.894308366854384,0,-0.0615625010076909
2001-09-11,57.89775764697007,0.007623330651649329,13.722085036202735,0,-0.1068381664623394
2001-09-12,58.66892047505075,-0.01875333869670137,13.002308366854384,0,-0.1187188735382607
2001-09-13,56.755647400199706,-0.053541673370876675,14.687861705551084,0,-0.076430153986561
2001-09-14,59.726375924532135,0.48018165728077267,12.55042003218021,0,-0.0081882656310518
2001-09-17,72.44642357525035,0.5521049879324219,1.1849650040225261,1,0.0299844602442904
2001-09-18,69.01815771680717,0.06225832662912312,3.777683346741753,0,-0.0524516024514661
2001-09-19,69.49292035805608,0.06225832662912312,3.350795012067578,0,-0.0484586032681111
2001-09-20,68.16232711787876,0.02899332260659704,4.513948350764279,0,-0.0425015676911638
2001-09-21,73.45580268430355,2.450964923572004,2.176230008045052,1,0.0225717088966828
2001-09-24,71.8144421593633,2.6030582461786027,3.8041716814159283,1,0.0238208017166965
2001-09-25,72.16699280329404,2.9200582461786015,3.8041716814159283,1,0.059107471580441
2001-09-26,74.09749118528323,2.954846580852777,2.103130008045052,1,0.040817416279261
2001-09-27,71.39245461311184,2.736211584875304,4.316760016090104,1,0.0107843360723421
2001-09-28,71.98599456909828,2.816523250201129,3.8633833467417533,0,-0.0024102997152376
2001-10-01,72.980081699689,3.373744891391797,3.526760016090104,1,0.0049323276406447
2001-10-03,76.5273862229744,4.13984987932422,1.103265004022526,1,0.0025532873551598
2001-10-04,76.59562016324196,3.8999032180209205,0.801965004022526,1,0.0011510950376181
2001-10-05,75.71015455610826,3.9176148833467446,1.6158533386967013,1,0.0277653351641323
2001-10-08,76.06129278211627,3.8024565567176207,1.1849650040225261,1,0.0570475368024694
2001-10-09,76.51894133094117,3.7313682220434456,0.7023766693483506,1,0.0509426248242664
2001-10-10,75.94508637936349,3.6162682220434457,1.103265004022526,1,0.0242165478080331
2001-10-11,75.05624541012824,3.7565332260659723,2.0427416733708768,1,0.0169772787257003
2001-10-12,75.93267113098155,3.2599165728077253,0.7580766693483507,1,0.0265600078129858
2001-10-15,72.42725384480696,0.8800566371681425,1.5301533386967014,1,0.0089385492705283
2001-10-16,72.57517129358723,0.18528165728077262,0.7023766693483506,1,0.0055444466691235
2001-10-17,71.09451048331323,0.22318165728077255,2.071630008045052,0,-0.0100375336412789
2001-10-18,68.56551937743487,0.5080283185840712,4.630448350764279,1,0.0215248101673628
2001-10-19,70.4747627754581,0.5999049879324218,3.005606677393403,1,0.014787981963952
2001-10-22,71.1537545526063,0.648128318584071,2.4433066773934025,1,0.0069402197330202
2001-10-23,69.3925842860686,0.7391049879324217,4.117860016090104,0,-0.015984913977883
2001-10-24,70.00121052250636,0.6320816572807725,3.463583346741754,0,-0.0287590817481141
2001-10-25,71.0546103480424,0.6320816572807725,2.5164066773934026,0,-0.0115596397424001
2001-10-29,70.93961988090155,1.0149516492357202,3.0026716814159284,1,0.0167900670004454
2001-10-30,69.8005458047754,1.1059283185840711,4.117860016090104,1,0.035195145799008
2001-10-31,71.69298280739963,0.7613049879324217,2.071630008045052,1,0.0195120686345794
2001-11-01,69.38012823808116,0.9268049879324217,4.316760016090104,1,0.0079162696086433
2001-11-02,73.57071906795017,1.0489399839098956,0.6708766693483507,0,-0.0101758975905497
2001-11-05,77.61593365604776,5.545518262268706,1.5301533386967014,1,0.0066876427754571
2001-11-06,77.57670080906198,5.510241592920355,1.5301533386967014,1,0.0021436235432513
2001-11-07,78.26184276885122,5.354218262268704,0.7580766693483507,1,0.023419805384735
2001-11-08,76.98837497108292,5.493829927594529,2.0427416733708768,1,0.0076881213390132
2001-11-09,78.50751607246102,5.575118262268704,0.7580766693483507,1,0.0116346585586758
2001-11-12,78.3389275393324,5.3678299275945305,0.7023766693483506,1,0.0242365034348213
2001-11-13,77.4177749825077,5.367341592920355,1.5301533386967014,1,0.0605427078377687
2001-11-14,77.4603442709187,5.435118262268705,1.5596533386967015,1,0.0333041428366144
2001-11-15,76.05091277195099,5.478964923572003,2.8708066773934027,1,0.0197420431514104
2001-11-19,71.824423747065,1.7390566371681415,2.931195012067578,0,-0.0053506182285021
2001-11-20,72.2554400849673,1.7814216411906676,2.586006677393403,1,0.0083444443976474
2001-11-21,70.89731194259522,1.7814216411906676,3.8071833467417537,1,0.0226968726637217
2001-11-22,70.33058770628342,1.7814216411906676,4.316760016090104,1,0.0127193671758527
2001-11-23,68.79711475926489,0.34635832662912314,4.2605366854384545,1,0.011080966044791
2001-11-26,67.31464114020258,0.5998283185840709,5.846990024135156,0,-0.0125248989203881
2001-11-27,69.20570464558041,0.19885832662912317,3.745648350764279,0,-0.009946613560695
2001-11-28,66.65555679689149,0.1952816572807724,6.035066693483507,1,0.0064231079565887
2001-11-29,69.77114619955721,0.7105933226065969,3.7489600160901038,1,0.0344464686986167
2001-12-03,67.26141563903367,0.043781657280772546,5.338801689460981,1,0.0414150230743181
2001-12-04,69.11024904745781,0.5079283185840713,4.14054835076428,1,0.0316008029951975
2001-12-05,70.1070146363619,0.5427166532582466,3.279083346741754,1,0.0096405828201802
2001-12-06,70.65861367154605,0.5427166532582466,2.783106677393403,0,-0.0002251593011561
2001-12-07,69.2648375001593,0.3967166532582467,3.890336685438455,0,-0.0041892896692989
2001-12-10,67.10784109231852,0.043781657280772546,5.476890024135155,0,-0.0149054250089874
2001-12-11,66.12300142494858,0.08610498793242183,6.404743362831856,0,-0.0203369079918496
2001-12-12,70.17941541528899,0.233228318584071,2.9044950120675783,0,-0.0231522476275838
2001-12-13,67.6098383649812,0.2002049879324217,5.181936685438455,0,-0.0351969649169525
2001-12-14,70.00997608512331,0.33256331456154486,3.156183346741754,0,-0.0240493484623272
2001-12-18,67.31599978496101,0.7749032984714407,6.020843362831856,0,-0.0294890458276795
2001-12-19,65.13566126070252,0.8018683024939668,8.008285036202732,0,-0.0116156337404595
2001-12-20,65.94416628562801,0.8638566371681421,7.343296701528557,0,-0.0264773964603632
2001-12-21,65.1506622735572,0.8018683024939668,7.994796701528557,0,-0.0297967331951043
2001-12-24,65.68234644866028,0.9813032984714408,7.696161705551083,0,-0.0141192375800357
2001-12-26,65.53325386387363,0.7545032984714408,7.603420032180207,1,0.0236957534984863
2001-12-27,65.30570855867416,1.2948916331456153,8.348408366854382,1,0.0340224593987278
2001-12-28,66.53696665929156,1.2039149637972648,7.150331697506031,1,0.0257348713204954
2001-12-31,68.38343306428571,0.7402566371681424,5.026401689460981,1,0.0123869645569825
2002-01-01,71.19446468530866,1.1274099758648437,2.885983346741754,1,0.0380245669349715
2002-01-02,71.17099838061802,1.1274099758648437,2.9070833467417536,1,0.0364703290437159
2002-01-03,69.06222281180831,1.0609333065164934,4.736736685438455,1,0.0345106767609441
2002-01-04,70.3581819289573,1.0470333065164934,3.557560016090104,1,0.0060027465376256
2002-01-07,69.35324577168343,0.7714216411906685,4.185548350764279,0,-0.0017740582813777
2002-01-08,68.86293901756775,0.7651333065164931,4.62012502011263,0,-0.0194233857656783
2002-01-09,71.15222349372542,0.6548516492357206,2.451406677393403,1,0.0063274187421591
2002-01-10,70.89677626882713,0.7568633145615452,2.783106677393403,0,-0.0036946697444031
2002-01-11,72.02889016488064,0.6968516492357205,1.7051416733708769,1,0.0016063523200804
2002-01-14,68.56543965715302,0.576498310539019,4.698990024135155,0,-0.0005407841501778
2002-01-15,66.86560247128935,0.09298165728077246,5.743901689460981,0,-0.0009143693774722
2002-01-16,67.9796532367264,-0.07678334674175358,4.57242502011263,1,0.0009625742727505
2002-01-17,67.19895189034435,0.06399332260659707,5.415178358809331,0,-0.0148500719454266
2002-01-18,66.29751771128993,0.08515832662912326,6.246878358809331,0,-0.0034363507733225
2002-01-21,66.7944120806594,0.02896999195494787,5.743901689460981,0,-0.0055590155331172
2002-01-22,66.89559152343995,0.11994666130329856,5.743901689460981,0,-0.0117353333717679
2002-01-23,66.1331683108587,0.02896999195494787,6.338466693483507,0,-0.0167075505028394
2002-01-24,66.18738919714038,-0.009341673370876713,6.251401689460981,0,-0.0126569296688276
2002-01-25,67.75411722262608,0.11473499597747394,4.9667366854384545,0,-0.0117810028260953
2002-01-28,68.11990796485826,0.7416283185840712,5.26472502011263,1,0.003773149928843
2002-01-29,71.36139242396865,0.7492516492357205,2.357730008045052,1,0.0092881362477367
2002-01-30,71.68437292748794,0.7342633145615451,2.052330008045052,1,0.0088139167365022
2002-01-31,69.42024337653633,-0.01689002413515628,3.336995012067578,0,-0.0010699417204733
2002-02-01,70.90070215718474,0.13230498793242196,2.1550183427192278,1,0.0286612624683018
2002-02-04,71.50009757234605,0.0985816572807725,1.5823416733708768,1,0.0306787952223817
2002-02-05,70.97281563888961,0.08756999195494797,2.0454416733708767,1,0.0450485631307254
2002-02-06,71.51908934135221,0.15186999195494788,1.6185533386967015,1,0.0164394587275753
2002-02-07,71.9415680933807,0.12235832662912327,1.209165004022526,1,0.0170097183508409
2002-02-08,70.69257308004536,0.5886516492357204,2.798506677393403,1,0.0100494459754636
2002-02-11,71.62287861679386,0.20898165728077256,1.5823416733708768,1,0.0161735681305403
2002-02-12,70.13707598255033,0.1275699919549479,2.8369066773934026,1,0.0266018438150961
2002-02-13,60.335745411678374,0.0020049879324217645,11.524321721641188,1,0.0327159314773389
2002-02-14,57.66765807173021,0.029204987932421766,13.95056339501206,1,0.0077093369830496
2002-02-15,61.47868605568306,0.6166399839098957,11.111268382944484,0,-0.0121429134177381
2002-02-18,60.58340760658451,0.40940498793242186,11.709033386967008,0,-0.0198051851713016
2002-02-19,61.306683239776596,0.5003816572807726,11.149668382944483,1,0.0039614244020011
2002-02-20,61.92603798301012,0.2801166532582466,10.372503378921959,1,0.0168732912072625
2002-02-21,63.5062823093899,0.003658326629123132,8.675150040225263,1,0.0338174792051624
2002-02-22,63.88385626400973,-0.07513000804505221,8.256861705551088,1,0.0218481083815962
2002-02-25,61.99956388263773,0.47621665325824647,10.502491713596134,0,-0.0202823854180357
2002-02-26,64.51395248759779,0.4914283185840711,8.256861705551088,0,-0.0096308930609614
2002-02-27,61.770153874414866,0.28212831858407117,10.51468004827031,0,-0.0100146618830103
2002-02-28,64.15906633466942,0.3459399839098959,8.430473370876912,1,0.0314175502815428
2002-03-01,67.73009296543535,0.6603749798873698,5.53397835880933,0,-0.0045945796814173
2002-03-04,69.86123378642353,0.9874616251005639,3.9448250201126305,1,0.0132469031271016
2002-03-05,68.54627735295361,0.4580032984714405,4.59772502011263,1,0.0077341213449166
2002-03-06,68.67470440070672,-0.010308366854384077,4.013936685438455,0,-0.004059054046629
2002-03-07,66.3058903092853,0.33335164923572036,6.4875433628318575,0,-0.0363598832024921
2002-03-08,66.05848391716903,0.007704987932421692,6.3843550281576835,0,-0.0261029022494218
2002-03-11,62.38972549976195,0.03408165728077239,9.709538374899433,0,-0.0072186967530409
2002-03-12,64.6077324387638,0.6887633145615449,8.36987337087691,1,0.0166368805807838
2002-03-13,66.05198711682667,0.7177516492357203,7.100243362831859,1,0.0105316166745921
2002-03-14,59.34892427925607,-0.035295012067578346,12.37433338696701,0,-0.0063159926176439
2002-03-15,64.43311979019624,-0.0005066773934030433,7.837608366854385,0,-0.0121703611542455
2002-03-18,66.28516545177266,-0.09148334674175373,6.0813433628318565,0,-0.0216995763118443
2002-03-19,67.1873336658352,0.021246661303298442,5.382878358809331,0,-0.0119620740086269
2002-03-20,66.023404935284,0.3171633145615451,6.725355028157682,0,-0.0285714912472762
2002-03-21,65.07785743537893,0.4081399839098958,7.666531697506033,0,-0.0183904104709427
2002-03-22,65.85102212831472,0.4081399839098958,6.9713316975060335,0,-0.0078483648009424
2002-03-26,66.5204290402412,1.0262449718423177,6.987531697506035,1,0.0140585869825485
2002-03-27,70.78498508127976,0.8815216411906686,3.008283346741753,1,0.0120339460463146
2002-03-28,68.27898392680302,0.5522866452131945,4.93234835076428,0,-0.0053705106778474
2002-04-01,71.60877099003815,0.4303966210780379,1.8164416733708768,1,0.0060835691050501
2002-04-02,72.1183568103822,0.4303966210780379,1.3582416733708766,1,0.004388089010531
2002-04-03,72.43644574540706,0.46143330651649306,1.103265004022526,1,0.0104040783526766
2002-04-04,72.38763545944354,0.46143330651649306,1.1471533386967014,0,-0.0168973482622823
2002-04-05,68.31011662052768,-0.2787083668543839,4.0733600160901045,0,-0.003025720916537
2002-04-08,69.87655180147637,-0.08199501206757814,2.8615950120675784,1,0.0073282904700962
2002-04-09,69.37999107624942,-0.0939066773934028,3.296171681415929,1,0.0174208171278387
2002-04-10,70.45737435937069,-0.09970667739340272,2.3216300080450525,0,-0.0038281348314056
2002-04-11,65.17418977765614,0.0021816572807725754,7.173955028157682,0,-0.0219691908590914
2002-04-12,67.67432992564319,0.0021816572807725754,4.925925020112631,0,-0.0188419027209329
2002-04-15,63.19243438599164,-0.16770667739340284,8.785985036202733,0,-0.0045511865227266
2002-04-16,62.72932334261343,-0.13003000804505216,9.240073370876907,0,-0.0166291207131981
2002-04-17,63.05013887232833,-0.10306500402252605,8.978573370876907,0,-0.0187961124042014
2002-04-18,64.83395801988114,-0.01208833467417536,7.465608366854383,0,-0.0205823820673818
2002-04-19,63.501225753016996,-0.10306500402252605,8.572973370876907,1,0.0093175399316398
2002-04-22,70.16332820241011,0.549239983909896,3.234971681415929,0,-0.0089609187484274
2002-04-23,65.90051267612202,0.2590633145615454,6.777755028157684,0,-0.0078061574574049
2002-04-24,66.37527531737092,0.2590633145615454,6.350866693483509,0,-0.0333242113361477
2002-04-25,64.27439044595279,0.06966999195494805,8.050508366854386,0,-0.0089958381574681
2002-04-26,69.65565897932457,0.5777633145615452,3.7199716814159283,0,-0.003743100184436
2002-04-29,72.64983152961571,1.031889943684635,1.4818533386967014,1,0.0209574029137108
2002-04-30,73.1580697998309,0.978689943684635,0.9716650040225261,1,0.0150543921638653
2002-05-02,69.94711006663921,0.854224939662109,3.7343716814159285,1,0.0157898017326352
2002-05-03,71.74748911197433,1.1136032984714404,2.374918342719227,1,0.0186499275576821
2002-05-06,73.00425430281385,1.0801732904263885,1.2114533386967015,1,0.0239180368091627
2002-05-07,73.47802898519394,1.0934732904263886,0.7987533386967014,1,0.0051187754890928
2002-05-08,71.84132095737543,1.1422732904263881,2.319218342719227,1,0.0018326075080884
2002-05-09,71.31604088877411,1.1147382944489141,2.7639950120675776,0,-0.0111473932686413
2002-05-10,71.77808613193089,1.141114963797265,2.374918342719227,0,-0.0077331560631637
2002-05-13,67.63055579624985,0.5853216411906683,5.5484250201126315,0,-0.0242729266343147
2002-05-14,68.97935487619011,0.4411449718423176,4.191460016090104,0,-0.0221702382071403
2002-05-15,68.32787205411915,0.6315333065164929,4.967636685438455,0,-0.0306602390752662
2002-05-16,66.97400711263279,0.6988549477071614,6.252301689460983,0,-0.0407152408238069
2002-05-17,69.82031974516637,0.7258199517296875,3.7199716814159283,0,-0.0424699232255141
2002-05-20,72.09652535304261,1.1073549477071616,2.054830008045052,0,-0.0453173536870692
2002-05-21,68.50343186194998,0.40891327433628516,4.587160016090104,1,0.0168230033090347
2002-05-22,71.30174608488079,0.7379082864038629,2.4000183427192274,1,0.016508913839988
2002-05-23,68.74445454736721,0.9708199517296875,4.93234835076428,1,0.0110899705564608
2002-05-24,70.64237999166228,0.7506199517296875,3.005606677393403,0,-0.0240449779273624
2002-05-27,72.9383614188587,1.2913249396621072,1.4818533386967014,0,-0.0291688340620508
2002-05-28,71.49626428835624,0.9272115848753034,2.4144183427192276,0,-0.0090953699097738
2002-05-29,72.95445972636713,0.9272115848753034,1.103265004022526,0,-0.0018256947513698
2002-05-30,71.5406259857528,0.9187999195494788,2.3661183427192274,1,0.012755581962223
2002-05-31,73.03751117073737,0.9535882542236541,1.054965004022526,1,0.0338302686789139
2002-06-03,73.42427147864251,1.045136604987932,0.7987533386967014,1,0.0233839845556658
2002-06-04,71.3490697799545,1.0917482703137567,2.711306677393403,1,0.0032470661706685
2002-06-05,72.8459549649391,1.126536604987932,1.4001533386967013,1,0.0053418429822919
2002-06-06,71.38775952692818,1.126536604987932,2.711306677393403,1,0.030260474909272
2002-06-07,73.4232445990974,1.3004249396621073,1.054965004022526,1,0.0410965563670355
2002-06-10,70.9288320536267,0.8226866452131941,2.8201066773934027,1,0.0120312681087187
2002-06-11,68.7016980818186,0.7147749798873696,4.71474835076428,0,-0.0103998188501523
2002-06-12,69.33961270876038,0.7147749798873696,4.1411600160901045,0,-0.0035751974645102
2002-06-13,66.4845993814037,0.6799866452131943,6.673490024135157,0,-0.0073223054011227
2002-06-14,67.90750638166,1.1873333065164928,5.901413354786806,0,-0.0212239186982704
2002-06-17,69.21033486397017,1.1752216411906682,4.717848350764281,0,-0.0174626360158653
2002-06-18,69.85139687627034,0.840563314561545,3.806771681415929,0,-0.0116024693372873
2002-06-19,68.6080682660431,0.840563314561545,4.924725020112631,0,-0.0009883516512281
2002-06-20,70.80370807393726,1.3184449718423177,3.4283716814159284,0,-0.0137855343645825
2002-06-21,68.45951135502453,0.871298310539019,5.089036685438455,0,-0.0174206375384175
2002-06-24,69.35848583680837,1.3084333065164926,4.717848350764281,0,-0.0126044125111795
2002-06-25,69.55849990819864,1.0478899436846345,4.277460016090104,1,0.0022714376603119
2002-06-26,70.97800559923584,1.0131016090104592,2.9663066773934026,1,0.023425816269965
2002-06-27,72.05419146761874,1.1017782783588101,2.087318342719227,1,0.0184262985265553
2002-06-28,72.083650393316,1.1017782783588101,2.060830008045052,1,0.0113739065126814
2002-07-01,72.07971341032882,1.23732662912309,2.1999183427192275,1,0.001495676838769
2002-07-02,70.61875057802234,1.4235382944489143,3.699771681415929,1,0.0053692030847853
2002-07-03,72.52279283159699,1.4235382944489143,1.987730008045052,1,0.0112922039150707
2002-07-04,69.96749761162374,1.1739566371681418,4.035771681415929,1,0.0090662452377532
2002-07-05,70.43302943159621,1.1391683024939665,3.5823950120675785,0,-0.0019575862695176
2002-07-08,70.89558628033274,0.422828318584071,2.4501416733708767,0,-0.0238011843294161
2002-07-09,71.18841462275218,0.422828318584071,2.1868416733708766,0,-0.0206221799219061
2002-07-10,70.92856515620724,0.1891816572807724,2.1868416733708766,0,-0.0223625868379639
2002-07-11,71.02112174551733,0.2724049879324216,2.1868416733708766,0,-0.0197373256237237
2002-07-12,71.02112174551733,0.2724049879324216,2.1868416733708766,0,-0.0245851295882324
2002-07-15,71.19079647867014,0.1891816572807724,1.9510533386967013,0,-0.0064136533451372
2002-07-16,71.19079647867014,0.1891816572807724,1.9510533386967013,0,-4.826604243521571e-05
2002-07-17,71.11981554390975,0.12535832662912316,1.9510533386967013,0,-0.0201028999653898
2002-07-18,69.6497460785998,0.09636999195494778,3.2438950120675782,0,-0.0188062929176869
2002-07-19,72.52872246373892,0.3791166532582463,0.9379766693483507,0,-0.0312287932555877
2002-07-22,72.49926353804165,0.3791166532582463,0.964465004022526,0,-0.0103797708754234
2002-07-23,72.33062311067795,0.23476999195494774,0.9717533386967014,0,-0.0485210938059089
2002-07-24,70.43000256612517,0.1874583266291231,2.633406677393403,0,-0.0328014424977562
2002-07-25,70.49980460702075,-0.011866693483507329,2.3713183427192277,0,-0.041693940294277
2002-07-26,71.50192147576395,-0.011866693483507329,1.4702533386967014,0,-0.0151110306526189
2002-07-29,72.27800557731501,0.1874583266291231,0.9717533386967014,0,-0.0144610807831387
2002-07-30,72.27800557731501,0.1874583266291231,0.9717533386967014,0,-0.0061606125720847
2002-07-31,71.72360022715894,0.1874583266291231,1.4702533386967014,1,0.0045261893466315
2002-08-01,71.69414130146168,0.1874583266291231,1.4967416733708767,1,0.0093019092509374
2002-08-02,76.0661862295399,2.6218915526950894,0.0,1,0.0149182796348787
2002-08-05,77.49728231903953,3.908678197908288,0.0,0,-0.0101211214557395
2002-08-06,77.23505099657665,3.908678197908288,0.23578833467417537,0,-0.0048740115155293
2002-08-07,77.23505099657665,3.908678197908288,0.23578833467417537,1,0.0007736146237964
2002-08-08,77.24053943824747,3.9136131938857623,0.23578833467417537,1,0.0233219525585753
2002-08-09,77.32760758588674,3.9919015285599375,0.23578833467417537,1,0.007972707379268
2002-08-12,77.49728231903953,3.908678197908288,0.0,1,0.0096455521816398
2002-08-13,77.49728231903953,3.908678197908288,0.0,1,0.0038856841159603
2002-08-14,77.49728231903953,3.908678197908288,0.0,1,0.0193040413786397
2002-08-16,77.22872473142752,3.9860898632341124,0.3188883346741753,1,0.0093510870960057
2002-08-19,77.1937883692162,4.943306436041858,1.3075183427192274,1,0.0059525499463302
2002-08-20,77.49595320031143,4.328548109412727,0.421065004022526,1,0.0067044989640255
2002-08-21,77.5254121260087,4.328548109412727,0.3945766693483507,1,0.0104665575827947
2002-08-22,74.73404332013534,2.493421480289628,1.0693416733708767,1,0.0020269592426882
2002-08-23,68.73465280003195,-2.0755117457763457,1.8948300080450524,0,-0.0095916733135217
2002-08-26,70.61614441374685,-1.938400080450521,0.34017666934835067,0,-0.0116813170579822
2002-08-27,70.61614441374685,-1.938400080450521,0.34017666934835067,1,0.0229204849437266
2002-08-28,71.04508104544138,-1.892893403057118,0.0,1,0.0278129172206614
2002-08-29,71.01562211974411,-1.892893403057118,0.02648833467417533,1,0.0139313742586792
2002-08-30,71.04508104544138,-1.892893403057118,0.0,0,-0.0036182538049379
2002-09-02,70.02088067442712,-1.834638374899436,0.9791766693483507,0,-0.0048464562494298
2002-09-03,69.99505291362127,-1.8578617055510853,0.9791766693483507,0,-0.005910952440523
2002-09-04,70.08760950293137,-1.7746383748994359,0.9791766693483507,0,-0.008377012338048
2002-09-05,70.08760950293137,-1.7746383748994359,0.9791766693483507,0,-0.0097138924178838
2002-09-06,70.18561561323597,-1.6865150442477868,0.9791766693483507,1,0.0064601972427464
2002-09-09,71.24195524719005,-0.7366950120675784,0.9791766693483507,0,-0.0065811194299494
2002-09-11,71.24195524719005,-0.7366950120675784,0.9791766693483507,0,-0.0132018444670044
2002-09-12,71.38256956658196,-0.6102600160901044,0.9791766693483507,0,-0.0067616896323474
2002-09-13,71.38256956658196,-0.6102600160901044,0.9791766693483507,0,-0.0085037969428352
2002-09-16,71.21249632149278,-0.7366950120675784,1.005665004022526,0,-0.0098889581486338
2002-09-17,72.05339820160437,0.019411665325824612,1.005665004022526,0,-0.0257586142802639
2002-09-18,72.08285712730162,0.019411665325824612,0.9791766693483507,0,-0.0136140083107838
2002-09-19,71.99957027994428,-0.028988334674175387,1.005665004022526,0,-0.0101429624887963
2002-09-20,72.06126849919315,0.0,0.9791766693483507,1,0.0004640012456613
2002-09-23,73.02782072758909,-0.08360168946098112,0.02648833467417533,0,-0.0004123286317566
2002-09-24,73.12079810756754,0.0,0.02648833467417533,1,0.010552693608485
2002-09-25,73.15025703326481,0.0,0.0,0,-0.0071384536525444
2002-09-26,73.12079810756754,0.0,0.02648833467417533,0,-0.0152722307611593
2002-09-27,72.93885083517931,0.0,0.19008833467417535,0,-0.0293580952607733
2002-09-30,73.15025703326481,0.0,0.0,0,-0.015643712440149
2002-10-01,73.02506818578149,0.08322333065164922,0.19578833467417533,0,-0.0004712165327121
2002-10-03,73.2428136225749,0.08322333065164922,0.0,1,0.0132008202977558
2002-10-04,73.5311396032631,0.34247497988736986,0.0,1,0.0068840756376076
2002-10-07,73.19318958132145,0.6244566371681425,0.5858533386967013,1,0.0038678701785438
2002-10-08,73.59598332894116,0.6244566371681425,0.22367666934835068,1,0.0106116895056866
2002-10-09,74.037741147198,0.7979916331456164,0.0,1,0.0183691341834888
2002-10-10,74.58064503487387,1.28614995977474,0.0,1,0.0156831453891481
2002-10-11,74.05810641345057,0.816303298471441,0.0,1,0.0023143991609874
2002-10-14,73.90962179646986,0.7092799678197917,0.02648833467417533,0,-0.000823002978402
2002-10-16,73.89734925723444,0.6717566371681425,0.0,0,-0.0064401675488212
2002-10-17,73.83565103798556,0.6427683024939671,0.02648833467417533,0,-0.0111582932705086
2002-10-18,73.76843100370432,0.8029266291230903,0.24708833467417535,0,-0.0148266064914982
2002-10-21,72.13640696743988,0.766803298471441,1.6784183427192272,0,-0.0213668831350417
2002-10-22,72.53682440645642,0.5674782783588106,1.1190533386967012,0,-0.0319866822232986
2002-10-23,72.56628333215369,0.5674782783588106,1.0925650040225259,0,-0.0368648962347039
2002-10-24,72.78796208354869,0.766803298471441,1.0925650040225259,0,-0.0106169380323117
2002-10-25,73.14581953932742,0.6570866452131944,0.6610766693483507,1,0.005936005023356
2002-10-28,73.60623548244791,0.6570866452131944,0.24708833467417535,1,0.0306304294136709
2002-10-29,74.90543092093748,1.8252732904263884,0.24708833467417535,1,0.0154105837908732
2002-10-30,78.04848105283094,4.65138326629123,0.24708833467417535,1,0.0256350064052221
2002-10-31,77.70410840351396,4.341736604987933,0.24708833467417535,1,0.011391668364174
2002-11-01,77.58427826211376,4.233989943684635,0.24708833467417535,1,0.0096750486676769
2002-11-04,78.61060468625608,5.183311584875302,0.2735766693483507,0,-0.0053672518831367
2002-11-05,78.610061586244,5.182823250201126,0.2735766693483507,0,-0.0086101713860043
2002-11-07,79.18531598218563,5.673581576830251,0.24708833467417535,0,-0.0008851631621139
2002-11-08,77.78935076880613,4.418383266291232,0.24708833467417535,1,0.0059387546912622
2002-11-11,79.03737446521703,5.567046580852776,0.2735766693483507,1,0.0185368375330743
2002-11-12,79.03683136520493,5.566558246178601,0.2735766693483507,1,0.0312813937496942
2002-11-13,78.44308937959289,5.150488254223654,0.3913766693483507,1,0.0349104091134913
2002-11-14,78.610061586244,5.182823250201126,0.2735766693483507,1,0.0301010818364092
2002-11-15,77.1552044685875,3.848183266291232,0.24708833467417535,1,0.0184088035808853
2002-11-18,74.8705299004897,1.573291633145616,0.02648833467417533,1,0.0231046470009214
2002-11-20,75.40762467591098,2.2830266291230896,0.25328833467417533,1,0.0242639381620303
2002-11-21,75.20230933998748,2.098414963797265,0.25328833467417533,1,0.0267999803993382
2002-11-22,74.96889372312516,1.6352482703137574,0.0,1,0.0106765182341405
2002-11-25,75.19057247452017,1.834573290426388,0.0,1,0.0226417495338875
2002-11-26,75.19057247452017,1.834573290426388,0.0,1,0.0134210901078197
2002-11-27,74.63928856260496,1.338879967819791,0.0,1,0.0350679096536018
2002-11-28,74.63928856260496,1.338879967819791,0.0,1,0.0050363578684148
2002-11-29,75.19057247452017,1.834573290426388,0.0,0,-0.0131798414033613
2002-12-02,75.15980491937036,1.833396621078037,0.02648833467417533,0,-0.0207685398423701
2002-12-03,75.24463579916737,1.8831849557522125,0.0,1,0.0139309481869828
2002-12-04,75.24463579916737,1.8831849557522125,0.0,1,0.0212413418139905
2002-12-05,73.9573792557707,0.8392099758648437,0.11347666934835066,1,0.0168278329224897
2002-12-06,73.94158676635803,0.7985216411906684,0.08698833467417533,0,-4.673880022350884e-05
2002-12-09,73.34478821029901,1.1600449718423176,0.985130008045052,1,0.0171848866544432
2002-12-10,73.95623373526743,1.1504683024939668,0.42576500402252604,1,0.0209319703431256
2002-12-11,74.0179319545163,1.1794566371681423,0.3992766693483507,1,0.0080998487714568
2002-12-12,74.09245878657148,1.2729566371681422,0.42576500402252604,0,-0.0034879700517185
2002-12-13,73.99634332640784,1.1600449718423176,0.3992766693483507,0,-0.0076242773967287
2002-12-16,73.53472996854897,0.7714683024939669,0.42576500402252604,0,-0.0022743633466534
2002-12-17,73.55003867842865,0.7587449718423176,0.3992766693483507,1,0.0056212547266306
2002-12-18,73.64934044462701,0.8480333065164929,0.3992766693483507,0,-0.0018106274822864
2002-12-19,73.7007086690165,0.8942216411906683,0.3992766693483507,1,0.0083295252528302
2002-12-20,73.87031110813145,0.9597333065164929,0.3122883346741754,1,0.0142590153352234
2002-12-23,74.31797627979827,1.0499683024939668,0.0,1,0.0206041137320315
2002-12-24,73.95591306468367,1.0420032984714407,0.31758833467417535,1,0.0063851017362213
2002-12-26,73.84693007103742,0.6264216411906681,0.0,0,-0.0011881370497014
2002-12-27,73.89640764528596,0.6709099758648435,0.0,1,0.0015919586723888
2002-12-30,73.8275193902921,0.635456637168142,0.02648833467417533,1,0.0010068650736196
2002-12-31,73.93289904509372,0.703721641190668,0.0,0,-0.0035729047215746
2003-01-01,73.93289904509372,0.703721641190668,0.0,0,-0.0144658050117343
2003-01-02,66.64894878183493,0.5336866452131943,6.379413354786806,0,-0.0103456333470743
2003-01-03,66.41617638506932,0.47147497988736964,6.526501689460981,0,-0.000229468322905
2003-01-06,66.10011714094634,0.5260633145615449,6.865278358809332,1,0.0119174532344516
2003-01-07,64.41586110969656,0.5260633145615449,8.379696701528557,0,-0.0014338246252839
2003-01-08,63.38957915354534,0.24726999195494792,9.023696701528559,0,-0.0144239937738776
2003-01-09,64.3461962306327,0.21778165728077248,8.13405502815768,0,-0.0169098363673925
2003-01-10,69.47507965686796,0.21778165728077248,3.5223600160901043,1,0.0043874911625173
2003-01-13,70.6132250946044,0.21778165728077248,2.4989833467417535,1,0.0135055935623808
2003-01-14,70.74061783656842,0.588828318584071,2.7554833467417534,1,0.0069731747150094
2003-01-15,67.25342115317193,0.5752049879324217,5.877413354786805,0,-0.0080042993341042
2003-01-16,66.93706163826796,0.20415832662912314,5.790825020112631,0,-0.0096480840732632
2003-01-17,66.6661685416583,0.20415832662912314,6.034401689460981,0,-0.0033188930621504
2003-01-20,67.6511323973012,0.14144666130329853,5.08604835076428,0,-0.0050762712336262
2003-01-21,66.5260380017994,0.20415832662912314,6.16040168946098,0,-0.0204791711574316
2003-01-22,66.04283601583208,0.20415832662912314,6.594878358809331,0,-0.0426840866666644
2003-01-23,66.93706163826796,0.20415832662912314,5.790825020112631,0,-0.0233348644703187
2003-01-24,66.11589110948545,0.20415832662912314,6.529190024135156,0,-0.0180107579656417
2003-01-27,66.83083861267328,0.14144666130329853,5.8236250201126305,0,-0.0029436623982547
2003-01-28,66.4198149762047,0.14144666130329853,6.193201689460981,0,-0.0041665729203016
2003-01-29,66.84076266935229,0.20415832662912314,5.877413354786805,1,0.017300312012535
2003-01-30,73.19511548375314,0.06682333065164925,0.02648833467417533,1,0.0193362969097169
2003-01-31,72.30798165590681,0.06682333065164925,0.824165004022526,1,0.0053129238291782
2003-02-03,70.63211862245517,0.10054666130329848,2.364760016090104,1,0.0078342936918201
2003-02-04,71.7506513498207,0.10054666130329848,1.3590183427192275,1,0.0025564564413013
2003-02-05,70.76515182040971,0.06682333065164925,2.2114183427192273,1,0.0011450382930449
2003-02-06,70.83199186362812,0.06682333065164925,2.151318342719227,0,-0.0147757944878771
2003-02-07,69.5558678862784,0.06682333065164925,3.298760016090104,0,-0.0124172008637675
2003-02-10,73.2245744094504,0.06682333065164925,0.0,0,-0.0120887973190039
2003-02-11,72.81355077298183,0.06682333065164925,0.36957666934835065,1,0.0096857655890439
2003-02-12,73.12827544053472,0.06682333065164925,0.08658833467417537,1,0.0141178815457848
2003-02-14,70.56796070593569,0.26478165728077263,2.586683346741753,1,0.0269501622275702
2003-02-17,70.15663679868614,0.12953499597747387,2.821283346741753,1,0.0069686693160932
2003-02-18,70.27741597827881,0.12953499597747387,2.712683346741753,1,0.0064457161697927
2003-02-19,70.5921406458317,0.12953499597747387,2.4296950120675778,1,0.0054815194995737
2003-02-20,70.68843961474738,0.12953499597747387,2.3431066773934024,0,-0.009476062705457
2003-02-21,69.79953932503304,0.12953499597747387,3.1423716814159284,0,-0.0155972535219115
2003-02-24,53.91323282997701,0.42264666130329864,17.719840064360408,0,-0.0162030769207849
2003-02-25,53.05986935456319,-0.006288334674175333,18.058216733708758,1,0.0074093639895706
2003-02-26,54.11304675067089,0.11291166532582464,17.23044006436041,1,0.0087266382592592
2003-02-27,54.072329191724535,0.0,17.15414006436041,0,-0.00604893368768
2003-02-28,52.54928260179157,0.0,18.52360506838293,0,-0.0215777584264244
2003-03-03,52.485817920674684,-0.028988334674175387,18.55168173773129,0,-0.0264117548607
2003-03-04,52.518057214226296,0.0,18.55168173773129,0,-0.0285913743065567
2003-03-05,52.36802856480593,0.0,18.686581737731284,0,-0.0332159089084361
2003-03-06,52.96066582952022,0.0,18.153705068382937,0,-0.0163264942352574
2003-03-07,52.99012475521747,0.0,18.12721673370876,0,-0.015256884013832
2003-03-10,53.249366253956445,-0.07878833467417534,17.815328399034588,0,-0.007027716017536
2003-03-11,53.68430105397237,0.0,17.503040064360412,0,-0.0214697793684607
2003-03-12,53.68430105397237,0.0,17.503040064360412,1,0.0021938580797623
2003-03-13,53.6773075005382,-0.006288334674175333,17.503040064360412,1,0.0252865465543269
2003-03-17,53.94659724422913,-0.7192183427192274,16.547975060337883,1,0.0371172552441336
2003-03-19,54.8400962579009,0.008704987932422026,16.472498390989532,1,0.0325841520946737
2003-03-20,54.8400962579009,0.008704987932422026,16.472498390989532,0,-0.0111322043136345
2003-03-21,55.78761967554357,0.008704987932422026,15.62052172164118,0,-0.0188560083811816
2003-03-22,56.16644293913684,0.3493283185840713,15.62052172164118,0,-0.0227216015776816
2003-03-24,52.270904745970725,0.40458165728077256,19.178493403057118,0,-0.0111079194286543
2003-03-25,51.859024765150295,0.060723330651649254,19.204981737731295,0,-0.01063681185402
2003-03-26,51.368456660929965,0.08171166532582463,19.667070072405465,0,-0.035796096109216
2003-03-27,51.859024765150295,0.060723330651649254,19.204981737731295,0,-0.0185209118947141
2003-03-28,51.888483690847565,0.060723330651649254,19.178493403057118,0,-0.001200000144
2003-03-31,53.115764008872254,0.0522699919549478,18.066516733708763,1,0.0311495232408711
2003-04-01,53.086833330699115,0.026256637168142194,18.066516733708763,1,0.0326325019963388
2003-04-02,53.36131312420909,0.246569991954948,18.040028399034586,1,0.0316142336012018
2003-04-03,53.26095853134806,0.08171166532582463,17.965405068382942,1,0.0088297527670219
2003-04-04,53.64215067730053,0.0,17.540940064360413,0,-0.0119696750091181
2003-04-07,53.9013921760395,-0.07878833467417534,17.229051729686237,0,-0.0695470032459531
2003-04-08,54.13943058504761,0.13524666130329877,17.229051729686237,0,-0.0694419879981286
2003-04-09,52.45079825926873,0.13524666130329877,18.747405068382946,0,-0.0548692102458141
2003-04-10,52.45079825926873,0.13524666130329877,18.747405068382946,0,-0.0036962845009529
2003-04-11,52.45079825926873,0.13524666130329877,18.747405068382946,0,-0.0096271571371155
2003-04-15,60.75664863683485,0.503928318584071,11.647785036202734,0,-0.0042140812468308
2003-04-16,60.97439407362825,0.503928318584071,11.451996701528557,0,-0.0159296799557955
2003-04-17,72.45672762299219,0.1764349959774738,0.800030008045052,0,-0.0069337309098981
2003-04-21,73.05624722642648,0.2054233306516492,0.28995333869670137,0,-0.018648310667929
2003-04-22,73.62777221632129,0.5972283185840712,0.16786500402252602,0,-0.0205596705378729
2003-04-23,75.80955465293485,2.570114963797266,0.17897666934835071,0,-0.005043740906509
2003-04-24,76.07827534949614,2.8006266291230912,0.16786500402252602,1,0.0027926978408356
2003-04-25,76.26743860474689,2.8597382944489165,0.05688833467417537,1,0.0104932757158387
2003-04-28,75.91905479947566,2.9924382944489167,0.5028416733708767,1,0.0094229201345051
2003-04-29,76.05483499192302,2.9924382944489167,0.38075333869670136,1,0.0139534670564881
2003-04-30,76.16914143936165,3.008929927594532,0.29446500402252607,1,0.0188774893652271
2003-05-02,76.17834819244975,3.1239082864038643,0.4011650040225261,1,0.0125501395713627
2003-05-05,75.55121584546804,2.5290149637972665,0.37016500402252606,0,-0.0040806649274855
2003-05-06,75.7986685845046,2.522726629123091,0.1413766693483507,0,-0.0148174378454475
2003-05-07,74.47448687707303,2.5290149637972665,1.3383183427192273,0,-0.0150043903897746
2003-05-08,75.43792142508654,2.506668302493968,0.44968833467417535,1,0.0028105546805359
2003-05-09,75.43792142508654,2.506668302493968,0.44968833467417535,1,0.0151325638984753
2003-05-12,76.24008533237492,3.256431617055511,0.4781766693483507,1,0.0251615457759869
2003-05-13,76.77188814843618,3.256431617055511,0.0,1,0.0301488437157568
2003-05-14,76.86187382576149,3.423931617055511,0.08658833467417537,1,0.0150104449628751
2003-05-15,75.62621348349744,2.7683499597747376,0.542065004022526,1,0.0121157120434566
2003-05-16,75.24222799613186,3.0045732904263867,1.1235533386967014,0,-0.0052547645513662
2003-05-19,75.1700181522008,2.4447449718423173,0.6286533386967014,0,-0.0034200468614337
2003-05-20,75.76990289420992,2.8975499597747376,0.542065004022526,0,-0.0037639581419927
2003-05-21,75.7030628509915,2.8975499597747376,0.602165004022526,1,0.0148173645866278
2003-05-22,75.31339243964429,2.8975499597747376,0.9525416733708767,1,0.0140201255313774
2003-05-23,74.75848291015245,3.128061625100563,1.6820066773934028,1,0.0233839214601615
2003-05-26,74.89707684381568,3.0248799678197926,1.4542066773934028,1,0.0203024529661982
2003-05-27,75.19863925441975,2.794368302493968,0.9525416733708767,1,0.0301991542235162
2003-05-28,76.3153887885001,3.44812992759453,0.602165004022526,1,0.0242789661930457
2003-05-29,76.38222883171852,3.44812992759453,0.542065004022526,1,0.0079970623636037
2003-05-30,75.90526417491812,3.079361625100562,0.602165004022526,1,0.0140545253009092
2003-06-02,75.00034896636278,3.049661625100562,1.3861300080450518,1,0.0194133499031122
2003-06-03,75.9685323737242,3.049661625100562,0.5155766693483507,1,0.0347620135099274
2003-06-04,75.707537386676,2.9885616251005622,0.6891533386967014,1,0.029956657252172
2003-06-05,76.07943196462898,3.2363666130329842,0.602565004022526,1,0.0026533532222765
2003-06-06,75.90458946038908,3.0791549477071616,0.602565004022526,0,-0.0022004314068698
2003-06-09,77.56667851122756,4.486653258246183,0.5155766693483507,0,-0.0007606732324568
2003-06-10,77.49148439088734,4.419041592920358,0.5155766693483507,1,0.0175744733391935
2003-06-11,77.80353247905609,4.988199919549482,0.8041533386967015,1,0.0073477118591792
2003-06-12,78.08659987374578,4.980634915526956,0.542065004022526,1,0.0287374750360062
2003-06-13,80.3658193735343,7.003533226065977,0.5155766693483507,1,0.0285140295960685
2003-06-16,84.33456091681506,10.082984875301696,0.02648833467417533,1,0.038011431357632
2003-06-17,84.3979458776501,10.555054867256649,0.441565004022526,1,0.0167724580734093
2003-06-18,84.9403993591545,10.601243201930826,0.0,1,0.0022518909307032
2003-06-19,84.87870113990562,10.572254867256651,0.02648833467417533,0,-0.0066118979111045
2003-06-20,84.9403993591545,10.601243201930826,0.0,1,0.0058000071968534
2003-06-23,84.8456314491197,10.542519871279168,0.02648833467417533,1,0.0246209530448413
2003-06-24,85.13176650888595,10.799801528559948,0.02648833467417533,1,0.0363692894584012
2003-06-25,85.41714346545575,11.02991319388577,0.0,1,0.0245460377843344
2003-06-26,85.42680429310089,11.03859983909897,0.0,1,0.0127724750967535
2003-06-27,84.43851884852079,10.149971520514907,0.0,1,0.0073030178300308
2003-06-30,83.92391539248013,9.884448189863246,0.19718833467417535,1,0.0092154417313633
2003-07-01,84.38938789197353,10.105794851166543,0.0,1,0.0068307781629742
2003-07-02,84.38938789197353,10.105794851166543,0.0,1,0.0059357792941443
2003-07-03,83.95389701838673,10.105794851166543,0.39157666934835067,1,0.0010914410286505
2003-07-04,86.59793039616821,12.091631456154476,0.0,1,0.002281203007246
2003-07-07,82.92051208354356,10.051391472244593,1.2663533386967014,1,0.0189332156937211
2003-07-08,82.48236503037538,10.098991472244593,1.7079183427192273,1,0.0136510537888942
2003-07-09,81.82840953747504,10.142391472244592,2.339330008045052,1,0.0263360878364304
2003-07-10,83.36549512851143,10.121614802896241,0.9364650040225261,0,-0.0021531314837895
2003-07-11,83.84207057854863,9.613668141592937,0.0,1,0.0060933933815996
2003-07-14,83.92359096403798,9.713456476267117,0.02648833467417533,0,-0.0167854166920138
2003-07-15,83.9075630716382,9.69904481094129,0.02648833467417533,0,-0.0172624240057381
2003-07-16,83.99153018083936,9.748056476267118,0.0,0,-0.0463631651914687
2003-07-17,79.11494480468758,5.389706516492359,0.02648833467417533,0,-0.0378605275142134
2003-07-18,76.62771862657627,3.1267999195494753,0.0,0,-0.0185481513224028
2003-07-21,76.66985602968934,3.191176588897826,0.02648833467417533,1,0.0209740534173524
2003-07-22,76.35084588251877,3.3929115848753004,0.5150650040225261,1,0.0471488543625833
2003-07-23,77.16648162271017,3.61123491552695,0.0,1,0.0438396431709525
2003-07-24,76.84454651960952,3.32176323411102,0.0,1,0.0305096691541449
2003-07-25,77.43021805693637,3.8483765888978274,0.0,1,0.0172656958741802
2003-07-28,80.03000470989392,6.186004907481905,0.0,1,0.0141400627738124
2003-07-29,80.17307872655644,6.314651568785203,0.0,1,0.0177182445774811
2003-07-30,80.17100456766345,6.601363234111028,0.2885766693483507,1,0.0172634807775033
2003-07-31,80.77834069552222,6.858879887369275,0.0,0,-0.0011812852067675
2003-08-01,80.71971756759389,6.80616822204345,0.0,0,-0.0208728213259966
2003-08-04,79.75078348327999,5.961428238133554,0.02648833467417533,0,-0.005540411164756
2003-08-05,79.75078348327999,5.961428238133554,0.02648833467417533,1,0.0317421024044402
2003-08-06,81.10596626991928,7.1534682220434505,0.0,1,0.0514277800282089
2003-08-07,80.68709273566466,6.776833226065978,0.0,1,0.0310918658296002
2003-08-08,80.74781596960352,6.831433226065977,0.0,1,0.0196398367939642
2003-08-11,79.73087604944288,5.943528238133556,0.02648833467417533,1,0.0120133670871
2003-08-12,79.25322182562549,5.929116572807731,0.441565004022526,1,0.0370847097841871
2003-08-13,79.71738014835155,5.904904907481907,0.0,1,0.024401115594737
2003-08-14,79.67170982150247,5.890328238133555,0.02648833467417533,1,0.031282751268797
2003-08-18,78.88103243473348,5.452269831053918,0.29937666934835067,1,0.0151415365936532
2003-08-19,78.37415468820593,5.411581496379743,0.7144533386967014,1,0.025843028097329
2003-08-20,79.01868842483383,5.549556476267112,0.27288833467417534,0,-0.0127420133178924
2003-08-21,76.47354344882635,3.2610598551890746,0.27288833467417534,1,0.0131724028200451
2003-08-22,76.47354344882635,3.2610598551890746,0.27288833467417534,1,0.0219888547898441
2003-08-25,76.54355127720592,3.324008205953353,0.27288833467417534,1,0.0535702218937198
2003-08-26,76.52752338480613,3.3095965406275294,0.27288833467417534,1,0.0286775423661269
2003-08-27,76.61497519189379,3.3882298471440215,0.27288833467417534,1,0.0262509321393233
2003-08-28,76.03352811372196,2.865414963797266,0.27288833467417534,1,0.0325721074026469
2003-08-29,76.03352811372196,2.865414963797266,0.27288833467417534,1,0.0020619323185917
2003-09-01,75.77815873017632,3.0568616251005643,0.6939533386967014,0,-0.0023647983661603
2003-09-02,76.01063640347574,3.265896621078038,0.6939533386967014,1,0.0093037293042812
2003-09-03,76.31448797615715,3.512619951729687,0.6674650040225261,1,0.0417822865934063
2003-09-04,76.33572998656433,3.531719951729688,0.6674650040225261,1,0.0247157108280657
2003-09-05,75.26862480406736,2.572219951729688,0.6674650040225261,1,0.0079417785959124
2003-09-08,71.91198310048127,1.0547983105390193,2.1682066773934032,0,-0.0100692217529152
2003-09-09,72.83544521918608,0.8908866452131946,1.1739533386967014,0,-0.0251529011585502
2003-09-10,72.73667357944105,0.91987497988737,1.2917533386967015,0,-0.0586556311127357
2003-09-11,77.25406316538556,3.7164732099758675,0.02648833467417533,0,-0.0327434995542702
2003-09-12,77.31576138463444,3.745461544650043,0.0,0,-0.0224794814181304
2003-09-15,76.93815405665309,3.847496540627517,0.441565004022526,0,-0.020444548536503
2003-09-16,77.26880282813558,3.703238213998393,0.0,0,-0.0267170101667247
2003-09-17,77.23545138744224,3.6732498793242176,0.0,0,-0.0292703823001131
2003-09-18,83.18099922287037,9.019258165728072,0.0,1,0.0196543172586685
2003-09-19,83.05542483700945,8.906346500402247,0.0,1,0.0370467723476487
2003-09-22,83.07145272940924,8.92075816572807,0.0,1,0.040831204701189
2003-09-23,83.05542483700945,8.906346500402247,0.0,1,0.0432824495317601
2003-09-24,84.32526701720114,10.048139823008846,0.0,1,0.0201305499093823
2003-09-25,84.32526701720114,10.048139823008846,0.0,1,0.0431887759207495
2003-09-26,83.94452715634938,9.70579316170555,0.0,1,0.0241481924217691
2003-09-29,84.87922008225654,10.572721480289616,0.02648833467417533,1,0.0346441595486052
2003-09-30,84.5190419699681,10.222374818986314,0.0,1,0.0426860383418987
2003-10-01,84.60278664974092,10.297674818986314,0.0,1,0.0393330447997279
2003-10-03,80.84921041556842,6.922603218020926,0.0,1,0.020015012894529
2003-10-06,90.94865744088865,16.589491472244596,0.5858533386967013,1,0.0155655608312851
2003-10-07,91.10912729988257,16.589491472244596,0.441565004022526,1,0.0301594027615876
2003-10-08,90.38453194260838,15.496398149637995,0.0,1,0.0450602612880984
2003-10-09,90.57084253596692,15.69040981496382,0.02648833467417533,1,0.0123723831702105
2003-10-10,90.60030146166419,15.69040981496382,0.0,1,0.0090847329171376
2003-10-13,90.49272900701143,16.248249798873715,0.654565004022526,1,0.0057696496819775
2003-10-14,90.58598625796812,16.305614802896248,0.6280766693483507,1,0.0314887273209466
2003-10-15,90.48497735038082,16.214791472244595,0.6280766693483507,1,0.0037016634792978
2003-10-16,90.07231886656118,15.843744810941297,0.6280766693483507,0,-0.0321365255227199
2003-10-17,81.7627651195386,8.372113193885768,0.6280766693483507,0,-0.0492012206381269
2003-10-20,74.959840863286,1.6271082864038622,0.0,0,-0.0479656516420489
2003-10-21,74.66357041204193,1.6783016090104592,0.31758833467417535,0,-0.0002987502304339
2003-10-22,75.06814359508844,1.7244899436846346,0.0,1,0.0184683885137999
2003-10-23,75.05856615611073,1.7158782783588098,0.0,1,0.0100482956596421
2003-10-24,75.05856615611073,1.7158782783588098,0.0,0,-0.0162665076719743
2003-10-25,75.32043046106955,1.951336604987933,0.0,0,-0.0155611668708351
2003-10-27,75.30154990677757,2.0786482703137574,0.14428833467417534,1,0.0210190440569862
2003-10-28,75.25891575057273,1.8960249396621087,0.0,1,0.0488303346529695
2003-10-29,72.34157216797287,1.5619683024939666,2.289106677393403,1,0.0666031073548751
2003-10-30,72.39451037191957,1.4917683024939667,2.171306677393403,1,0.0649875418474416
2003-10-31,73.28929206792634,1.6239566371681415,1.498941673370877,1,0.0336519329321958
2003-11-03,72.65897896222471,1.4976799678197912,1.9394183427192275,1,0.0065653579946216
2003-11-04,72.16586589313714,1.4888683024939664,2.373995012067578,0,-0.0166008639936012
2003-11-05,71.8160696699432,1.5034449718423173,2.7030950120675783,0,-0.0091458818030006
2003-11-06,71.94708060323987,1.5034449718423173,2.5852950120675784,0,-0.0068775847987066
2003-11-07,71.49464062510755,0.42426331456154487,1.9129300080450522,1,0.0073533194266148
2003-11-10,71.81348766332887,0.2103816572807724,1.4123533386967015,0,-0.0091670064994516
2003-11-11,71.21784760133188,0.1959699919549478,1.9335183427192277,0,-0.0321769096923017
2003-11-12,71.59782935898721,0.10305832662912318,1.498941673370877,0,-0.0258967291920128
2003-11-13,71.72747976859625,0.13304666130329856,1.4123533386967015,0,-3.16470718572977e-05
2003-11-14,71.23029067576059,0.14745832662912317,1.8738183427192276,1,0.0089571525228669
2003-11-15,71.72747976859625,0.13304666130329856,1.4123533386967015,0,-0.0143071332620501
2003-11-17,71.41416751896608,0.46759332260659714,2.0286183427192275,0,-0.037139204813595
2003-11-18,71.51993271214529,0.46759332260659714,1.9335183427192277,0,-0.0152655052936298
2003-11-19,71.96989447213345,0.43760498793242175,1.498941673370877,1,0.0021397317290156
2003-11-20,72.14724302056425,0.5104816572807724,1.4123533386967015,1,0.0299930277631652
2003-11-21,71.87634992395456,0.5104816572807724,1.6559300080450523,1,0.0367349885360088
2003-11-24,73.5094527339992,0.8079399839098957,0.484965004022526,1,0.0451780607903938
2003-11-25,73.4492003060346,0.8769516492357204,0.6081533386967014,1,0.0551855598745273
2003-11-27,74.65263432830581,1.6601449718423171,0.309265004022526,1,0.0369417322633688
2003-11-28,75.01448808755082,1.849821641190668,0.1735766693483507,1,0.0336332393585362
2003-12-01,73.70785790515595,1.925568302493966,1.424195012067578,1,0.0105316244133713
2003-12-02,73.19061866933667,1.496486645213194,1.4601950120675782,0,-0.0076869912154945
2003-12-03,74.90264500576836,1.7492566371681422,0.1735766693483507,0,-0.0146230087393203
2003-12-04,75.08293703100276,1.8512683024939665,0.11347666934835066,1,0.0003879381138161
2003-12-05,75.0321378537429,1.865691633145616,0.1735766693483507,1,0.0246659367946533
2003-12-08,75.00648617544509,1.669049959774739,0.0,1,0.0294187271168143
2003-12-09,75.03071800957618,1.6908382944489144,0.0,1,0.0136604835577804
2003-12-10,74.88469308986608,1.6461266291230898,0.08658833467417537,1,0.0217256445166116
2003-12-11,74.98099205878177,1.6461266291230898,0.0,1,0.0238089138942482
2003-12-12,74.42763953528835,1.6908382944489144,0.5422650040225261,1,0.0200172760347307
2003-12-15,74.35020072086189,1.5571199517296872,0.4781766693483507,1,0.0184772716989313
2003-12-16,74.728428990208,1.5571199517296872,0.13808833467417536,1,0.0240708105036357
2003-12-17,74.22397944651871,1.7091266291230904,0.7436766693483507,1,0.0317423878951311
2003-12-18,74.76222716868723,1.4494216411906686,0.0,1,0.0136864482290079
2003-12-19,74.41536144873814,1.4494216411906686,0.3118883346741753,1,0.0168099295912803
2003-12-22,74.77784912290664,1.4634683024939672,0.0,1,0.0264203774176749
2003-12-23,75.83628322608365,2.7535482703137593,0.33837666934835064,1,0.0513199749280999
2003-12-24,75.24364596136938,2.7535482703137593,0.8712533386967014,1,0.0350665350809504
2003-12-26,77.71341706614302,4.414906596942884,0.3118883346741753,1,0.0229777651227303
2003-12-29,77.31306261599113,4.8673882542236555,1.1243533386967013,1,0.0201786948630586
2003-12-30,78.43784188822399,5.092769911504429,0.33837666934835064,1,0.0381267869021816
2003-12-31,78.40881484782464,5.040181576830253,0.3118883346741753,1,0.0392514041613298
2004-01-01,77.89198155018573,4.601953258246182,0.33837666934835064,1,0.0075281356847391
2004-01-02,77.92843402931717,4.608241592920357,0.3118883346741753,0,-0.0151706337075979
2004-01-05,77.34805078296476,3.7744949316170584,0.0,1,0.0069070376925503
2004-01-06,76.41214746876047,2.9329666130329866,0.0,1,0.0231888500509258
2004-01-07,75.89847265110953,2.9329666130329866,0.4618766693483507,1,0.0149393693328439
2004-01-08,76.41214746876047,2.9329666130329866,0.0,0,-0.0025177079281191
2004-01-09,76.41214746876047,2.9329666130329866,0.0,1,0.0051845692187924
2004-01-12,72.25400726724182,-0.19289670152855926,0.6129766693483507,0,-0.0005912520576862
2004-01-13,73.89578670392123,0.6703516492357202,0.0,0,-0.0325835902708703
2004-01-14,73.86243526322787,0.6403633145615448,0.0,0,-0.023893925496132
2004-01-15,74.09431051603612,1.1872333065164926,0.33837666934835064,0,-0.0266842317202295
2004-01-16,74.156008735285,1.2162216411906681,0.3118883346741753,0,-0.0408351480016531
2004-01-19,74.40378214490529,1.1271216411906684,0.0,0,-0.0890261961083421
2004-01-20,73.48652952932065,0.6407399839098956,0.33837666934835064,0,-0.0244344919383291
2004-01-21,73.57317876522077,0.6921633145615449,0.3118883346741753,1,0.04296373093314
2004-01-22,73.9745915893501,1.0795866452131944,0.33837666934835064,1,0.0509797744743496
2004-01-23,74.00405051504735,1.0795866452131944,0.3118883346741753,0,-0.0021402552092497
2004-01-27,74.265612670296,2.1678382944489147,1.1649533386967015,0,-0.0511358016712631
2004-01-28,74.3588106007736,2.225149959774739,1.1384650040225262,0,-0.0518273518665228
2004-01-29,74.32935167507631,2.225149959774739,1.1649533386967015,0,-0.011675619566595
2004-01-30,73.81544145443827,2.225149959774739,1.6270416733708768,0,-0.0029051690904075
2004-02-03,75.26353487433292,3.0386432823813356,1.1384650040225262,1,0.0358941007497568
2004-02-04,74.54083571451446,2.2277966210780376,0.9774416733708768,1,0.0315994856682743
2004-02-05,74.58265244704378,2.2277966210780376,0.9398416733708768,1,0.0413870883574875
2004-02-06,74.67661590696181,2.2277966210780376,0.8553533386967014,1,0.0310616491635419
2004-02-09,75.08175813713794,2.0713966210780375,0.334665004022526,1,0.0024429114645049
2004-02-10,75.25847831796001,2.2302966210780375,0.334665004022526,1,0.0173156513159816
2004-02-11,75.21666158543069,2.2302966210780375,0.37226500402252605,1,0.0115899905793247
2004-02-12,74.97928303846363,2.3083316170555115,0.6637416733708768,1,0.0182903085863333
2004-02-13,73.87134353499134,1.4514266291230893,0.8030533386967014,1,0.0014882314988174
2004-02-16,67.91877056222387,0.9547566371681419,5.658708366854385,0,-0.0292980643728037
2004-02-17,67.91754720036796,0.9547566371681419,5.659808366854384,0,-0.0357602214467377
2004-02-18,65.9132041270966,0.052839983909895416,6.56012003218021,0,-0.0581426409518639
2004-02-19,65.18389695222159,0.052839983909895416,7.215885036202735,0,-0.0200841069336862
2004-02-20,67.2418344230951,0.052839983909895416,5.3654666934835085,0,-0.0361907360741695
2004-02-23,62.13896781373251,0.052839983909895416,9.953768382944487,0,-0.023728029835784
2004-02-24,64.25100010368557,1.1893333065164922,9.19120337892196,0,-0.0116246666823418
2004-02-25,66.73068971782342,1.2761566371681416,7.0483850362027365,1,0.0362177240780033
2004-02-26,68.49878867000142,1.2466449718423167,5.429066693483509,1,0.05218767288246
2004-02-27,66.74740529831102,1.1893333065164922,6.9465316975060345,1,0.0239024592419001
2004-03-01,65.5833987264072,1.2125566371681418,8.016385036202736,1,0.0080636927635942
2004-03-03,66.38277117121166,1.1893333065164922,7.274396701528561,1,0.0132689197328144
2004-03-04,65.7287971574378,0.052839983909895416,6.725931697506035,1,0.0119681204268549
2004-03-05,66.07721988338533,0.052839983909895416,6.41264336283186,0,-0.0125808154414347
2004-03-08,65.326435295116,0.052839983909895416,7.08772003218021,0,-0.0432782642187017
2004-03-09,65.76249521583243,0.052839983909895416,6.695631697506035,0,-0.0292823205443716
2004-03-10,65.25006970715495,0.15986331456154468,7.263408366854386,0,-0.0448831482251998
2004-03-11,66.10364263843836,0.2451866452131939,6.581231697506034,0,-0.0315378835146007
2004-03-12,64.505789345472,-0.03616500402252604,7.736608366854386,0,-0.0350115068297941
2004-03-15,69.70247482667693,-0.08003000804505206,3.020083346741753,0,-0.0268690464482487
2004-03-16,68.39240441438668,0.002134995977474019,4.280213354786806,0,-0.0139592705497553
2004-03-17,69.50490560006928,0.03972333065164935,3.3174833467417533,0,-0.037764506171704
2004-03-18,69.81474979375731,-0.06566500402252601,2.933495012067578,0,-0.0118663586042423
2004-03-19,69.81006580220324,-0.009776669348350642,2.993595012067578,0,-0.0193146587251176
2004-03-22,70.25707665914379,0.11765832662912329,2.7190950120675783,1,0.0114769142456657
2004-03-23,69.6112657874957,-0.028453338696701358,3.153671681415929,1,0.0296778365075295
2004-03-24,70.1750854676802,-0.06914167337087668,2.6060183427192274,1,0.0405075428634237
2004-03-25,71.06047135453208,1.163928318584071,3.042983346741753,1,0.0264590204978868
2004-03-26,70.88350279716413,1.1442049879324216,3.1823833467417533,1,0.0138662220560583
2004-03-29,74.51410714136564,1.457598310539019,0.23127666934835067,1,0.0321662709470334
2004-03-30,74.27000381731308,1.4114099758648435,0.4045766693483507,1,0.0506617205331464
2004-03-31,74.6560300902101,1.440921641190668,0.08698833467417533,1,0.0466944408018084
2004-04-01,74.67457700035955,1.457598310539019,0.08698833467417533,1,0.0171628926822641
2004-04-02,74.6268788615378,1.4147099758648434,0.08698833467417533,1,0.0041194702952388
2004-04-05,73.27398523697588,0.34252831858407096,0.23127666934835067,0,-0.0016441387475229
2004-04-06,73.14691871291038,0.43856331456154485,0.441565004022526,0,-0.0070202356432931
2004-04-07,73.79737465543623,0.5818633145615448,0.0,1,0.0159642793197512
2004-04-08,73.7609685232251,0.549128318584071,0.0,1,0.0045216064117574
2004-04-12,73.05908503583069,0.3595866452131943,0.441565004022526,1,0.016589943899762
2004-04-13,73.54458361011935,0.3810516492357203,0.02648833467417533,0,-0.0055250971316352
2004-04-15,68.46479776706978,0.3982516492357203,4.611236685438454,0,-0.0096600859136694
2004-04-16,68.5036710227955,0.40671665325824635,4.584748350764279,0,-0.0133040850593594
2004-04-17,70.8696009578924,0.4281399839098956,2.478818342719227,1,0.0028064004306879
2004-04-19,69.58664653605778,0.6209983105390189,3.8252600160901036,1,0.0243744657500245
2004-04-20,68.61417210176388,0.24865164923572036,4.327325020112629,1,0.0257995951189155
2004-04-21,68.48316116846722,0.24865164923572036,4.445125020112631,0,-0.0304039026124589
2004-04-22,70.4502825647811,0.018804987932421635,2.446518342719227,0,-0.0393996077229321
2004-04-23,70.4502825647811,0.018804987932421635,2.446518342719227,0,-0.0451257194498905
2004-04-27,70.36172782625208,1.1305333065164924,3.6378716814159286,0,-0.0117067217653287
2004-04-28,69.93661329444497,1.27265164923572,4.1622366854384545,0,-0.0278256981248547
2004-04-29,70.62966447249936,1.27265164923572,3.539071681415929,0,-0.0088006009351184
2004-04-30,70.62966447249936,1.27265164923572,3.539071681415929,1,0.0076539475154097
2004-05-03,71.33072310997424,1.27265164923572,2.9087066773934027,1,0.0367314525206509
2004-05-04,70.2442406200935,0.3222166532582462,2.9351950120675783,1,0.0063098706941259
2004-05-05,70.1858010009172,0.24318165728077235,2.9087066773934027,0,-0.0228006524402577
2004-05-06,70.13051431441409,0.19346999195494774,2.9087066773934027,0,-0.0755401828536739
2004-05-07,69.66604641573385,-0.22416170555108572,2.9087066773934027,0,-0.0531193976545193
2004-05-10,68.89362130512093,-0.4187200321802089,3.4086833467417526,0,-0.0296011975780636
2004-05-11,68.89362130512093,-0.4187200321802089,3.4086833467417526,0,-0.071361987417164
2004-05-12,68.0489585245302,-0.4187200321802089,4.168171681415928,0,-0.2087323765840849
2004-05-13,67.98026675184717,-0.45399670152855964,4.194660016090103,0,-0.1327747648201869
2004-05-14,68.9230802308182,-0.4187200321802089,3.3821950120675774,0,-0.0092374277994227
2004-05-17,73.0814447406944,-0.03538503620273492,0.02648833467417533,1,0.1058752346524221
2004-05-18,72.98390943636403,-0.12308503620273492,0.02648833467417533,1,0.0367190378778953
2004-05-19,72.75258283088267,-0.35757337087691043,0.0,1,0.0258143839716148
2004-05-20,72.71962435481093,-0.3872083668543843,0.0,1,0.0399030894430275
2004-05-21,72.71962435481093,-0.3872083668543843,0.0,1,0.0244393296829556
2004-05-24,73.12047367912538,-0.026780048270312995,0.0,0,-0.0140523398350535
2004-05-25,74.12219015700299,1.109713274336284,0.23578833467417537,0,-0.0629008926375481
2004-05-26,74.12219015700299,1.109713274336284,0.23578833467417537,0,-0.0747817812217328
2004-05-27,74.11706130659222,1.1051016090104593,0.23578833467417537,0,-0.0507493438338363
2004-05-28,72.86045179845799,0.46378326629123195,0.7243650040225261,1,0.0173791722817488
2004-05-31,76.19382001127866,2.7631432823813356,0.02648833467417533,1,0.0077215276044464
2004-06-01,76.320951403138,2.87745494770716,0.02648833467417533,1,0.0087158029459473
2004-06-02,76.46528215501796,2.9807432823813356,0.0,1,0.0047762254715598
2004-06-03,76.16557147387853,2.711254947707161,0.0,1,0.0364166124627212
2004-06-04,75.36113692538635,1.9879382944489143,0.0,1,0.0177237975050939
2004-06-07,74.17965112248369,0.9520799678197915,0.02648833467417533,1,0.0014251937760389
2004-06-08,73.29917908285822,0.1603933226065969,0.02648833467417533,0,-0.0275270731415957
2004-06-09,73.3608773021071,0.18938165728077228,0.0,0,-0.0442037206695611
2004-06-10,73.29917908285822,0.1603933226065969,0.02648833467417533,0,-0.0287305323076269
2004-06-11,73.46766937483142,0.28540498793242164,0.0,0,-0.0091236647799939
2004-06-14,73.74562089266912,0.5618166532582463,0.02648833467417533,1,0.0205125118225569
2004-06-15,75.33632307056683,1.9656266291230904,0.0,0,-0.0065503877021352
2004-06-16,75.27873979574238,1.9138499597747396,0.0,0,-0.0085664419049816
2004-06-17,75.47068341884747,2.0864382944489144,0.0,0,-0.0250117667188917
2004-06-18,74.35493848558026,1.7363799678197918,0.6531766693483507,0,-0.0307108873105804
2004-06-21,74.79091313870008,1.8196032984714412,0.34438833467417534,0,-0.0076200521114668
2004-06-22,74.91169231829275,1.8196032984714412,0.23578833467417537,1,0.0093143221989357
2004-06-23,75.8385742670902,2.6530199517296875,0.23578833467417537,1,0.0461160263531915
2004-06-24,75.77995113916187,2.600308286403863,0.23578833467417537,1,0.0318188131435766
2004-06-25,76.911959367816,3.6181666130329853,0.23578833467417537,1,0.0114225883752841
2004-06-28,76.3171626766121,3.8105132743362833,0.9629533386967014,1,0.0149762757167509
2004-06-29,75.82314691625238,3.696201609010459,1.2928416733708767,1,0.0125664327925308
2004-06-30,77.18204058806491,3.913801609010459,0.2885766693483507,1,0.0140152997353433
2004-07-01,77.14424055880461,3.982813274336283,0.39157666934835067,1,0.0136008169982711
2004-07-02,76.1246389117478,2.6744499597747398,0.0,1,0.0188776021110032
2004-07-05,76.24111221192004,3.2207432823813367,0.441565004022526,0,-0.0057143012634385
2004-07-06,75.18830925956036,1.8590266291230906,0.02648833467417533,0,-0.0032460778314477
2004-07-07,75.25000747880924,1.888014963797266,0.0,0,-0.0063065435112058
2004-07-08,75.6489995263443,2.273261625100565,0.02648833467417533,1,0.0138352793130087
2004-07-09,75.67845845204155,2.273261625100565,0.0,0,-0.0197994081409182
2004-07-12,75.21030937316401,2.2938849557522136,0.441565004022526,0,-0.0113360491802532
2004-07-13,75.46824966869443,2.0842499597747395,0.0,1,0.0125885268485253
2004-07-14,75.46824966869443,2.0842499597747395,0.0,1,0.0315762979677105
2004-07-15,75.46824966869443,2.0842499597747395,0.0,1,0.0171957223721711
2004-07-16,73.73073109452864,0.5219399839098957,0.0,1,0.0143942361722725
2004-07-19,73.17804585932026,0.6051633145615449,0.5801766693483508,1,0.0167212149067583
2004-07-20,73.4397600288886,0.6932866452131942,0.4329766693483507,1,0.0224146770885678
2004-07-21,73.66899950191821,0.7022216411906681,0.23578833467417537,1,0.0228802879816102
2004-07-22,73.72658277674266,0.7539983105390189,0.23578833467417537,1,0.0016568458078485
2004-07-23,73.5946432050563,0.635363314561545,0.23578833467417537,0,-0.0046624507523725
2004-07-26,72.96046353147614,0.7133983105390189,0.8840533386967013,1,0.0004325393214778
2004-07-27,75.44961194363356,2.0674916331456163,0.0,1,0.0195177937610776
2004-07-28,75.46877979514775,2.08472662912309,0.0,1,0.0277761268762805
2004-07-29,74.98457132943808,1.6758333065164934,0.02648833467417533,1,0.0073246872888954
2004-07-30,75.01403025513534,1.6758333065164934,0.0,0,-0.0035288558644778
2004-08-02,74.32780021639267,1.0852899436846348,0.02648833467417533,1,0.0096539911895607
2004-08-03,74.32780021639267,1.0852899436846348,0.02648833467417533,1,0.0017156866953649
2004-08-04,74.58391472957601,1.2890899436846346,0.0,1,0.0098191450105803
2004-08-05,74.55445580387874,1.2890899436846346,0.02648833467417533,0,-0.0016933268840068
2004-08-06,73.27691386129152,0.11388495575221291,0.0,0,-0.0072504157863851
2004-08-09,73.23234270802539,0.07380828640386228,0.0,0,-0.0217868178053671
2004-08-10,73.31996692923552,0.15259662107803762,0.0,0,-0.0331994740500554
2004-08-11,73.28492132071202,0.12108495575221301,0.0,0,-0.0139410780731963
2004-08-12,73.28492132071202,0.12108495575221301,0.0,0,-0.0017748443886237
2004-08-13,73.28492132071202,0.12108495575221301,0.0,0,-0.0103145568550456
2004-08-16,73.25618157753489,0.29243161705551146,0.19718833467417535,1,0.0062649230110392
2004-08-17,73.12251258572763,-0.024946741753819834,0.0,0,-0.0087645723357862
2004-08-18,73.12251258572763,-0.024946741753819834,0.0,0,-0.0022784819983821
2004-08-19,73.8630079787431,0.6408782783588105,0.0,0,-0.0109973615228596
2004-08-20,73.8980535872666,0.6723899436846351,0.0,1,0.0033583936400669
2004-08-23,73.93837818159136,0.7086482703137584,0.0,1,0.020414951931817
2004-08-24,74.21405351091049,0.9565249396621092,0.0,1,0.0108730684396097
2004-08-25,73.72841777479012,0.519859935639583,0.0,1,0.0203161307275436
2004-08-26,73.66613753485284,0.4903482703137584,0.02648833467417533,1,0.012953149496575
2004-08-27,75.16200138760709,1.8088832662912315,0.0,1,0.0163051278281173
2004-08-30,74.97106048638594,3.900714883346742,2.2635183427192276,1,0.000521832564984
2004-08-31,74.86293383709153,3.8034915526950943,2.2635183427192276,1,0.0014391355424115
2004-09-01,76.23475436286576,4.1349148833467435,1.3614533386967014,1,0.0052143007956247
2004-09-02,76.99867713989555,5.2665815768302515,1.8062300080450522,1,0.0127157181446451
2004-09-03,75.80074453285395,5.051134915526953,2.6679183427192275,1,0.013463816676794
2004-09-06,77.72541707117139,7.329303218020916,3.215495012067578,1,0.0030367469434735
2004-09-07,75.83183275858751,4.387399919549479,1.976230008045052,1,0.0112086502950051
2004-09-08,73.79367853327814,4.464411584875304,3.8858716814159284,1,0.0113765503817401
2004-09-09,74.27065249525174,4.499199919549479,3.4917833467417534,1,0.021922876462422
2004-09-10,74.61110668245507,4.722734915526953,3.409195012067578,1,0.008621900394831
2004-09-13,74.65826172126474,4.672734915526952,3.316795012067578,1,0.0180430225305548
2004-09-14,74.28289908736963,4.669811584875303,3.6513833467417536,1,0.0281370925008729
2004-09-15,68.09579468221251,4.262029927594532,8.806808366854385,1,0.0267307826492854
2004-09-16,66.65156040395242,4.103806596942882,9.947185036202734,1,0.0257544834549034
2004-09-17,66.24133012297104,1.9736016090104602,8.185843362831857,1,0.0116128672411982
2004-09-20,66.21034201732208,1.5148499597747396,7.754955028157683,0,-0.0015340311840554
2004-09-21,65.40580180143051,1.6492149637972657,8.612731697506034,0,-0.0159533432139171
2004-09-22,65.84948919050464,1.7594616251005646,8.324031697506033,0,-0.0209721346675877
2004-09-23,64.6749172207543,2.0144849557522138,9.635185036202733,0,-0.0151181959528726
2004-09-24,68.99502684571543,1.906989943684636,5.6432133547868055,1,0.0031590108723716
2004-09-27,70.35225784413012,2.7355599356395834,5.251413354786806,1,0.0161713024485864
2004-09-28,66.09746275082132,3.293583266291232,9.635185036202733,1,0.0431096273255026
2004-09-29,72.9468118582067,3.3644532582461797,3.547383346741753,1,0.0439849029857869
2004-09-30,74.06480336448934,3.0061432823813363,2.1838183427192277,1,0.0376384735963362
2004-10-01,72.46669981604789,2.794566613032986,3.409195012067578,1,0.0110643836828451
2004-10-04,74.23658375096745,2.715824939662109,1.7390416733708767,1,0.005550430530649
2004-10-05,70.13621400141086,2.460424939662109,5.170536685438455,1,0.0042668640018285
2004-10-06,72.43059395461775,2.4264016090104596,3.073495012067578,1,0.012677668620574
2004-10-07,68.36319753362089,1.0619849557522132,5.36632502011263,0,-0.00438809022156
2004-10-08,70.73867896057796,1.240796621078038,3.409195012067578,0,-0.0184641102586397
2004-10-09,70.66939219364772,1.1784966210780379,3.409195012067578,0,-0.0127612422280775
2004-10-11,70.92864666594548,1.3192082864038626,3.316795012067578,0,-0.007077956132682
2004-10-12,68.71230794765623,1.1801032984714404,5.170536685438455,0,-0.0005037924481712
2004-10-14,66.86135958073358,1.3229316170555117,6.977666693483508,1,0.0075767399638576
2004-10-15,69.22589561878132,2.1145782783588105,5.6432133547868055,0,-0.0027614695168026
2004-10-18,66.34898041897641,1.7837966210780376,7.899243362831858,0,-0.0035055774524617
2004-10-19,67.792881053094,1.848519951729687,6.665666693483507,0,-0.0286923893644353
2004-10-20,65.90984540693944,1.8137316170555118,8.324031697506033,0,-0.0050404743943202
2004-10-21,65.52701098739192,2.1145782783588096,8.969108366854384,1,0.0023010449035016
2004-10-25,72.4779397494778,6.278609814963803,6.883131697506033,1,0.024092131840644
2004-10-26,69.55065725771095,6.398563153660505,9.635185036202733,1,0.0032791968733593
2004-10-27,73.8431337393219,6.8438981496379805,6.220890024135157,1,0.0077619330951192
2004-10-28,77.95579821737306,9.058106436041838,4.737148350764279,1,0.0075267387267187
2004-10-29,80.19947723447548,8.952006436041838,2.613618342719227,1,0.0278692539527505
2004-11-01,75.61847828986555,8.212019790828647,5.992690024135157,1,0.0204268512956452
2004-11-02,77.03430459016184,9.48507642799679,5.992690024135157,1,0.0210591525052998
2004-11-03,78.55561621265909,10.426093081255019,5.565801689460981,1,0.013729203270856
2004-11-04,79.43561932523954,10.976293081255019,5.324736685438455,1,0.0129414844961162
2004-11-05,80.79485961475335,10.913804746580846,4.040071681415928,1,0.0127670439208879
2004-11-08,79.65911643273765,9.363688093322617,3.511171681415929,1,0.0041517731433529
2004-11-09,78.12494837138732,9.193664762670966,4.720613354786806,1,0.0076105091719177
2004-11-10,77.18198475702577,9.190976427996791,5.565801689460981,1,0.0015445663639002
2004-11-11,77.41148558016006,9.635846419951744,5.804313354786806,1,0.0096297828642443
2004-11-12,77.89910466026201,8.763141432019323,4.493160016090104,1,0.0101461693776631
2004-11-16,71.38071202138411,7.478931456154477,9.070038374899438,0,-0.0035453940398914
2004-11-17,72.19308361418813,7.692919790828652,8.553573370876911,0,-0.0081340161386154
2004-11-18,73.50635151661548,11.647601528559937,11.327415044247784,1,0.0002906477501865
2004-11-19,74.64744785739951,11.362478197908288,10.016261705551084,1,0.0167888701371373
2004-11-22,76.73327239548391,11.800283185840714,8.578573370876912,1,0.0146780931116793
2004-11-23,73.33263968039091,11.699383185840713,11.535391713596136,1,0.024555999335838
2004-11-24,77.11502061500724,11.687048189863242,8.122085036202735,1,0.0283488443174509
2004-11-25,77.52012392450706,11.860324859211593,7.931108366854385,1,0.0315834799115047
2004-11-29,81.00180434018597,13.052499839098967,5.992690024135157,1,0.0301395110904298
2004-11-30,71.00626147340714,4.654656556717621,6.582455028157685,1,0.0189133324243238
2004-12-01,74.1506295399263,4.9395682220434445,4.040071681415928,1,0.0157264568022346
2004-12-02,72.6841393452727,4.905621560740145,5.324736685438455,0,-0.0031565524618615
2004-12-03,74.12898901758274,4.9201098954143205,4.040071681415928,0,-0.0091844184479692
2004-12-06,70.06140908783385,3.215316572807725,5.992690024135157,0,-0.0016067890278789
2004-12-07,69.99388878277163,3.1546049074819,5.992690024135157,0,-0.0119647033994129
2004-12-08,72.36905508645974,3.790733226065971,4.493160016090104,1,0.0037342661919393
2004-12-09,73.26347719120643,3.8005748994368482,3.698771681415929,1,0.0084319008353543
2004-12-10,72.36481595376235,3.7869215607401463,4.493160016090104,1,0.0298693941681582
2004-12-13,65.46014311812675,2.0554949316170563,8.970150040225262,1,0.0238156855762911
2004-12-14,61.664017905873195,2.033559935639582,12.361545052292835,1,0.0026375391637032
2004-12-15,66.88204363864068,2.2417716009654076,7.877908366854385,0,-0.0009123300801717
2004-12-16,63.295408027214116,2.4663132743362843,11.327415044247784,1,0.0056157191122143
2004-12-17,65.5985369010936,1.000703298471441,7.7909200321802095,1,0.0114888414862703
2004-12-20,59.75790337233479,1.2489966210780374,13.290886725663714,1,0.0089882726930892
2004-12-21,65.95841474260102,1.3287799678197916,7.795408366854386,1,0.0087891785195868
2004-12-22,63.02543990060857,1.217003298471441,10.32085004022526,1,0.0132995286218971
2004-12-23,62.222469664274215,1.4145799678197912,11.24042670957361,1,0.0127294321792685
2004-12-24,63.67185874006264,1.3451499597747398,9.867761705551084,1,0.0033395476672708
2004-12-27,67.62367712591544,2.2986316170555114,7.267920032180211,0,-0.0013584321902671
2004-12-28,68.41658614373907,2.332619951729687,6.588955028157684,1,0.0044076808235261
2004-12-29,72.42797114839787,2.543031617055512,3.1924833467417537,1,0.0216994606085589
2004-12-30,71.82774533600225,2.572808286403863,3.761960016090104,1,0.0211125758133142
2004-12-31,69.2953065739845,2.5191316170555123,5.9853550281576835,0,-0.0234892993712149
2005-01-03,67.86008623488726,2.68300160901046,7.439720032180209,0,-0.0567329724380837
2005-01-04,69.63157352272556,2.50120160901046,5.665066693483508,0,-0.0428541629477952
2005-01-05,67.11564276425504,1.4229849557522134,6.849078358809331,0,-0.0250125141618477
2005-01-06,64.90144861996741,1.4210849557522134,8.83809670152856,0,-0.0234417376432106
2005-01-07,67.50452169904426,1.0171382944489147,6.093566693483506,0,-0.0518810188009078
2005-01-10,66.86885731350353,1.0541616251005634,6.702155028157682,0,-0.0139464479938585
2005-01-11,59.520591572090794,1.2764499597747396,13.531721721641189,0,-0.010790313672404
2005-01-12,61.265498543241584,1.0783849557522136,11.76470337892196,1,0.0100351810563938
2005-01-13,63.4985602682624,1.0075149637972651,9.685950040225261,0,-0.0105437380629373
2005-01-14,63.58363952460532,0.9303149637972657,9.53225004022526,0,-0.0023070452848134
2005-01-17,64.33897836884097,0.7212333065164926,8.64399670152856,0,-0.0039396660774167
2005-01-18,64.28178805863813,0.9527983105390188,8.926985036202735,0,-0.0130367051073898
2005-01-19,64.84231021807375,0.7204333065164927,8.19062003218021,1,0.0026953495649226
2005-01-20,64.0591955213414,0.7612749798873695,8.935608366854384,1,0.0153083936841762
2005-01-24,68.25665383744244,2.0595032984714403,6.459643362831857,1,0.0507090483168848
2005-01-25,68.72328107313949,4.866718262268705,8.847285036202736,1,0.0630621620365113
2005-01-27,73.17691510183214,4.658418262268705,4.63444835076428,1,0.0522429711790002
2005-01-28,74.33102911148929,4.655064923572002,3.593360016090104,1,0.021648159185743
2005-01-31,73.788634950464,4.5382649235720045,3.9642600160901043,1,0.0105631806091943
2005-02-01,76.81060008466899,5.520458246178602,2.2292183427192276,1,0.0087486661735311
2005-02-02,76.55177749766918,5.261246580852777,2.202730008045052,1,0.001387756318499
2005-02-03,72.42675333385677,3.311036604987933,3.9615833467417536,0,-0.0117545976852672
2005-02-04,73.86460945273264,3.319236604987933,2.676918342719228,0,-0.0038332235125829
2005-02-07,71.67774075477023,3.310206596942881,4.634236685438455,1,0.0040063669754608
2005-02-08,74.33292164055946,3.292624939662108,2.2292183427192276,1,0.0130041472891591
2005-02-09,67.87317619779823,3.119594931617057,7.864543362831859,1,0.0135550567035222
2005-02-10,70.02468416396817,3.3669716009654067,6.177366693483506,1,0.0128092667053748
2005-02-11,68.02384618838609,3.2550716009654077,7.864543362831859,0,-0.0063842562387934
2005-02-14,61.48008174218861,3.2257482703137574,13.719121721641184,0,-0.0174757761672676
2005-02-15,61.64918742821176,3.377801609010459,13.719121721641184,0,-0.0165966902038684
2005-02-16,62.406683820007835,3.302436604987933,12.962645052292833,0,-0.0124515227393182
2005-02-17,65.43881029280816,3.455289943684634,10.389126709573604,0,-0.0016989058281348
2005-02-18,65.78681410701654,3.3499132743362834,9.97083837489943,1,0.0007537719345865
2005-02-21,62.617003818069136,3.600848270313757,13.071945052292833,1,0.0059046163986883
2005-02-22,64.43413548563898,3.415589943684634,11.25279171359613,1,0.0012137986099284
2005-02-23,75.74919646809802,6.906503218020916,4.5696366854384545,1,0.0221865434724945
2005-02-24,71.89864091369319,7.380314883346742,8.505720032180209,1,0.0140592213580965
2005-02-25,77.36707583585964,6.59000820595334,2.798406677393403,1,0.0155751015070783
2005-02-28,77.07643286704734,7.425538213998393,3.8952716814159283,1,0.0120981603674794
2005-03-01,77.04893688552889,7.400814883346742,3.8952716814159283,1,0.0301259625577617
2005-03-02,75.66382812507652,4.161136604987933,1.9010300080450522,1,0.0314366348183252
2005-03-03,73.25897304001879,4.095824939662107,3.9980716814159294,1,0.0186612516650273
2005-03-04,74.89340487931874,3.468401609010459,1.9010300080450522,1,0.0058715168855846
2005-03-07,72.24112300234204,2.9210899436846347,3.7385483507642805,1,0.0033737755860282
2005-03-08,70.75037502643976,2.8188432823813363,4.976725020112631,0,-0.0069166007470958
2005-03-09,72.74861614291953,2.7662549477071607,3.127395012067579,0,-0.0067097984575523
2005-03-10,71.27797763047995,2.7550666130329855,4.43854835076428,0,-0.0178993920755184
2005-03-11,68.13555210833681,3.0507249396621092,7.559755028157683,0,-0.0132959863174361
2005-03-14,59.695992028830744,1.1340683024939668,13.231626709573613,0,-0.022545921247208
2005-03-15,59.496035398990365,1.247198310539019,13.524550040225263,0,-0.0093438777084418
2005-03-16,57.15703239828228,1.247198310539019,15.627691713596139,0,-0.0137136073804254
2005-03-17,55.20548848819671,1.0780983105390192,17.213345052292837,0,-0.0177404234354902
2005-03-18,62.612729522553835,1.0301866452131945,10.505126709573615,0,-0.040024203017469
2005-03-21,62.631884400509264,1.201809975864844,10.659526709573614,0,-0.0394992981721701
2005-03-22,62.097942557761165,1.2357983105390193,11.17361504424779,0,-0.0157175599726915
2005-03-23,63.297452570603966,1.09897497988737,9.95823837489944,0,-0.021221418539547
2005-03-24,65.4087137838018,1.1892866452131945,8.150185036202734,0,-0.0108254779975209
2005-03-28,67.92543047151553,1.4741916331456162,6.172155028157682,1,0.0030503578300256
2005-03-29,68.22671301114137,0.5058283185840711,4.932890024135155,1,0.0413732955087714
2005-03-30,67.50591747502263,0.5591166532582464,5.634290024135156,1,0.0343628988174943
2005-03-31,67.81741691586448,0.5296049879324218,5.324690024135155,1,0.0082677443703126
2005-04-01,66.24224954566037,0.3450283185840711,6.556443362831858,1,0.0007976891610931
2005-04-04,68.28340656825243,0.22411665325824648,4.600201689460979,0,-0.005126036125692
2005-04-05,65.31118590571542,0.3357166532582465,7.384308366854383,0,-0.0104561711753333
2005-04-06,65.85318155480434,0.28519332260659724,6.846443362831858,0,-0.0299715873724472
2005-04-07,63.79447855449036,0.08720498793242193,8.499561705551084,0,-0.0136840626628052
2005-04-08,66.60507829021539,0.09540498793242191,5.980578358809331,0,-0.0028348533153076
2005-04-11,61.18680675145609,0.052239983909895704,10.80931504424778,0,-0.0261838643780697
2005-04-12,61.59441610514681,0.19908165728077254,10.589650040225253,0,-0.0491655525279105
2005-04-13,61.785123392837214,0.22604666130329865,10.445138374899429,0,-0.0590028415112282
2005-04-15,66.19713529238214,0.6328633145615452,6.884843362831859,0,-0.013690383664956
2005-04-18,66.35337899223748,0.9225516492357205,7.034043362831858,1,0.0107060498643552
2005-04-19,67.66066903667338,1.0360633145615452,5.972090024135157,1,0.0298984029394643
2005-04-20,65.32865958939946,1.0423516492357205,8.075231697506034,1,0.0211511095950541
2005-04-21,63.98835174841273,1.121863314561545,9.359896701528557,1,0.0043782794967004
2005-04-22,66.69790177694493,1.0831333065164932,6.884843362831859,0,-0.016373436056555
2005-04-25,66.6171598944548,0.500033306516493,6.374343362831859,0,-0.0151578082660341
2005-04-26,68.05236725999328,0.6762749798873697,5.260101689460982,0,-0.0282949749750824
2005-04-27,69.98251902428117,0.6513633145615452,3.4996716814159297,0,-0.0096829800078384
2005-04-28,66.4205063326781,0.6517216411906684,6.702855028157683,0,-0.0106681488205238
2005-04-29,68.07880298860509,0.5077566371681425,5.067813354786807,1,0.0208584712323893
2005-05-02,67.57570654235944,0.46766830249396685,5.480090024135157,1,0.0239956874656994
2005-05-03,67.46404696932902,0.8018449718423177,5.9146666934835075,1,0.0291437177310027
2005-05-04,69.54699477733286,0.8878333065164931,4.12774835076428,1,0.0294948282789254
2005-05-05,67.89427183067332,0.5157216411906685,5.241701689460982,1,0.0156663806544725
2005-05-06,71.74846221835513,1.816054947707161,3.0764950120675785,1,0.0042639684127468
2005-05-09,67.34911761212362,3.2999465808527777,8.516108366854386,0,-0.003805808444533
2005-05-10,70.22360648801947,3.2453465808527775,5.876878358809331,0,-0.0030131092951404
2005-05-11,67.78698291538439,3.266769911504427,8.08922003218021,1,0.0133300294446769
2005-05-12,65.8849369793501,3.27435325824618,9.807050040225262,0,-0.0011797338182233
2005-05-13,70.43948167447466,3.3542415929203555,5.791666693483506,0,-0.0027952323006064
2005-05-16,69.27277812338393,4.4015515687852,7.888031697506033,0,-0.0108657352987787
2005-05-17,72.2556753984816,4.24832823813355,5.052701689460981,1,0.0008033742147291
2005-05-18,69.35359229991191,4.168816572807725,7.5826316975060335,1,0.0155883706493866
2005-05-19,71.9523594995683,5.132851568785201,6.209955028157681,1,0.0187842167414411
2005-05-20,69.69990749360493,5.219174899436851,8.321596701528561,1,0.0254953419130267
2005-05-23,71.93303408641962,4.316309895414322,5.410790024135156,1,0.0297434242862782
2005-05-24,74.70440097515888,4.775821560740147,3.3783950120675788,1,0.0232897250111786
2005-05-25,75.36835281877605,4.945933226065972,2.9515066773934033,1,0.0138720718284781
2005-05-26,75.22377547980659,7.562829847144012,5.69840168946098,1,0.0061745646348784
2005-05-27,76.70512952548317,7.583653177795661,4.387248350764279,1,0.0053555045808981
2005-05-30,79.51095812312829,7.751016492357201,2.031718342719227,0,-0.0037466354362356
2005-05-31,79.58454334323498,7.817181496379727,2.031718342719227,1,0.0032043644999466
2005-06-01,77.87249660700054,8.059628157683026,3.8135716814159286,1,0.0022967066723816
2005-06-02,76.57191836609137,8.201351488334677,5.1247250201126295,1,0.013542161758482
2005-06-03,78.71328727239796,7.819669831053903,2.8176066773934023,1,0.001860510030048
2005-06-04,80.83329364840996,9.065621480289614,2.157330008045052,1,0.0095369056264243
2005-06-06,79.77089840458463,8.931333145615437,2.9783066773934026,1,0.0049571121527917
2005-06-07,77.03793396559685,8.720574818986316,5.2249250201126305,0,-0.0036048979653602
2005-06-08,75.73393401566582,9.079709814963786,6.756566693483508,0,-0.0045787299902314
2005-06-09,72.91015162318924,9.731291472244559,9.947185036202734,1,0.0043410773774581
2005-06-10,76.35124609443871,10.206273129525329,7.328066693483508,1,0.0180368698500494
2005-06-13,75.28436334137008,10.012349798873682,8.093443362831858,1,0.0099138386057064
2005-06-14,77.46713561578163,9.444984794851154,5.563413354786805,1,0.0052175057863431
2005-06-15,72.2100920392127,11.087443121480275,11.932803378921964,1,0.0073485001874707
2005-06-16,75.84244432440866,10.977219790828626,8.556508366854382,1,0.0215673170862521
2005-06-17,74.16909476139189,10.429684794851148,9.513585036202736,1,0.0296721878725974
2005-06-20,75.3786734189894,9.758661464199498,7.754955028157683,1,0.0182528980513174
2005-06-21,75.88988853936974,10.218326468222026,7.754955028157683,1,0.0111587075576994
2005-06-22,80.6051051231138,10.25049646017697,3.547383346741753,1,0.0056756816709462
2005-06-23,78.75193434083691,9.895349798873678,4.858536685438454,0,-0.0064313334661055
2005-06-24,76.91231699067404,6.791894851166536,3.409195012067578,0,-0.0012311903060015
2005-06-27,80.54542174227885,9.654243121480281,3.0047950120675777,1,0.0094109824971489
2005-06-28,80.49869116252312,10.608189782783572,4.000760016090104,1,0.0191938339423757
2005-06-29,80.03075153951514,10.591836444086873,4.405160016090104,1,0.0176383380165991
2005-06-30,81.4067871297984,9.607773129525336,2.1838183427192277,0,-0.0044456051643207
2005-07-01,79.93902722636857,9.513396460176985,3.409195012067578,1,0.0073422099615015
2005-07-04,81.60205422076992,9.575761464199509,1.976230008045052,0,-0.0232434132600165
2005-07-05,78.56326229136316,9.179926468222034,4.312760016090103,0,-0.0066032302922316
2005-07-06,80.29797079269866,11.170598069187433,4.743648350764279,0,-0.0042050409945959
2005-07-07,77.91470433574943,11.261674738535786,6.977666693483508,1,0.0188178817696996
2005-07-08,78.77857200960149,13.24660804505228,8.185843362831857,1,0.0035679828772768
2005-07-11,81.27166116260447,12.865868061142386,5.563413354786805,0,-0.015327449557799
2005-07-12,78.55105453044877,12.949633065164912,8.093443362831858,0,-0.0037217948156948
2005-07-13,80.23368680897704,13.346814722445684,6.977666693483508,1,0.0134971235882565
2005-07-14,76.92815564806136,13.344126387771508,9.947185036202734,1,0.0236081876062095
2005-07-15,78.49168439395356,13.22583805309733,8.423031697506033,1,0.0131780241075635
2005-07-18,91.42177369279285,24.18400112630738,7.754955028157683,0,-0.0015679250608265
2005-07-19,91.37223679806525,25.161912791633213,8.777408366854385,1,0.01256984282037
2005-07-20,93.87870321120143,25.277401126307385,6.639178358809332,1,0.0219919972375309
2005-07-21,95.72098792504808,25.964436122284855,5.669701689460981,1,0.0320519755672939
2005-07-22,98.05665448433095,25.804071118262325,3.409195012067578,1,0.0233395548617628
2005-07-25,97.8410999684595,25.454017779565625,3.2529600160901033,1,0.0089269823180369
2005-07-26,97.09403181267821,25.53008278358815,4.000760016090104,1,0.0064485638506884
2005-07-27,97.0356959819721,25.88202944489145,4.405160016090104,1,0.0147881353120235
2005-07-29,100.0,26.299587771520567,2.157330008045052,1,0.019146923776209
2005-08-01,94.86128530039917,22.595217860016156,3.073495012067578,1,0.0212349389912341
2005-08-02,93.30073340467212,22.431294529364504,4.312760016090103,1,0.0032026496933473
2005-08-03,94.28960274886987,22.499471198712854,3.4917833467417534,0,-0.0139276827351805
2005-08-04,93.27792141470773,21.93410619469033,3.8360833467417534,0,-0.020954570196601
2005-08-05,90.95419375051776,21.849017860016154,5.840401689460981,0,-0.0004447880446527
2005-08-08,89.94590442040155,23.195444489139252,8.093443362831858,1,0.024016626243906
2005-08-09,89.30207501380579,23.98207948511672,9.458985036202735,1,0.0183114993143658
2005-08-10,89.61713332550121,24.326679485116724,9.52029670152856,1,0.004080387060758
2005-08-11,89.56190595947719,23.39594448913925,8.639220032180209,1,0.0093018093159764
2005-08-12,92.50464165972653,25.837551086082108,8.434831697506032,1,0.0113264368752439
2005-08-16,93.14291033061356,25.268757763475506,7.292131697506034,1,0.0057434544881914
2005-08-17,89.5894500773723,24.23618777152058,9.454696701528558,0,-0.0147980063578848
2005-08-18,87.93277350578124,22.203979485116722,8.912108366854383,0,-0.0264515745546828
2005-08-19,89.36139880338071,22.177391150442546,7.600955028157683,0,-0.0259048261828374
2005-08-22,94.4885917301714,23.4602594529365,4.273648350764279,0,-0.0056327440136223
2005-08-23,95.31769742433657,23.5627594529365,3.630648350764279,1,0.0132177917021412
2005-08-24,95.66944361815057,23.930471118262332,3.6820833467417535,1,0.0065019595389647
2005-08-25,95.00203114483521,23.783736122284857,4.135460016090104,1,0.0055905107168849
2005-08-26,98.13625827256179,24.478382783588145,2.011930008045052,1,0.0116415259114176
2005-08-29,95.47450274507754,24.658752775543093,4.585648350764279,1,0.0287155540095519
2005-08-30,96.2142047826058,24.680864440868913,3.942648350764279,1,0.0200903580649673
2005-08-31,97.00481721210811,25.131187771520565,3.6820833467417535,1,0.0159334429984557
2005-09-01,98.43277522142252,25.163287771520565,2.4302183427192277,1,0.009473842164361
2005-09-02,93.34195514295423,20.97990619469031,2.8243066773934027,1,0.015872208371836
2005-09-05,85.07872040071942,20.087912872083713,9.362296701528559,1,0.0133242377924658
2005-09-06,84.61407829846033,20.039701206757886,9.73187337087691,1,0.0225950013027383
2005-09-08,88.7542833154939,22.669761222847995,8.639220032180209,1,0.0185280185141924
2005-09-09,92.49294389388116,22.61712622687052,5.2249250201126305,1,0.0149561186339011
2005-09-12,88.38763434998063,22.47827288817382,8.777408366854385,1,0.0158945859356032
2005-09-13,88.42201267021909,22.87876122284799,9.146985036202736,1,0.020583781339061
2005-09-14,90.32530979415601,22.771214561544692,7.328066693483508,1,0.0295106946378752
2005-09-15,92.22527602398254,22.821226226870518,5.669701689460981,1,0.0211887698599197
2005-09-16,90.27652545531008,22.72734955752217,7.328066693483508,1,0.0058402595855758
2005-09-19,79.95567972851865,10.119934754625886,4.000760016090104,0,-0.0359305840638264
2005-09-20,79.1609727543947,8.778976427996776,3.374371681415928,0,-0.0396630142123148
2005-09-21,80.98269017236322,8.781664762670951,1.7390416733708767,0,-0.0038831969024936
2005-09-22,79.2473272668286,9.344823089300066,3.862571681415929,1,0.038945006945621
2005-09-23,80.82146221017284,8.636694770716005,1.7390416733708767,1,0.0474102733320515
2005-09-26,78.69962074664052,9.302534754625889,4.312760016090103,1,0.0208383196904379
2005-09-27,81.53524934036942,9.874769750603365,2.3353066773934024,1,0.0102584816557268
2005-09-28,77.61310309394189,6.564238133547868,2.551418342719227,1,0.0122416937790705
2005-09-29,75.78422901358992,6.599026468222044,4.230660016090104,1,0.0197748431251205
2005-09-30,76.29984082830211,6.116468141592922,3.2844833467417534,1,0.0163944348297827
2005-10-03,51.9934887229555,4.42623483507643,23.449588415124694,0,-0.0195429701296182
2005-10-04,46.67578123292679,4.855569831053902,28.6604017699115,0,-0.0341041949080746
2005-10-05,48.28341032611085,4.677323169750603,27.03663676588898,0,-0.0297647302652279
2005-10-06,49.48152089458971,4.269099839098955,25.551118423169747,1,0.0040242281560754
2005-10-07,46.68433921860338,3.803923169750603,27.60106009654062,0,-0.0143800104770619
2005-10-10,48.623996127831134,4.107111504424781,26.160183427192276,0,-0.0326482845090471
2005-10-11,44.73614472350179,4.256476508447307,29.805355108608204,0,-0.0411510955423524
2005-10-13,49.99974808927776,5.079658165728078,25.89570675784392,0,-0.0276113834906888
2005-10-14,46.980746831679134,3.4900065164923566,27.020625100563148,0,-0.0293883530753818
2005-10-17,42.935832424889725,4.14743483507643,31.315085116653254,0,-0.036761915245914
2005-10-18,50.77738919682725,3.8289181818181794,23.945741753821398,0,-0.0099553952854071
2005-10-19,51.57905822995305,3.8289181818181794,23.224911745776346,0,-0.0073222302062879
2005-10-20,53.4791023011322,4.291299839098956,21.978846741753824,1,0.0094523571040157
2005-10-21,52.88231671863196,4.540358165728078,22.764511745776346,0,-0.0145295976634004
2005-10-24,48.265905147994474,3.574329847144005,25.949383427192274,0,-0.0176719885167476
2005-10-25,50.99505491333881,4.339734835076429,24.2608417538214,0,-0.0431603133338388
2005-10-26,53.4362901834901,4.909781496379725,22.635823411102166,0,-0.0157134283756887
2005-10-27,52.15561937641804,5.111316492357201,23.98888841512469,1,0.0142839979914119
2005-10-28,51.69570018638934,4.8984164923572,24.18953008849557,1,0.043511752688327
2005-10-31,73.30935500552307,4.947868141592923,4.8048133547868055,1,0.0375208263132453
2005-11-01,72.43902202576098,4.676598149637974,5.316113354786806,1,0.0434137936886995
2005-11-02,66.81597825109027,4.625309814963799,10.32085004022526,1,0.0285462982437148
2005-11-07,66.79561853215249,4.620221480289624,10.334068382944489,1,0.0157591476557757
2005-11-08,69.7880876989131,4.772274818986325,7.795408366854386,1,0.0222174056330351
2005-11-09,65.23150776557188,4.651521480289624,11.771756717618665,1,0.0275781176548241
2005-11-10,64.09497310699817,4.1677048270313755,12.309868382944488,1,0.032284030065947
2005-11-11,68.9920720953366,4.052039823008849,7.7909200321802095,1,0.0214657157153578
2005-11-14,68.6428374035555,6.721328077232503,10.77422670957361,1,0.0236940845493382
2005-11-16,78.17657606695226,7.711956395816575,3.1924833467417537,1,0.0076177987595691
2005-11-17,75.67471580401752,7.594633065164928,5.324736685438455,0,-0.0120152890398252
2005-11-18,76.5323313856875,7.472679726468225,4.431648350764279,0,-0.0043797226063289
2005-11-21,77.1495730493517,8.062991391794048,4.466960016090104,1,0.0124106604863386
2005-11-22,76.81503918911713,8.1317680611424,4.836536685438455,1,0.0349271250571583
2005-11-23,75.51136733601385,7.491409734513278,5.368390024135156,1,0.028289601124034
2005-11-24,74.98892516628956,5.875196460176991,4.221936685438455,1,0.0288031880848235
2005-11-25,75.30989083139497,5.751308125502815,3.8094483507642796,1,0.0126805861302461
2005-11-26,72.06415426602842,5.603984794851167,6.580566693483507,0,-0.0116949437208357
2005-11-28,70.92727853706822,5.014814802896221,7.0136316975060335,0,-0.0048235615936488
2005-11-29,73.45744665788216,5.592326468222042,5.316113354786806,0,-0.0001297197129455
2005-11-30,75.7546977938548,5.987384794851165,3.645571681415929,1,0.003105738697043
2005-12-01,73.29323441928265,5.884784794851165,5.75622502011263,0,-0.0136723976412997
2005-12-02,66.90245507286792,5.81899646017699,11.436780048270315,0,-0.0018364115382697
2005-12-05,68.84207118249017,6.940383105390185,10.814138374899434,1,0.0172161056462934
2005-12-06,72.23999582376666,6.976936444086886,7.795408366854386,1,0.0347532090955744
2005-12-07,68.88759880019275,6.096454786806114,9.92927337087691,1,0.03042727232941
2005-12-08,71.30267266539566,6.182843121480289,7.84412003218021,1,0.0382724731903321
2005-12-09,68.8912540332725,7.165494770716009,10.995026709573612,1,0.0172994783584808
2005-12-12,71.1954542546882,6.30390144810941,8.061585036202736,1,0.0008461227382697
2005-12-13,68.36918067050867,6.453266452131937,10.75222670957361,0,-0.0007647911870432
2005-12-14,69.32111375604197,6.0331664521319395,9.476185036202734,1,0.0134760280255184
2005-12-15,68.02982565688829,6.156754786806114,10.76085004022526,1,0.017003844269367
2005-12-16,72.60804611257308,5.078266452131936,5.565801689460981,1,0.0045268626315257
2005-12-19,74.33331442623542,5.530719790828642,4.466960016090104,0,-0.0025890096094716
2005-12-20,75.95231336738276,5.689984794851168,3.1704833467417535,0,-0.0075829915575668
2005-12-21,75.76924097429402,5.615773129525342,3.2608833467417537,0,-0.0263092787819079
2005-12-22,72.15710381996013,4.891708125502818,5.784713354786806,0,-0.0104057735868248
2005-12-23,74.01802625886768,6.346066452131942,5.565801689460981,0,-0.0038579054439576
2005-12-26,76.04551684517513,5.883789782783588,3.280483346741754,1,0.0259726887896249
2005-12-27,73.86659073883936,6.186901448109413,5.5428016894609815,1,0.0108641818603059
2005-12-28,75.26212039853536,5.938978117457764,4.040071681415928,1,0.0148848218840339
2005-12-29,76.28055988314453,6.03384312148029,3.219195012067578,1,0.0215246772626808
2005-12-30,73.21819043433293,5.619996460176991,5.558913354786807,1,0.0236383035371708
2006-01-02,68.49639732996464,6.198078117457764,10.38265004022526,1,0.0222820334677397
2006-01-03,69.9267390741262,4.89694481094127,7.795408366854386,1,0.0105738951672202
2006-01-04,70.81858284064415,5.302791472244569,7.39934336283186,1,0.0019606163301771
2006-01-05,65.57756160916024,5.497103137570393,12.306180048270312,0,-0.010068274942978
2006-01-06,69.85853108097618,5.505303137570394,8.46509670152856,0,-0.0219621296155552
2006-01-09,67.67244831225698,5.457214802896218,10.38265004022526,0,-0.020675486736151
2006-01-10,67.71998334212947,5.389956476267096,10.27265004022526,0,-0.0132192180779848
2006-01-12,64.65988453452165,4.652363153660499,12.286580048270311,0,-0.007605938283191
2006-01-13,66.13498460908696,4.694051488334673,11.001915044247786,0,-0.0146122128152524
2006-01-16,76.96287691761555,7.8951213998391,4.466960016090104,1,0.0132366346742599
2006-01-17,75.89534727606464,7.764793081255027,5.296513354786806,1,0.0250796296804117
2006-01-18,74.37009679165098,6.925199758648432,5.828366693483508,1,0.0262958110015899
2006-01-19,74.77744291630783,7.790581415929206,6.327478358809333,1,0.0128574065012181
2006-01-20,75.82242934424299,7.561404746580854,5.158690024135158,1,0.0134903523293539
2006-01-23,78.26392596449895,8.270074738535802,3.6720600160901045,1,0.0336501374694544
2006-01-24,77.46296501926373,7.754569750603381,3.876748350764279,1,0.0226103979745504
2006-01-25,75.64767210759975,7.613969750603381,5.368390024135156,1,0.0204502662449493
2006-01-27,76.47501133989691,7.700816411906681,4.71132502011263,0,-0.0037619915721653
2006-01-30,70.3864561450565,6.783211423974258,9.268315044247789,0,-0.0023729594857496
2006-01-31,68.0961188422362,7.477969750603379,12.022456717618665,0,-0.0203652459675619
2006-02-01,73.85224583016733,8.422121399839101,7.7909200321802095,1,0.0096785752176272
2006-02-02,69.07898626025415,9.460603057119869,13.121333386967013,1,0.0175869452612765
2006-02-03,69.10339417689329,9.054438053097345,12.693221721641189,1,0.0229775385322095
2006-02-06,69.9584594253269,7.120119871279163,9.990061705551085,1,0.0089914341661309
2006-02-07,68.63511554137364,6.756373209975866,10.816215044247784,1,0.0069457899370409
2006-02-08,72.33390193160764,6.69078487530169,7.424820032180209,1,0.0028540631669242
2006-02-10,65.79025612636832,5.948879887369268,12.566710056315365,0,-0.0017686685878428
2006-02-13,65.51301824373597,5.806321560740146,12.673433386967012,0,-0.0064492409422812
2006-02-14,72.27015925844174,5.290593242156075,6.081943362831859,0,-0.0120187142795299
2006-02-15,72.9154918978716,6.000486564762671,6.211578358809334,0,-0.0054246531113971
2006-02-16,72.23535460022015,6.027821560740145,6.850466693483507,1,0.0045896631722416
2006-02-17,75.00766864822265,6.545314883346741,4.875201689460982,1,0.0229773217269229
2006-02-20,72.33274531647481,6.140879887369267,6.875955028157684,1,0.0185405652092998
2006-02-21,74.79174899377635,6.422979887369268,4.947013354786806,1,0.0047818283392205
2006-02-22,73.63916604300009,6.191209895414319,5.751601689460982,1,0.0054427462436373
2006-02-23,73.41329450582802,6.3209915526950935,6.084478358809333,1,0.0041063804280645
2006-02-24,71.69305125410627,5.960179887369268,7.270443362831859,1,0.0236681143538397
2006-02-27,75.95464708692403,6.735148189863233,4.21354835076428,1,0.0267780528204792
2006-02-28,70.59690972603676,6.694324859211585,8.99019670152856,1,0.0233534934067184
2006-03-01,71.29860782574994,7.867853177795656,9.532785036202736,1,0.0213202025039702
2006-03-02,69.46947239529334,7.534318181818183,10.843938374899436,1,0.0101366621491796
2006-03-03,71.2972621545503,6.870678197908286,8.53682003218021,0,-0.0097860791677497
2006-03-06,73.87933417352185,7.08923652453741,6.433678358809333,0,-0.0194008775169563
2006-03-07,70.59172155514692,7.057148189863235,9.357685036202737,1,0.0003455479325068
2006-03-08,69.11291435326675,6.3853382139983905,10.015561705551088,1,0.027203842336904
2006-03-09,70.14339088465142,8.452279806918742,11.155938374899437,1,0.0209512047272132
2006-03-10,72.2594028361264,8.762151488334668,9.56317337087691,1,0.013322090796157
2006-03-13,71.19237549498206,8.689586484312144,10.450038374899435,1,0.0097566296657832
2006-03-14,74.00446548998244,8.261291472244562,7.49322003218021,1,0.021762196082589
2006-03-16,76.94774250078753,10.265019790828628,6.850466693483507,1,0.0110035168378267
2006-03-17,77.87612401403354,9.815119790828634,5.565801689460981,1,0.0018844032637482
2006-03-20,80.85616307992424,9.729761464199507,2.800906677393403,0,-0.0056811355354775
2006-03-21,79.17342513399657,9.882761464199506,4.466960016090104,1,0.0053499768394749
2006-03-22,80.5881615658831,9.882761464199506,3.1948833467417534,1,0.0248420223937014
2006-03-23,76.3250513161288,9.72471979082863,6.8700666934835075,1,0.0236919855650666
2006-03-24,79.1800516699267,9.741508125502806,4.3197483507642795,1,0.0224308469881821
2006-03-27,78.79348229701758,10.020708125502809,4.9465366854384545,1,0.028871838968524
2006-03-28,78.98232488168458,10.19050812550281,4.9465366854384545,1,0.0230554764048442
2006-03-29,79.05200273430721,10.86553644408688,5.558913354786807,1,0.0348918587666874
2006-03-30,71.3153233167647,10.743266452131932,12.393168382944486,1,0.0186035703875535
2006-03-31,75.5460515638209,9.640538133547865,7.486331697506035,1,0.0313472643540315
2006-04-03,66.10900671289062,7.597711504424779,13.928933386967012,0,-0.0053405822580842
2006-04-04,60.25763734056486,4.2462265486725705,15.838775060337891,0,-0.0013502645122076
2006-04-05,64.4773664255474,4.22584987932422,12.024180048270315,0,-0.0379967053717657
2006-04-07,64.9564534670903,4.583261544650045,11.950815044247786,0,-0.0321484091832589
2006-04-10,63.228705056354606,4.166889863234117,13.087968382944487,0,-0.0154415258908387
2006-04-12,66.8682270669656,3.0139599356395834,8.66252003218021,1,0.0400453616580641
2006-04-13,69.198620187762,3.4245065969428827,6.977666693483508,1,0.0553375638203945
2006-04-17,73.22350109351218,3.044164923572005,2.9783066773934026,1,0.0424002413022701
2006-04-18,74.26838373297716,3.1627065969428823,2.157330008045052,1,0.0154985016330777
2006-04-19,72.69890128675468,3.141541592920355,3.547383346741753,1,0.0036839732549986
2006-04-20,71.24070584874377,3.141541592920355,4.858536685438454,0,-0.0315113158031409
2006-04-21,74.59284152221304,3.8485349155269537,2.551418342719227,0,-0.0048535613178687
2006-04-24,73.00099194488287,3.656558246178602,3.7907716814159285,0,-0.0115631159411075
2006-04-25,71.80689253235826,3.650634915526953,4.858536685438454,1,0.0131116496081201
2006-04-26,74.78540608668287,4.205269911504427,2.7350066773934025,1,0.0005201487461493
2006-04-27,73.01516256050324,3.7410999195494794,3.862571681415929,1,0.0273720092013776
2006-04-28,67.54856639424264,2.969594931617057,8.00642003218021,1,0.0352569208414217
2006-04-29,66.82087554584514,3.057571600965408,8.748708366854384,1,0.0252025551095168
2006-05-02,60.28363017872201,1.5022449718423174,13.071421721641189,1,0.0160952108541648
2006-05-03,61.16685851801347,1.0493449718423178,11.824356717618665,1,0.0160769901055058
2006-05-04,64.22877756065358,1.202198310539019,9.224050040225261,1,0.0195827914948998
2006-05-05,64.60711704471385,1.0396099758648436,8.721273370876911,1,0.0243467311476902
2006-05-08,63.15087712463777,0.8780449718423178,9.869103378921965,1,0.0021368107451581
2006-05-09,58.7247724508251,1.3127333065164928,14.28357506033789,0,-0.0191306406880544
2006-05-10,61.6809707682771,1.1919799678197918,11.504721721641191,0,-0.0692830609446447
2006-05-11,58.681372765179795,0.9420449718423175,13.951910056315363,0,-0.0492185127436149
2006-05-12,65.46009498175006,1.0475099758648438,7.962208366854386,0,-0.0041042452072623
2006-05-15,67.90833123157952,0.40097497988736996,5.114313354786805,0,-0.0331000856733119
2006-05-16,64.9699847099452,0.41500997586484384,7.770396701528559,0,-0.0816973554442726
2006-05-17,71.79459404600529,3.1442649235720053,4.363225020112631,0,-0.1652688082801629
2006-05-18,71.7257261908142,3.2290415929203564,4.509925020112629,0,-0.0575577207872922
2006-05-19,73.28700469530537,3.2372415929203564,3.114283346741753,0,-0.0412949933253976
2006-05-22,74.06473473883707,3.5837582461786024,2.761495012067578,1,0.0307898520222949
2006-05-23,71.40898480591821,4.0776932421560765,5.643378358809331,1,0.0031986546124754
2006-05-24,73.38269936480069,4.456739903459374,4.247736685438455,1,0.0313905513450945
2006-05-25,67.74197620843476,2.54990160901046,7.412820032180208,1,0.0023888114455653
2006-05-26,69.61722682459715,2.50410160901046,5.680866693483507,0,-0.044126796117751
2006-05-29,62.457798120536644,1.9613199517296875,11.575568382944486,0,-0.0818471382920579
2006-05-30,63.13836730348602,2.0950849557522138,11.097391713596135,0,-0.0299385874076566
2006-05-31,62.7967731430942,2.794989943684636,12.104445052292832,0,-0.0178725785011438
2006-06-01,62.85152415582921,2.7743666130329863,12.034591713596132,0,-0.0084583226687139
2006-06-02,65.72789070830723,2.3644549477071624,9.038361705551084,0,-0.0776289335914438
2006-06-05,59.472335480768976,2.5506016090104606,14.849263395012061,0,-0.1019170766147774
2006-06-06,63.68174199713612,2.7164666130329866,11.230191713596133,0,-0.024468792612185
2006-06-07,59.70960281302185,2.6508782783588116,14.736198390989534,0,-0.0296617633704878
2006-06-08,65.01651504953172,2.585666613032987,9.899215044247784,0,-0.0226639121646104
2006-06-09,61.5276686662962,2.4325249396621103,12.883110056315362,0,-0.0849740807868201
2006-06-12,67.49698871398357,2.730994931617057,7.814196701528559,1,0.0078735621480464
2006-06-13,67.77468630796061,2.589113274336285,7.422620032180208,1,0.081811646670687
2006-06-14,69.37422267412755,2.5780132743362856,5.973278358809332,1,0.1024734898545908
2006-06-15,69.46395809597777,3.722764923572006,7.037343362831858,1,0.022085313122211
2006-06-16,70.20724683040636,2.6591482703137594,5.305390024135157,1,0.0113868236416956
2006-06-19,72.6111899190187,3.88342823813355,4.368136685438454,1,0.0263393471277193
2006-06-20,72.58733807595044,3.8619815768302512,4.368136685438454,1,0.0614692121222065
2006-06-21,76.94105118653638,5.667054867256643,2.2585183427192277,1,0.0424755207383865
2006-06-22,75.04457153352557,5.667054867256643,3.963760016090104,0,-0.0173633308208758
2006-06-23,76.51314143438697,6.11757152051489,3.093795012067578,0,-0.0200001687439594
2006-06-25,75.730432675835,5.494678197908292,3.1746833467417535,0,-0.0229475865146756
2006-06-26,68.63669849448962,5.588166532582466,9.646585036202735,1,0.0184146187452889
2006-06-27,71.92993671636711,6.019289863234117,7.116555028157683,1,0.0477126488679413
2006-06-28,71.03991685326707,6.389494851166538,8.287031697506032,1,0.0554116347475299
2006-06-29,73.90937511990755,6.426971520514889,5.744401689460981,1,0.0458807276116006
2006-06-30,71.59385139744889,6.368283185840715,7.767743362831857,1,0.0217863896548789
2006-07-03,69.9486780777944,6.311859855189066,9.190596701528559,1,0.0017281429939227
2006-07-04,72.46839201547603,6.37734818986324,6.990455028157683,0,-0.0202114853403414
2006-07-05,70.45964482162883,6.156313193885767,8.575608366854384,0,-0.0173846090794536
2006-07-06,70.16880537050575,6.059601528559942,8.740408366854384,0,-0.012833872175587
2006-07-07,71.43003954971496,5.882501528559942,7.429255028157683,1,0.038287452478149
2006-07-10,69.882813019886,5.839448189863241,8.777408366854385,1,0.0086512034821176
2006-07-11,77.15576600000036,6.363094851166539,2.761495012067578,1,0.0023078782581234
2006-07-12,77.52424074786067,6.191436524537416,2.2585183427192277,0,-0.0607429444707162
2006-07-13,81.58723483773807,11.448778117457747,3.862571681415929,0,-0.0570173646191045
2006-07-14,83.12441124368588,11.519794770715999,2.551418342719227,0,-0.0629655943435867
2006-07-17,85.00095742626922,15.147919710378103,4.492225020112629,1,0.0051404616891958
2006-07-18,85.87255644642195,14.444198069187433,3.0047950120675777,0,-0.0163845615928924
2006-07-19,86.51749057391542,14.665209734513256,2.6459066773934032,1,0.0179439140241872
2006-07-20,87.34617735634146,14.921756395816562,2.157330008045052,1,0.0057557200564231
2006-07-21,83.6371518756323,12.279919790828627,2.8505066773934025,1,0.0545621394357448
2006-07-24,81.49404988081925,12.114266452131924,4.611848350764279,1,0.0554684669434138
2006-07-25,84.77551974279709,12.491119790828627,2.038130008045052,1,0.0292665873705187
2006-07-26,78.90345137060342,13.088783105390167,7.9157316975060334,1,0.0105704327228181
2006-07-27,80.57629120696963,12.957994770715992,6.280790024135156,0,-0.0026491342359303
2006-07-28,77.89315650724646,12.230276427996762,7.965643362831858,1,0.016252793248851
2006-07-31,77.28390932944397,13.249606436041818,9.532785036202736,1,0.0147795275346402
2006-08-01,78.61643214043858,12.995506436041818,8.080531697506034,1,0.0091548654671431
2006-08-02,79.22284705615161,13.087394770715992,7.627155028157683,0,-0.0097897579689953
2006-08-03,76.6413885523008,13.326353097345116,10.187261705551085,1,0.0069974045354169
2006-08-04,78.09442919278338,12.923829766693464,8.478220032180209,1,0.0242107186418701
2006-08-07,83.33620843799095,16.04194802896217,6.883131697506033,1,0.0340062715263766
2006-08-08,79.22551620929177,13.244083105390159,7.781443362831858,1,0.0191010547741739
2006-08-09,78.61529404617927,13.244083105390159,8.330131697506033,1,0.0178149267410017
2006-08-10,84.16481004229314,13.766434754625882,3.862571681415929,1,0.0290068174281122
2006-08-11,85.47125116862121,13.23589477071599,2.157330008045052,1,0.0240044717040986
2006-08-14,86.06927863385091,13.381818101367639,1.765530008045052,1,0.0130889369853018
2006-08-16,83.02706687435152,12.527231456154444,3.6463833467417532,1,0.0029604085857234
2006-08-17,85.24566880760057,13.27024810941269,2.3945183427192274,1,0.0031852374924802
2006-08-18,83.75089670218527,13.17807144006434,3.6463833467417532,0,-0.0062607133097446
2006-08-21,86.91959296506172,14.119899758648408,1.7390416733708767,1,0.0013063359140554
2006-08-22,85.42733987739614,14.213176427996759,3.174095012067578,1,0.0063254316126364
2006-08-23,85.50945713606188,13.27024810941269,2.157330008045052,1,0.0193863780485898
2006-08-24,78.04256421530211,13.350194770715989,8.951220032180208,1,0.0162743987109052
2006-08-25,78.84466325479661,13.644523089300055,8.524331697506033,1,0.0130277798728057
2006-08-28,77.9833386668826,13.435129766693457,9.089408366854384,1,0.0037564240796575
2006-08-29,78.78350258824504,13.083829766693455,8.018631697506034,1,0.0028420910672272
2006-08-30,74.83365090442948,9.078898149637974,7.565255028157683,1,0.0134644146682937
2006-08-31,76.90280808787577,9.017363153660499,5.6432133547868055,1,0.0173793692853931
2006-09-01,76.94319200267961,9.053674818986327,5.6432133547868055,1,0.0120938300443002
2006-09-04,72.56563626472577,8.251739823008847,8.777408366854385,0,-0.0064345087400354
2006-09-05,73.22212374893454,8.703839823008847,8.639220032180209,0,-0.0006623279629327
2006-09-06,76.68562615089722,8.403793161705549,5.2249250201126305,0,-0.0324720934495442
2006-09-07,76.6330752747845,11.77083644408686,8.639220032180209,0,-0.0188917802844281
2006-09-08,84.50387221137655,12.36606476267093,2.157330008045052,0,-0.0048801713950204
2006-09-11,82.4019567920277,11.3235681415929,3.0047950120675777,1,0.0308459247323943
2006-09-12,83.04923385476282,11.084598149637953,2.1838183427192277,1,0.0258294915597207
2006-09-13,81.68044395231804,10.221434835076417,2.551418342719227,1,0.0109971888318358
2006-09-14,80.47078002712391,10.41841649235719,3.8360833467417534,0,-0.0041131831202264
2006-09-15,81.27025626039857,10.792974818986306,3.4917833467417534,1,0.0069327346740166
2006-09-18,74.91817605560355,4.567951568785199,2.9783066773934026,1,0.0171169980061043
2006-09-19,73.87364746008384,4.48652823813355,3.8360833467417534,1,0.0247677413277309
2006-09-20,75.02137033679799,4.572339903459374,2.8899066773934026,1,0.0058779745826761
2006-09-21,73.5569339012346,4.540239903459375,4.174571681415928,1,0.0052492822085667
2006-09-22,72.96066547162891,4.57317489943685,4.743648350764279,1,0.00989710957227
2006-09-25,70.34174612997509,5.2561382139983905,7.781443362831858,1,0.0136150485145218
2006-09-26,73.06632866579432,6.179313193885759,6.2547783588093315,1,0.0046507489398609
2006-09-27,73.99573151127063,6.1294315366049865,5.3692133547868055,0,-0.0027137058715963
2006-09-28,69.9937404368375,6.38248986323411,9.220708366854383,0,-0.0159165782001219
2006-09-29,71.50454043465257,6.456278197908285,7.936043362831858,0,-0.0065704177210381
2006-10-03,69.57996980587613,6.036931536604987,9.247196701528559,1,2.80139509493749e-05
2006-10-04,74.67558518008548,7.204418181818182,5.83290168946098,1,0.0146278640742388
2006-10-05,73.81200292452644,6.872694851166533,6.277678358809331,1,0.0017236672125371
2006-10-06,69.6235844947058,6.635536524537408,9.806585036202733,0,-0.0031284001244758
2006-10-09,78.01851043208107,6.750853177795655,2.3735066773934026,1,0.0149970813911602
2006-10-10,75.93134389118264,6.944706516492355,4.444060016090104,1,0.0289791359474702
2006-10-11,77.92986675756983,6.644659855189056,2.3470183427192275,1,0.04543177437888
2006-10-12,73.97276008074257,6.771364843121482,6.03180168946098,1,0.0256146391413149
2006-10-13,75.99370197247256,6.886053177795656,4.329336685438454,1,0.0093682572876119
2006-10-16,75.96973336737533,6.516024859211582,3.980860016090104,0,-0.0124701855768686
2006-10-17,74.47113549368703,5.901008205953337,4.713325020112628,0,-0.0103222708083364
2006-10-18,75.16222372756262,6.0361315366049855,4.227048350764279,0,-0.0073436762888413
2006-10-19,74.65436356948105,6.864148189863229,5.511713354786804,0,-0.0055895770675425
2006-10-20,79.92913287466548,10.589153177795641,4.493848350764279,1,0.000190362232708
2006-10-21,80.25944057576149,10.492064843121465,4.099760016090104,1,0.015048412389853
2006-10-23,74.25765880509412,10.020906516492342,9.02517337087691,1,0.0301110759126191
2006-10-26,69.14752807649234,7.24873821399839,10.847838374899435,1,0.0179344980662712
2006-10-27,71.8892914514586,7.418273209975865,8.552085036202737,1,0.0073804022528992
2006-10-30,78.118733499898,5.959669911504426,1.4922066773934026,1,0.0058463455015491
2006-10-31,78.91962957733936,6.535516572807723,1.3479183427192274,1,0.0162267036542684
2006-11-01,77.38855700711234,4.640881576830253,0.8299650040225259,1,0.0111401175838435
2006-11-02,77.06674054496987,4.8989932421560765,1.3774416733708768,1,0.0019894735776242
2006-11-03,76.83655945999178,4.665534915526952,1.3509533386967014,0,-0.0073985026210061
2006-11-06,75.04477732100958,4.9316515687852,3.2281716814159287,0,-0.0033790700931269
2006-11-07,76.7713227696921,4.239588254223654,0.9836650040225261,1,0.0094321783972153
2006-11-08,76.81316544933898,4.277211584875303,0.9836650040225261,1,0.0213338281406044
2006-11-09,76.7833191063349,4.749663234111022,1.4829533386967013,1,0.0181412646486827
2006-11-10,76.80714500228561,4.771086564762672,1.4829533386967013,1,0.0107768467680661
2006-11-13,73.30765913770935,2.303136604987934,2.1616066773934026,1,0.0046796713975563
2006-11-14,73.48824588640996,2.2105249396621094,1.9066183427192276,0,-0.0033943572305726
2006-11-15,74.50082991184425,2.2948482703137585,1.080465004022526,0,-0.0052118140075118
2006-11-16,74.37845480557682,2.1848132743362845,1.080465004022526,1,0.010622157320252
2006-11-17,74.58910844778063,2.218013274336285,0.9242533386967013,1,0.0261172314042416
2006-11-20,73.95610578913607,2.223118262268706,1.498530008045052,1,0.0228937398269567
2006-11-21,74.14247570297373,2.4612949316170565,1.569130008045052,1,0.008285620084388
2006-11-22,74.75050694516428,2.1818599356395834,0.7429766693483506,1,0.00357159012368
2006-11-23,74.18574565303129,1.8977249396621094,0.9666533386967013,0,-0.0060250334793795
2006-11-24,73.95376473282366,1.857036604987934,1.1345533386967013,0,-0.0057494399434648
2006-11-27,74.00595038088869,1.9304482703137589,1.1610416733708766,0,-0.0036348072428969
2006-11-28,73.74992113530197,1.8806249396621095,1.3414300080450519,1,0.0191561982936455
2006-11-29,74.22264299101941,1.909613274336285,0.9453650040225259,1,0.0183630241821344
2006-11-30,74.48983262869983,2.176348270313759,0.9718533386967012,1,0.0153699584784035
2006-12-01,74.09079423424446,2.1826366049879344,1.3369416733708768,1,0.0045797510648621
2006-12-04,71.83902070066853,0.4159399839098956,1.5949533386967012,1,0.0035801868251448
2006-12-05,71.85315794292735,0.43093998390989563,1.5972416733708767,0,-0.0134751811793792
2006-12-06,72.7762141234518,0.43093998390989563,0.7672650040225261,0,-0.0423306623767532
2006-12-07,72.95831895747449,0.2031049879324217,0.37568833467417534,0,-0.0772345291637649
2006-12-08,71.57359009861214,0.28632831858407093,1.704006677393403,0,-0.0509479675854311
2006-12-11,72.58498413555205,0.34559332260659714,0.8538650040225261,0,-0.0016769475691498
2006-12-12,72.75412874225152,0.3890816572807725,0.745265004022526,1,0.045172066158476
2006-12-13,72.45490926688909,0.14203499597747382,0.7672650040225261,1,0.0425203284387121
2006-12-14,72.76326874861653,0.027723330651649225,0.37568833467417534,0,-0.0028794620582031
2006-12-15,72.15318374733576,0.027723330651649225,0.9242533386967013,0,-0.0189772315908594
2006-12-18,72.82700775339686,0.08503499597747388,0.37568833467417534,0,-0.0245430851128282
2006-12-19,72.16387333345521,0.08503499597747388,0.9719533386967014,1,0.0101647604132336
2006-12-20,72.43491656545537,0.1240583266291232,0.7672650040225261,1,0.0322227967074728
2006-12-21,71.20300415011171,0.034511665325824614,1.7854066773934025,1,0.0360578270420319
2006-12-22,70.47369697523668,0.034511665325824614,2.4411716814159283,1,0.0253530036244255
2006-12-26,72.15880935083831,0.24756999195494778,1.1390416733708766,1,0.0065512634872217
2006-12-27,72.6765397924346,0.7086049879324218,1.1345533386967013,1,0.0083066009186642
2006-12-28,73.11592318101745,0.7385933226065972,0.7694650040225259,1,0.0133842340212857
2006-12-29,72.33730896708715,0.40358165728077244,1.1345533386967013,1,0.0056315514883674
2007-01-02,71.64594640954813,-0.04427666934835073,1.3083416733708764,0,-0.0060069260064766
2007-01-03,71.76370981829935,0.034511665325824614,1.2812416733708767,0,-0.0227846663551424
2007-01-04,72.76326874861653,0.027723330651649225,0.37568833467417534,0,-0.0195950676107448
2007-01-05,72.85582533792663,0.11094666130329844,0.37568833467417534,0,-0.033984658629184
2007-01-08,71.99786125962616,-0.04752502011263027,0.988665004022526,1,0.0022474344911426
2007-01-09,73.55142702816302,0.7364049879324218,0.37568833467417534,1,0.0354262703122437
2007-01-10,72.90142337073785,0.15194666130329848,0.37568833467417534,1,0.0575536872978663
2007-01-11,73.63886774062112,0.815028318584071,0.37568833467417534,1,0.0344679036236013
2007-01-12,73.29200202067202,0.815028318584071,0.6875766693483507,1,0.0059048751331816
2007-01-15,73.70260674540144,0.8723399839098956,0.37568833467417534,1,0.0074871035983298
2007-01-16,73.86889869020872,1.021863314561545,0.37568833467417534,1,0.0023621142716712
2007-01-17,73.38254377156821,0.8964399839098957,0.6875766693483507,1,0.0063578445955687
2007-01-18,72.71917394863944,0.815028318584071,1.2026416733708767,0,-0.0105075491385514
2007-01-19,72.8910729760757,0.8218166532582464,1.054865004022526,0,-6.112432077506278e-05
2007-01-22,72.28612979876446,0.7023399839098957,1.4793300080450522,1,0.0109696075227957
2007-01-23,72.89499143818934,0.851828318584071,1.0813533386967014,1,0.0142483684641394
2007-01-24,70.59030188992584,0.5487816572807726,2.850595012067578,0,-0.0017619856258121
2007-01-25,70.69866394220738,0.6727049879324218,2.8770833467417534,0,-0.0025347332186901
2007-01-29,68.32848190085431,0.32739332260659715,4.662948350764278,1,0.0142155391898843
2007-01-31,67.42244157159847,0.4945816572807725,5.6448133547868045,1,0.0319740905276405
2007-02-01,67.34835959839998,0.4279699919549479,5.6448133547868045,1,0.0140886275073842
2007-02-02,67.34835959839998,0.4279699919549479,5.6448133547868045,1,0.0096935135051058
2007-02-05,66.78684760116637,0.1687683024939669,5.890501689460981,1,0.0019078660801186
2007-02-06,67.82337061619477,0.48779332260659714,5.27752502011263,0,-0.0020278417598719
2007-02-07,67.82337061619477,0.48779332260659714,5.27752502011263,0,-0.0400775635441709
2007-02-08,67.41480667699679,0.45880498793242175,5.61590168946098,0,-0.0432701949929996
2007-02-09,67.47650489624567,0.48779332260659714,5.589413354786805,0,-0.0340794410190962
2007-02-12,71.50784922897668,0.6946283185840711,2.1714183427192273,1,0.0214280854024239
2007-02-13,48.020118929686966,0.48779332260659714,23.08384843121479,1,0.029237930697426
2007-02-14,47.502996455896664,0.48779332260659714,23.548825100563143,1,0.0146800853138874
2007-02-15,48.020118929686966,0.48779332260659714,23.08384843121479,0,-0.0121325374467224
2007-02-19,40.37823336929682,0.2751583266291232,29.742503459372468,0,-0.0303635345913715
2007-02-20,41.69082279933676,0.3041466613032986,28.591261786001592,0,-0.0417664702326603
2007-02-21,41.74376100328346,0.3041466613032986,28.543661786001586,0,-0.0383715059396241
2007-02-22,42.645810576387824,0.2682699919549479,27.696696781979064,0,-0.0368334658869564
2007-02-23,42.76923296200314,0.2682699919549479,27.58572011263071,0,-0.050412469761272
2007-02-26,43.18013241019876,0.3041466613032986,27.252131777956535,0,-0.0337441085516846
2007-02-27,43.18013241019876,0.3041466613032986,27.252131777956535,0,-0.0438746859176996
2007-02-28,41.68858553149451,0.3041466613032986,28.593273451327413,0,-0.046117052003581
2007-03-01,42.68001281411824,0.3041466613032986,27.701820112630713,0,-0.0416701842112158
2007-03-02,43.39041160865453,0.8584216411906684,27.617331777956537,0,-0.02717203721581
2007-03-05,44.53411778209966,0.8326216411906683,26.563155108608182,1,0.0504730223651042
2007-03-06,44.84939852322342,0.8326216411906683,26.279666773934007,1,0.0169119733316243
2007-03-07,44.77423035000076,0.8026333065164929,26.317266773934005,1,0.02927621485025
2007-03-08,44.456306402854366,0.8082449718423176,26.60874344328236,1,0.0023631884819721
2007-03-09,44.61196808202128,0.837233306516493,26.497766773934007,0,-0.0209000555009639
2007-03-12,44.40024676066682,1.3321382944489146,27.18304344328236,0,-0.0246685139143248
2007-03-13,51.66054166316811,1.3751149637972655,20.697841753821383,0,-0.0439148498062577
2007-03-14,51.22115827458526,1.3451266291230901,21.062930088495555,1,0.0103279606556646
2007-03-15,73.78433470783115,1.3085032984714409,0.738365004022526,1,0.0147117566494615
2007-03-16,73.37830275994163,1.3085032984714409,1.1034533386967014,1,0.0423223025890732
2007-03-19,72.12522805447263,0.9735399839098958,1.8952066773934027,1,0.0521640994481447
2007-03-20,73.00332754335332,0.9735399839098958,1.1056533386967013,1,0.0432552066732193
2007-03-21,72.54581615636015,0.9272516492357205,1.4707416733708767,1,0.014609001331393
2007-03-22,72.95184810424966,0.9272516492357205,1.1056533386967013,0,-0.0300664260941457
2007-03-23,72.38708681211668,0.7845283185840711,1.4707416733708767,0,-0.0164382255205409
2007-03-26,71.90890246184594,0.7845283185840711,1.9007066773934027,1,0.0004187659552136
2007-03-28,71.88696721603617,0.7845283185840711,1.920430008045052,0,-0.034487575438795
2007-03-29,72.32245808962297,0.7845283185840711,1.5288533386967014,0,-0.0286983473896041
2007-03-30,74.0719025853229,2.2072382944489144,1.378530008045052,0,-0.023376931527559
2007-04-02,73.21259283582278,1.7894566371681422,1.7334066773934023,1,0.0320651387748213
2007-04-03,73.78764520213883,1.774956637168142,1.2018416733708768,1,0.040580815505996
2007-04-04,74.40934842792876,1.899391633145616,0.7672650040225261,1,0.0303133453774497
2007-04-05,74.76711318986689,1.8559916331456159,0.40217666934835067,1,0.0290644452772847
2007-04-09,74.94470268859959,2.0156732904263883,0.40217666934835067,0,-0.0035577718723053
2007-04-10,74.41502592566641,2.030873290426388,0.8936416733708767,1,0.0178228914566876
2007-04-11,75.24453755801197,2.258784955752213,0.37568833467417534,1,0.0382728276065995
2007-04-12,75.15292258065035,2.202896621078038,0.40217666934835067,1,0.0396991271772761
2007-04-13,75.26836345396269,2.2802082864038624,0.37568833467417534,1,0.0237747594425378
2007-04-16,74.64914032524611,1.749914963797265,0.40217666934835067,0,-0.0039196155537198
2007-04-17,74.61134029598581,1.7159266291230897,0.40217666934835067,1,0.0244419430273986
2007-04-18,73.9775276399097,1.6311149637972653,0.887265004022526,1,0.0181560435845861
2007-04-19,70.5929228172165,1.6159149637972652,3.9153716814159285,1,0.035423787481205
2007-04-20,70.19122269586497,1.228233306516493,3.888883346741753,1,0.020301635949897
2007-04-23,70.2561850625012,1.2866449718423176,3.888883346741753,1,0.0224505523277473
2007-04-24,70.20201052313982,1.2379333065164926,3.888883346741753,0,-0.0141760121391545
2007-04-25,69.4601231120044,1.255521641190668,4.573548350764279,0,-0.0192369533266389
2007-04-26,73.27095461364644,1.536168302493967,1.4276416733708768,0,-0.0064836275971386
2007-04-27,73.38262716023564,1.6365799678197914,1.4276416733708768,1,0.0082552887173858
2007-04-30,73.11766181683872,1.3983333065164927,1.4276416733708768,1,0.0056714039600467
2007-05-03,71.19469454098099,0.7215399839098958,2.4799066773934024,0,-0.0179517087099946
2007-05-04,72.3262653370224,0.8605399839098958,1.6014416733708767,0,-0.0092843474645402
2007-05-07,71.66440617317178,0.7833749798873698,2.119395012067578,0,-0.010846345303855
2007-05-08,74.54004423795647,2.561384955752213,1.3117416733708767,0,-8.585112194292549e-05
2007-05-09,77.79621082879416,4.553151568785198,0.37568833467417534,1,0.0133926224980331
2007-05-10,77.82433517792136,4.604928238133549,0.40217666934835067,1,0.0130695268256244
2007-05-11,77.85379410361861,4.604928238133549,0.37568833467417534,1,0.0228682548948179
2007-05-14,77.6332553254121,4.433116572807723,0.40217666934835067,1,0.0204104597238351
2007-05-15,77.73701865373619,4.526416572807723,0.40217666934835067,1,0.0226049842109065
2007-05-16,77.708894304609,4.474639903459373,0.37568833467417534,1,0.0213365779630634
2007-05-17,76.93046359943074,4.141993242156075,0.7429766693483506,1,0.013780498505176
2007-05-18,77.10540434482601,4.299293242156074,0.7429766693483506,1,0.007493504872257
2007-05-21,77.10540434482601,4.299293242156074,0.7429766693483506,0,-0.0132298936437629
2007-05-22,77.10540434482601,4.299293242156074,0.7429766693483506,0,-0.0070253917453914
2007-05-23,77.10540434482601,4.299293242156074,0.7429766693483506,1,0.0024345076856049
2007-05-24,77.78402910447015,4.9094865647626715,0.7429766693483506,1,0.0207935099525424
2007-05-25,74.05767077029424,3.228418262268704,2.412506677393403,1,0.0003530325532676
2007-05-28,75.83655200243231,3.43947827835881,1.024065004022526,1,0.0091788281747639
2007-05-29,75.88231314419282,3.507113274336284,1.0505533386967014,1,0.0008847188684595
2007-05-30,75.78488905457662,3.3930249396621086,1.024065004022526,1,0.0040860953677945
2007-05-31,74.64542389275806,2.68404995977474,1.3396533386967016,0,-0.0025989327543453
2007-06-01,74.9475942711681,2.5884616251005643,0.9723650040225261,0,-0.0232609689573136
2007-06-04,71.69243040221434,2.3816266291230908,3.6924483507642796,0,-0.02073109981468
2007-06-05,72.58999246607546,2.3816266291230908,2.885395012067578,0,-0.0331360798464222
2007-06-06,72.61945139177271,2.3816266291230908,2.858906677393403,0,-0.0126202409672716
2007-06-07,71.33265080186233,2.3526382944489153,3.986960016090105,0,-0.0058310602307268
2007-06-08,73.8434416152925,2.3816266291230908,1.758341673370877,0,-0.0077379428361537
2007-06-11,74.5562426655495,2.438938294448915,1.1747300080450522,1,0.0058685049850015
2007-06-12,75.37486822946481,2.6835499597747403,0.6832650040225261,1,0.0039031352656829
2007-06-13,74.56754764571892,2.2923382944489155,1.017965004022526,1,0.0082444490396235
2007-06-14,74.66684941191728,2.3816266291230908,1.017965004022526,1,0.0105674683045137
2007-06-15,74.62924586496777,2.3884149637972665,1.058565004022526,1,0.018337588224959
2007-06-18,86.86489581496389,13.07465317779567,0.7429766693483506,1,0.0285954476979179
2007-06-19,86.79206315073887,13.009164843121495,0.7429766693483506,1,0.0089177154674933
2007-06-20,88.96121900417171,15.248163153660519,1.0315533386967013,1,0.0025270198742692
2007-06-21,89.28215872215956,15.248163153660519,0.7429766693483506,1,0.004279156779307
2007-06-22,88.57185074253468,14.609481496379741,0.7429766693483506,1,0.0027947411332757
2007-06-25,86.01392529009757,13.584934835076439,2.0184183427192277,1,0.0052918848762328
2007-06-26,86.01392529009757,13.584934835076439,2.0184183427192277,1,0.007577907020816
2007-06-27,88.1360132512466,14.217593161705565,0.7429766693483506,1,0.0116116347140829
2007-06-28,88.1360132512466,14.217593161705565,0.7429766693483506,1,0.0174897826480224
2007-06-29,88.13993171336021,14.221116492357215,0.7429766693483506,1,0.0094496877238535
2007-07-02,89.70355870040781,15.286269831053922,0.40217666934835067,1,0.0092758836231858
2007-07-03,82.33788423257772,8.663338213998397,0.40217666934835067,1,0.0062454448978864
2007-07-04,80.00740029686989,6.541368222043438,0.37568833467417534,1,0.0136924462562445
2007-07-05,79.93870852418684,6.5060915526950875,0.40217666934835067,1,0.0118951174240975
2007-07-06,80.33560234464056,6.836474899436844,0.37568833467417534,1,0.0005243958168503
2007-07-09,81.18493981161217,7.626654867256635,0.40217666934835067,1,0.0060346128956503
2007-07-10,81.19193336504635,7.63294320193081,0.40217666934835067,1,0.0221094005814936
2007-07-11,80.96910542476249,7.406096540627511,0.37568833467417534,1,0.028093944793766
2007-07-12,80.8900187894262,7.334984875301687,0.37568833467417534,1,0.0113163604614254
2007-07-13,80.59005973174087,7.06527320997586,0.37568833467417534,0,-0.0011106052829122
2007-07-16,78.13318031811102,5.2234299275945295,0.7429766693483506,1,0.0110092855083693
2007-07-17,67.13869570452134,2.6705666130329844,8.07593169750603,1,0.0152935849254274
2007-07-18,67.14962069362791,2.6803899436846343,8.07593169750603,1,0.0262766107788762
2007-07-19,67.08007257659301,2.6178549477071598,8.07593169750603,1,0.0127739857482666
2007-07-20,66.43175011343922,2.0349082864038617,8.07593169750603,1,0.0049482610046063
2007-07-23,64.5718082071565,1.637961625100563,9.351373370876907,1,9.741155849958934e-05
2007-07-24,64.04245211480706,1.631673290426388,9.821061705551083,0,-0.0387321672512984
2007-07-25,63.200654969667305,1.7814499597747382,10.727750040225256,0,-0.0329311219139898
2007-07-26,64.47071403197255,1.850461625100563,9.654773370876907,0,-0.0198833699817318
2007-07-27,65.83778569839885,1.500838294448914,8.07593169750603,0,-0.0226034955868436
2007-07-30,64.68593678263069,0.12433998390989576,7.735131697506031,0,-0.0190310868550912
2007-07-31,64.66990889023091,0.10992831858407115,7.735131697506031,0,-0.0285112925135656
2007-08-01,64.69936781592818,0.10992831858407115,7.708643362831856,0,-0.0014622326403483
2007-08-02,57.74679105398681,0.3179516492357203,14.168156717618661,0,0.0
2007-08-03,57.86244138316873,0.3954516492357203,14.141668382944486,1,0.0136627556158635
2007-08-06,57.497204835578195,0.584998310539019,14.659621721641187,1,0.0145724152146702
2007-08-07,54.491712452629685,0.510528318584071,17.287575060337897,0,-0.0052936358470191
2007-08-08,54.491712452629685,0.510528318584071,17.287575060337897,0,-0.0200216064708354
2007-08-09,54.07905396881003,0.13948165728077244,17.287575060337897,0,-0.0075227746662033
2007-08-10,54.07905396881003,0.13948165728077244,17.287575060337897,0,-0.0363646527338632
2007-08-13,57.22069356170996,0.18570498793242174,14.508956717618663,0,-0.0626494373978749
2007-08-14,57.723684340556225,0.6379749798873697,14.508956717618663,0,-0.0375718056265055
2007-08-16,56.96998964884482,0.15606999195494775,14.704745052292838,0,-0.0251300556915958
2007-08-17,69.94775686564869,6.960719871279169,9.840285036202731,1,0.0109186190997651
2007-08-20,83.32105004244744,9.914651488334673,0.7694650040225259,0,-0.0226102856371974
2007-08-21,83.19986492467439,10.173174818986325,1.1369533386967015,1,0.0278903263015139
2007-08-22,83.55430621874606,10.24218648431215,0.887265004022526,1,0.0353524086695099
2007-08-23,83.31569876260832,9.909839823008847,0.7694650040225259,1,0.0487907427795468
2007-08-24,83.35215124173976,9.916128157683023,0.7429766693483506,1,0.0395749611966912
2007-08-27,84.06760659264896,10.585926468222045,0.7694650040225259,1,0.0251766043186869
2007-08-28,83.46576445377582,10.53623813354787,1.260930008045052,1,0.0326277989125365
2007-08-29,84.50432082809166,10.584826468222044,0.37568833467417534,1,0.0261389902318493
2007-08-30,84.90918130836037,10.97534979887369,0.40217666934835067,1,0.015059526244736
2007-08-31,85.22625445846968,11.233961464199517,0.37568833467417534,1,0.002651052744784
2007-09-03,77.59520137229113,4.372411584875305,0.37568833467417534,1,0.0097517271087517
2007-09-04,77.9834185661101,5.115458246178603,0.7696650040225261,1,0.0067306609257555
2007-09-05,78.35583772320162,5.056346580852779,0.37568833467417534,1,0.0071240436209012
2007-09-06,78.34884416976745,5.050058246178604,0.37568833467417534,0,-0.0047805851030038
2007-09-07,76.29679741035955,3.204936604987935,0.37568833467417534,0,-0.002809130961745
2007-09-10,76.93605216118617,3.779729927594532,0.37568833467417534,1,0.0046698031037685
2007-09-11,76.96028399531728,3.8015182622687074,0.37568833467417534,1,0.0046477917955913
2007-09-12,75.27669158396695,2.7992732904263895,0.887265004022526,0,-0.0004893510635383
2007-09-13,75.73961911859313,3.0712316170555125,0.7429766693483506,1,0.0038015946347819
2007-09-14,75.73961911859313,3.0712316170555125,0.7429766693483506,1,0.0463524898321316
2007-09-17,75.22654672143338,2.754184955752214,0.887265004022526,1,0.0547408949093748
2007-09-18,76.23359595827652,3.515396621078039,0.7429766693483506,1,0.062116675036552
2007-09-19,76.27699564392184,3.5544199517296886,0.7429766693483506,1,0.0413632281023702
2007-09-20,75.96488823527402,3.30027329042639,0.7694650040225259,1,0.0395038150692285
2007-09-21,75.99434716097127,3.30027329042639,0.7429766693483506,1,0.0210581464330826
2007-09-24,77.59935335846268,5.405674899436849,1.4052183427192273,1,0.0137627704042306
2007-09-25,78.54298426110925,5.618398230088498,0.7694650040225259,1,0.0165663112758219
2007-09-26,77.99968186149701,5.103393242156077,0.7429766693483506,1,0.0256671549102065
2007-09-27,79.273220074374,5.907709895414323,0.40217666934835067,1,0.0411854884567279
2007-09-28,79.33712961434756,5.938686564762674,0.37568833467417534,1,0.0366218832533424
2007-10-01,77.71005279867106,4.47568157683025,0.37568833467417534,1,0.0228000671088537
2007-10-03,76.75974346585926,3.62119991954948,0.37568833467417534,0,-0.0244186998507331
2007-10-04,76.6148306932909,3.686688254223655,0.5714766693483506,1,0.0225144524577816
2007-10-05,76.98685688576082,3.825411584875305,0.37568833467417534,1,0.0481118067969854
2007-10-08,76.8310969654385,4.048046580852779,0.7383766693483507,1,0.0829414027234613
2007-10-09,77.1073283683285,3.9337349155269536,0.37568833467417534,1,0.0187816408278521
2007-10-10,76.87675431872881,3.7264115848753043,0.37568833467417534,1,0.0412140925196441
2007-10-11,76.91010575942215,3.7563999195494797,0.37568833467417534,1,0.0255890455293007
2007-10-12,76.45669634329462,3.7159999195494797,0.7429766693483506,1,0.0238554026641915
2007-10-15,76.47273720925318,3.7304232502011287,0.7429766693483506,0,-0.0579762026594023
2007-10-16,76.58795565313717,3.8340232502011284,0.7429766693483506,0,-0.0832485300788918
2007-10-17,76.11148587049937,3.5498882542236556,0.887265004022526,0,-0.0698952420059622
2007-10-18,74.51862426611203,2.246936604987934,1.0165533386967014,1,0.0226713452569886
2007-10-19,74.54808319180931,2.246936604987934,0.990065004022526,1,0.0524512339596226
2007-10-22,74.18392729692818,1.9459899436846353,1.0165533386967014,1,0.0716295672446727
2007-10-23,74.18392729692818,1.9459899436846353,1.0165533386967014,1,0.0409147976385066
2007-10-24,74.24562551617704,1.9749782783588108,0.990065004022526,1,0.0719040041207254
2007-10-25,74.14052761128288,1.9069666130329863,1.0165533386967014,1,0.0524351376797896
2007-10-26,74.31125517109834,2.0339899436846354,0.990065004022526,1,0.0341929121103234
2007-10-29,74.49714685271775,2.3002366049879335,1.089165004022526,0,-0.006702170368939
2007-10-30,74.2808472072086,2.1057482703137587,1.089165004022526,1,0.0107871889112344
2007-10-31,71.73238618957866,0.14885832662912313,1.4237533386967014,0,-0.0090824980944187
2007-11-01,71.82494277888877,0.23208165728077235,1.4237533386967014,0,-0.0137220625698227
2007-11-02,71.75211011466372,0.16659332260659698,1.4237533386967014,0,-0.0256186784358938
2007-11-05,74.17989762010039,1.9112782783588114,0.9854650040225261,0,-0.0257331636950535
2007-11-06,74.42753386788897,1.771254947707162,0.6227766693483507,0,-0.0215296859364878
2007-11-07,74.42753386788897,1.771254947707162,0.6227766693483507,0,-0.028994657960215
2007-11-08,74.36583564864009,1.7422666130329865,0.6492650040225261,0,-0.0005880210628309
2007-11-09,74.42753386788897,1.771254947707162,0.6227766693483507,1,0.0473576031431544
2007-11-12,74.00851574555865,2.033166613032986,1.2614533386967013,1,0.0511855817629481
2007-11-13,73.51939343262258,1.817043282381337,1.485130008045052,1,0.0364538629191794
2007-11-14,74.03662712112707,1.7870549477071616,0.990065004022526,0,-0.0051074143045489
2007-11-15,74.04051963612315,1.817043282381337,1.0165533386967014,0,-0.0224417183471044
2007-11-16,74.58418905323946,2.2794016090104603,0.990065004022526,0,-0.060325755048221
2007-11-19,73.57602766925456,1.7880549477071614,1.4052183427192273,0,-0.0679880214757995
2007-11-20,74.31531822128767,1.817043282381337,0.7694650040225259,0,-0.0302582458818742
2007-11-21,73.95299365606843,1.4647666130329862,0.7429766693483506,1,0.03022523148965
2007-11-22,74.18027761116322,1.6956199517296877,0.7694650040225259,1,0.0318814610232307
2007-11-23,74.20973653686048,1.6956199517296877,0.7429766693483506,1,0.0015944917707689
2007-11-26,74.91008153913002,1.9580549477071618,0.37568833467417534,0,-0.0170860107868057
2007-11-27,74.91008153913002,1.9580549477071618,0.37568833467417534,1,0.0112732305741058
2007-11-28,72.22780139430235,-0.05977168141592892,0.7696650040225261,1,0.0431068563111388
2007-11-29,73.30852111884882,0.5179933226065971,0.37568833467417534,1,0.0389418339182996
2007-11-30,73.30852111884882,0.5179933226065971,0.37568833467417534,1,0.0302943420449037
2007-12-03,72.18239984380192,-0.19908334674175332,0.6711766693483507,1,0.0151783415990658
2007-12-04,73.97712358065853,1.4146633145615453,0.6711766693483507,1,0.0195989421679123
2007-12-05,73.79592886415199,1.251739983909896,0.6711766693483507,1,0.0034620137766453
2007-12-06,73.73423064490309,1.2227516492357204,0.6976650040225261,1,0.0236570261528898
2007-12-07,73.15336916633247,0.6739749798873699,0.6711766693483507,1,0.0304961985819934
2007-12-10,73.90551052043102,1.7175599356395828,1.0384650040225258,1,0.0162250724156584
2007-12-11,70.1874191168511,1.5487666130329862,4.212836685438455,0,-0.0081598153850438
2007-12-12,70.76315174501097,1.6419782783588106,3.7883716814159287,0,-0.0640786179255628
2007-12-13,73.7482862879509,1.6026782783588107,1.0649533386967012,0,-0.0535363926288204
2007-12-14,73.67673630606087,1.5118549477071617,1.0384650040225258,0,-0.0502781996604252
2007-12-17,73.07229918701461,0.9948566371681428,1.0649533386967012,0,-0.0018192061152721
2007-12-18,72.58612035088213,1.8436566371681424,2.350906677393403,1,0.0414132203700765
2007-12-19,72.87591994890134,2.0777449718423178,2.3244183427192278,1,0.05408232111111
2007-12-20,74.01628968092126,1.8436566371681424,1.0649533386967012,1,0.0531860653924977
2007-12-24,74.7417488087913,2.976761625100564,1.5457533386967013,1,0.0156823053473375
2007-12-26,74.64496606034261,2.1112499597747396,0.7672650040225261,1,0.0111145472077768
2007-12-27,74.76796953421875,2.1112499597747396,0.656665004022526,1,0.0102815842923412
2007-12-28,74.45516701123914,2.772531617055512,1.5992066773934028,1,0.0162658267222232
2007-12-31,72.93778127709948,0.6628149637972659,0.8538650040225261,1,0.0064869129776559
2008-01-01,74.11214379098024,1.2405799678197917,0.37568833467417534,1,0.0209289646417056
2008-01-02,73.69444727166125,1.2565799678197922,0.7672650040225261,1,0.016005478730362
2008-01-03,73.13718925961298,1.1980799678197918,1.2098300080450521,1,0.0175355837720708
2008-01-04,73.03409321957393,0.6628149637972659,0.7672650040225261,0,-0.000366641962294
2008-01-07,40.93483706661876,-0.09727666934835072,28.869591794046688,0,-0.0196451330500076
2008-01-08,43.08226346172582,-0.006788334674175389,27.0291967819791,0,-0.0140537789273067
2008-01-09,46.018305968794834,0.0,24.39600844730493,0,-0.0104498178209147
2008-01-10,46.68098255632101,0.0,23.80015510860823,0,-0.0135230002429564
2008-01-11,46.38349616946505,0.0,24.067643443282403,0,-0.0435720318780177
2008-01-14,34.16665984809225,0.09261166532582465,35.14516516492359,0,-0.0484583251823942
2008-01-15,33.46176801610035,0.3346583266291232,36.02102349155272,0,-0.0626629574322408
2008-01-16,44.27744164803062,0.24204666130329855,26.203373451327455,0,-0.1306438861346995
2008-01-17,44.79165956569365,0.24204666130329855,25.74100844730493,0,-0.1880948022761274
2008-01-18,46.051755650643585,0.24204666130329855,24.60797843925987,0,-0.0920833093058691
2008-01-21,52.259938957258626,-0.09048833467417533,18.69328342719228,0,-0.0342438692484237
2008-01-22,54.29286609100185,0.0,16.955841753821392,1,0.0942185192023253
2008-01-23,57.257511179416255,-0.006788334674175389,14.283358407079639,1,0.0134957906148393
2008-01-24,54.82213691575464,0.10023499597747387,16.580176749798866,1,0.0479719677003326
2008-01-25,58.92779307735646,0.08004666130329852,12.86834006436041,0,-0.0409024928669863
2008-01-28,53.22699724391955,-0.006788334674175389,17.907441753821395,0,-0.0262512012769054
2008-01-29,55.84766631602418,1.1991283185840715,16.75695341914722,1,0.0068786510200933
2008-01-30,57.36810307329606,1.228116653258247,15.418823411102162,1,0.0556812459246537
2008-01-31,55.085243103442934,1.1991283185840715,17.442495092518094,1,0.0652596792538527
2008-02-01,58.076770658255064,0.622369991954948,14.175870072405463,1,0.0009962594105845
2008-02-04,45.18829015711351,-0.006788334674175389,25.135538455349973,0,-0.062350623175192
2008-02-05,46.558685291406235,-0.006788334674175389,23.903331777956566,0,-0.0685937305787278
2008-02-06,56.181620034499566,-0.006788334674175389,15.250758407079637,0,-0.0915315484594941
2008-02-07,49.555339817699924,0.07372333065164927,21.289366773934052,0,-0.0591859017551473
2008-02-08,53.524980383867295,0.07372333065164927,17.72001842316975,0,-0.0379953761250358
2008-02-11,41.81940365086592,0.8845166532582466,29.0560168141593,1,0.068622203662852
2008-02-12,53.51474120391933,0.49379332260659714,18.149295092518106,1,0.0917007556282562
2008-02-13,55.0220027306836,0.15913499597747394,16.459365084473045,1,0.0681113841179128
2008-02-14,30.6030716296171,0.07372333065164927,38.33051850362036,1,0.0150344343659641
2008-02-15,34.92154085991241,0.07372333065164927,34.447516814159336,0,-0.0283934214812324
2008-02-18,28.336756705058324,0.07372333065164927,40.368301850362116,0,-0.0162583462242866
2008-02-19,28.088846133606303,0.07372333065164927,40.59121351568794,0,-0.0327314369094438
2008-02-20,30.81226650697793,0.07372333065164927,38.14241850362033,1,0.0089328126668118
2008-02-21,31.52709536920758,0.5145816572807724,37.94053016894618,1,0.0149593923156865
2008-02-22,35.38382705337112,-0.5446716814159289,33.413451810136785,1,0.0303805466597741
2008-02-25,30.751209628896518,-0.006788334674175389,38.116806838294536,1,0.0160983087069081
2008-02-26,32.012790425807054,-0.04206500402252611,36.94716516492364,0,-0.0088721748788719
2008-02-27,32.73507810013035,-0.006788334674175389,36.332988495575286,0,-0.0617332575366537
2008-02-28,31.922582319053394,0.08782333065164927,37.15816516492363,0,-0.0829789992497188
2008-02-29,35.42840563288122,-0.006788334674175389,33.91125181013679,0,-0.059574632423163
2008-03-03,22.704495082670025,0.23525832662912316,45.59415020112636,0,-0.0373117751804468
2008-03-04,29.17214974369633,0.23525832662912316,39.77868350764288,0,-0.0132132935941992
2008-03-05,31.05194718958108,0.3166699919549478,38.16985349959782,0,-0.0113413494824797
2008-03-07,35.086943087006304,0.23525832662912316,34.460328479485156,1,0.020822851981942
2008-03-10,11.819595793744906,1.302696621078038,56.44887192276762,0,-0.0375256253371739
2008-03-11,25.490597876300864,1.1936732904263887,44.0474085277555,0,-0.0249916770142627
2008-03-12,23.75774101495717,1.1936732904263887,45.605526870474726,0,-0.0787384819174649
2008-03-13,27.224023784774182,1.1936732904263887,42.488778519710465,0,-0.019789650479263
2008-03-14,62.5354259910299,1.3313082864038628,10.875756717618664,0,-0.0368828521857934
2008-03-17,55.66357071177591,1.3071966210780381,17.03055341914723,1,0.0234292700281008
2008-03-18,59.260693879696355,1.544031617055512,14.032993403057123,1,0.0732488215564169
2008-03-19,59.08836296696216,1.7090666130329857,14.3529817377313,1,0.0542311798874882
2008-03-24,59.38255183306924,1.5642782783588105,13.94367007240547,1,0.0467029076411239
2008-03-25,60.35319314824488,0.20105832662912315,11.707686725663715,1,0.013137314051289
2008-03-26,61.096513377105786,0.1512583266291232,10.98952172164119,0,-0.0197322196357972
2008-03-27,57.28424163149426,0.23004666130329854,14.496158407079646,0,-0.018956031668006
2008-03-28,62.41854308429171,0.23004666130329854,9.879591713596136,0,-0.0387416696773992
2008-03-31,61.701501022408145,0.4807166532582463,10.774998390989538,1,0.007805553984236
2008-04-01,64.23438464328257,0.4807166532582463,8.497526709573611,0,-0.0197203443885085
2008-04-02,66.59642948962738,0.25965832662912314,6.152608366854384,1,0.0014712994225685
2008-04-03,65.11327372979207,0.8165449718423176,8.043091713596139,0,-0.0130680831372193
2008-04-04,69.3816703915916,0.8455333065164929,4.234101689460981,1,0.0213015223790588
2008-04-07,60.38622758674005,0.8340566371681422,12.310981737731298,0,-0.0059404863874766
2008-04-08,63.66622571031609,0.8340566371681422,9.361733386967016,1,0.0143665942208827
2008-04-09,67.77470858669257,0.9817449718423176,5.815231697506033,1,0.027550123499584
2008-04-10,65.59412723320297,0.9817449718423176,7.775926709573613,1,0.0320807528339853
2008-04-11,67.81530195736597,0.9272449718423176,5.724231697506034,1,0.0371029185420296
2008-04-15,62.51355006569921,0.9705799678197916,10.534698390989544,1,0.0317371707820294
2008-04-16,64.95868527709058,0.8474449718423177,8.212991713596137,1,0.0326096160599968
2008-04-17,62.951461715880285,0.8474449718423177,10.01781005631537,1,0.012904439081325
2008-04-21,63.23215655982521,0.20844666130329847,9.126421721641186,0,-0.0074027547794219
2008-04-22,63.82843796298968,0.20844666130329847,8.590268382944487,1,0.0122824100890728
2008-04-23,66.1323304873804,0.23743499597747386,6.5476850362027355,1,0.0132215187865471
2008-04-24,63.78715690422846,0.4794816572807724,8.898421721641192,1,0.0383849543264729
2008-04-25,55.26605416050108,0.38629332260659704,16.4670817377313,1,0.0105473072426964
2008-04-28,51.50027016541417,0.17355832662912307,19.6403950925181,1,0.0268579846580859
2008-04-29,49.735848725047894,0.1937699919549477,21.24710675784393,0,-0.0006257370664569
2008-04-30,55.50286544979488,1.829778278358811,17.697635076427996,0,-0.0041219973886896
2008-05-02,52.35588012437062,1.829778278358811,20.527283427192277,0,-0.017889840953583
2008-05-05,56.83977752887731,1.829778278358811,16.495535076428,0,-0.0215212779657987
2008-05-06,60.19023764486281,0.22584666130329878,11.87899839098954,0,-0.0320054966119042
2008-05-07,58.67046817587598,0.22584666130329878,13.24551673370877,0,-0.0242124922517515
2008-05-08,55.2762655144023,0.22584666130329878,16.297453419147224,0,-0.0246837573252521
2008-05-09,60.472997342527535,0.22584666130329878,11.62475172968624,1,0.0058333123531799
2008-05-12,59.20736646898646,0.5236933226065974,13.060605068382944,1,0.0202615566925612
2008-05-13,59.90567811196854,0.28385832662912347,12.192875060337888,1,0.0395286497362921
2008-05-14,58.765903374195815,0.28385832662912347,13.21771673370877,1,0.0184255017469207
2008-05-15,54.03297582485137,0.36206999195494816,17.551595092518106,1,0.0004690752463144
2008-05-16,58.9978120003656,0.4749816572807728,13.20031673370877,0,-0.0259757415149657
2008-05-20,63.910920360230264,0.0464349959774738,8.354091713596139,0,-0.0315202933620332
2008-05-21,67.48997485021947,0.12694666130329846,5.216455028157681,0,-0.0485649885033757
2008-05-22,51.913655257997924,0.0464349959774738,19.141571761866466,0,-0.0335177173721326
2008-05-23,59.1142093381144,0.0464349959774738,12.66711005631536,0,-0.0057172554844818
2008-05-26,64.9254932769609,0.0464349959774738,7.441826709573613,0,-0.0081871862572799
2008-05-27,65.73020402804573,0.017446661303298416,6.689273370876907,1,0.0021171859623343
2008-05-28,66.26142482341855,0.0464349959774738,6.240608366854383,0,-0.0370203644424064
2008-05-29,61.53730918361139,0.017446661303298416,10.459363395012067,0,-0.0250033965104
2008-05-30,61.62830321960826,-0.2078416733708769,10.152256717618659,0,-0.0601935121128689
2008-06-02,65.69227981051249,0.0464349959774738,6.752361705551085,0,-0.013306555887485
2008-06-03,67.67046335776466,-0.051353338696701556,4.875866693483506,0,-0.0188581848539188
2008-06-04,62.9420177703487,0.05322333065164919,9.232080048270314,0,-0.0186324730451453
2008-06-05,61.77702323957608,0.05322333065164919,10.279598390989541,0,-0.0497870367250424
2008-06-06,64.87550597606182,0.05322333065164919,7.493561705551085,0,-0.0227734561708365
2008-06-09,63.19892376009003,0.11123499597747388,9.059091713596139,1,0.0084953443904576
2008-06-10,66.03799446264354,0.11123499597747388,6.506308366854382,1,0.0150110436670499
2008-06-11,62.13235425136116,0.19864666130329844,10.10552172164119,1,0.0107519642678487
2008-06-12,61.33046278880702,0.26835832662912307,10.896263395012069,1,0.0247283428654835
2008-06-13,66.21839770259209,0.19864666130329844,6.431508366854384,1,0.0143526833291643
2008-06-16,60.6621476242195,-0.028165004022526086,11.20066339501207,0,-0.0150387057692112
2008-06-17,60.77468394140455,-0.028165004022526086,11.099475060337895,0,-0.0678997048197801
2008-06-18,62.95837930689101,0.050623330651649256,9.21476838294449,0,-0.0714524980398793
2008-06-19,52.40631049467002,0.04383499597747387,18.695995092518114,0,-0.0720581662016168
2008-06-20,60.27081641840367,0.14584666130329849,11.726545052292835,0,-0.0220701500083355
2008-06-23,63.51809701620987,0.034423330651649264,8.695291713596136,1,0.0115239120854604
2008-06-24,61.62117250434237,0.005434995977473878,10.371945052292837,0,-0.0130769477806298
2008-06-25,63.199205509997455,0.034423330651649264,8.982026709573612,0,-0.0511614967134957
2008-06-26,52.61333297198244,0.034423330651649264,18.500436765888974,0,-0.1021514200026925
2008-06-27,60.99824591669651,0.034423330651649264,10.961045052292837,0,-0.0105225758275905
2008-06-30,66.90801419806587,0.025346661303298545,5.638131697506034,0,-0.0288234055379738
2008-07-01,67.4714742869903,-0.0633650040225261,5.042778358809331,1,0.0301435100024046
2008-07-02,67.71103078132053,0.034423330651649264,4.925166693483505,0,-0.0155973297452436
2008-07-03,60.95918915221878,0.041211665325824653,11.002951729686243,1,0.0158703405486638
2008-07-04,63.023936667774436,0.3390583266291233,9.444256717618666,1,0.034531333401214
2008-07-07,64.27919119953582,-0.4794716814159288,7.497050040225262,1,0.0322774046785818
2008-07-08,66.22955809468579,0.6404699919549478,6.86329670152856,1,0.015042180718434
2008-07-09,64.70365884286063,0.5824583266291231,8.177315044247788,0,-0.0286472840005451
2008-07-10,64.5922476463761,0.5824583266291231,8.277491713596142,0,-0.075091663664574
2008-07-11,65.41318277217151,0.6830816572807724,7.639961705551086,0,-0.0590837621315688
2008-07-14,62.522482495123846,0.5824583266291231,10.13854505229284,0,-0.0231639649971418
2008-07-15,65.8924662960252,0.5824583266291231,7.108385036202736,1,0.0581428240697274
2008-07-16,59.539701982055114,0.5367399839098957,12.774828399034595,1,0.0860086998233501
2008-07-17,56.08743226622397,0.7453049879324217,16.087541753821405,1,0.0715803870784521
2008-07-18,68.12806555966927,0.7453049879324217,5.261066693483508,1,0.089813564446698
2008-07-21,66.00190712208695,0.709528318584071,7.13705004022526,1,0.063805742804038
2008-07-22,65.55806217137834,0.709528318584071,7.536138374899435,1,0.0167801924882901
2008-07-23,59.63121871826134,0.7385166532582463,12.894316733708767,0,-0.0328560925908586
2008-07-24,57.65276263680209,3.5132199517296865,17.44797176186645,0,-0.0565356837752882
2008-07-25,71.01365917556531,3.5132199517296865,5.434366693483506,1,0.000394184622629
2008-07-28,71.77362823819074,3.735466613032985,4.973278358809331,1,0.0001961904438464
2008-07-29,71.5496158567273,3.2806666130329845,4.719901689460981,1,0.0520144205207324
2008-07-30,70.09008584214632,3.152831617055511,5.904420032180208,1,0.0187859329339832
2008-07-31,69.94722682866816,3.1886549477071604,6.06869670152856,1,0.0384619262966779
2008-08-01,71.45593969403149,3.3369016090104586,4.860366693483505,1,0.0232904572003302
2008-08-04,64.9490800120661,2.846438294448914,10.22062172164119,1,0.0288162372892018
2008-08-05,68.50241795596364,2.7187266291230894,6.897885036202735,1,0.0059010284885146
2008-08-06,68.12599506916187,2.782338294448914,7.299961705551086,1,0.0225114699407701
2008-08-07,65.78463615965336,2.8271499597747387,9.450033386967014,1,0.0062582150243041
2008-08-08,59.137786857519224,0.1628466613032986,12.762321721641188,0,-9.935364939646408e-05
2008-08-11,51.72545401449844,0.19035832662912322,19.45471842316975,0,-0.0419236963141508
2008-08-12,49.91536224728307,0.19035832662912322,21.082283427192277,0,-0.0355978695572614
2008-08-13,51.51499685460542,0.19035832662912322,19.64395341914722,0,-0.0361497332407982
2008-08-14,47.216618566899285,0.19035832662912322,23.508890104585674,0,-0.0033798900648214
2008-08-18,52.88401661272254,0.5642399839098959,18.78686508447305,0,-0.0251716087056586
2008-08-19,50.32215229836906,0.5932283185840713,21.119383427192275,0,-0.0093840172505518
2008-08-20,51.430119627888104,0.5932283185840713,20.123141753821397,0,-0.0183753499024378
2008-08-21,51.033246207237134,0.8964283185840716,20.783195092518095,1,0.012446007306082
2008-08-22,55.736675910208,0.42029332260659746,16.077916733708765,0,-0.0082023303281977
2008-08-25,61.28245695296029,0.46792831858407136,11.138998390989542,0,-0.0283900297689807
2008-08-26,64.86338911953166,0.41400498793242213,7.8652383748994374,1,0.0051739120879654
2008-08-27,66.7135515572111,0.42029332260659746,6.207931697506034,1,0.0130893284478236
2008-08-28,60.616777568151406,0.5273166532582467,11.79694006436042,1,0.0665535754553918
2008-08-29,66.65942891208482,0.5273166532582467,6.363620032180208,1,0.0199262929718048
2008-09-01,59.91052521247189,0.42708165728077285,12.33174006436042,1,0.0008389888952594
2008-09-02,61.106018522045645,0.42708165728077285,11.256798390989545,0,-0.0048295832943774
2008-09-04,61.12685459427245,0.39809332260659747,11.209075060337893,1,0.0046991882536489
2008-09-05,65.3387671548305,0.42708165728077285,7.450873370876913,1,0.0109569164905977
2008-09-08,58.667367137437886,0.17503499597747407,13.197493403057123,0,-0.0437796469781494
2008-09-09,56.89542201718412,0.17503499597747407,14.79075840707965,0,-0.05526204294023
2008-09-10,57.823829477547676,0.2751583266291233,14.056093403057126,0,-0.0773060810543961
2008-09-11,61.06474488952841,0.2751583266291233,11.14198672566372,0,-0.0515104540504446
2008-09-12,63.10263776473312,0.2751583266291233,9.309591713596141,0,-0.0534807585593569
2008-09-15,57.51475636061488,0.24616999195494793,14.305011745776348,0,-0.0085686101343105
2008-09-16,56.67340407433182,0.26836999195494793,15.08372341110217,1,0.0409545043298558
2008-09-17,59.447473489572765,0.16824666130329846,12.489263395012067,1,0.0522028787191299
2008-09-18,60.73598122087209,0.16824666130329846,11.330686725663718,1,0.021739853497606
2008-09-19,65.98171981727161,0.16824666130329846,6.613920032180209,0,-0.0199852009371757
2008-09-22,57.66233273900864,0.10024666130329862,14.026393403057115,0,-0.0270007762995491
2008-09-23,60.63394543373969,0.10024666130329862,11.354433386967015,0,-0.0349264742692222
2008-09-24,63.13195952859867,0.2640816572807725,9.272150040225263,0,-0.0777293746787482
2008-09-25,60.068359291687166,0.23456999195494788,11.997310056315367,0,-0.0471591101009565
2008-09-26,65.87916687724466,0.10024666130329862,6.638131697506033,0,-0.0086946112245428
2008-09-29,64.1385175596648,0.4612283185840712,8.564238374899437,0,-0.0082808378414142
2008-09-30,60.924503134955344,0.38389332260659736,11.376821721641189,0,-0.0848113191323305
2008-10-01,62.10331423740304,0.38389332260659736,10.316880048270313,0,-0.0911399340160418
2008-10-03,63.381975753376,0.4008516492357205,9.18411504424779,0,-0.0831499141762232
2008-10-06,53.299049526216145,0.5912633145615451,18.440706757843927,0,-0.0937582318956796
2008-10-07,56.6185548204414,0.5505749798873698,15.415246741753823,0,-0.0326632111228841
2008-10-08,61.53160385982699,0.8275866452131944,11.274633386967015,1,0.0014220101083706
2008-10-10,63.11412437472534,0.5909866452131943,9.615091713596138,1,0.0176634719177819
2008-10-13,46.29262444281196,0.5000866452131943,24.649438455349948,0,-0.0655263944529457
2008-10-14,46.656003713623065,0.10945832662912336,23.93207345132742,0,-0.1349838965187702
2008-10-15,61.13405205626141,0.021023330651649297,10.825533386967015,0,-0.0667616150312069
2008-10-16,59.51131073550848,-0.019665004022526023,12.243951729686243,0,-0.010577879141205
2008-10-17,65.2789540384078,-0.09607666934835074,6.9814967015285605,0,-0.0029969889685332
2008-10-20,62.749492126555204,-0.006788334674175389,9.34518004827031,0,-0.0592495989119155
2008-10-21,59.34267585545957,0.1978699919549477,12.613116733708766,0,-0.2246594296536439
2008-10-22,62.68541205138837,0.1978699919549477,9.607456717618664,0,-0.1941723269893858
2008-10-23,62.74577569406715,0.1834583266291231,9.538768382944491,0,-0.0873218532487996
2008-10-24,63.67877633107336,-0.006788334674175389,8.50960337892196,1,0.1103942646868367
2008-10-27,60.13915117038074,0.007623330651649218,11.706710056315364,1,0.1871989806761275
2008-10-29,59.601022089170364,0.0,12.182951729686247,1,0.1527327830855532
2008-10-31,58.77289692762999,0.014411665325824607,12.941981737731298,1,0.0371946863300477
2008-11-03,51.184844836214715,0.009834995977473948,19.760290104585675,0,-0.0509501245233133
2008-11-04,50.66967233304444,-0.004576669348350659,20.209101769911506,0,-0.0553198221728763
2008-11-05,58.02571755713453,0.03611166532582466,13.635516733708775,1,0.0499192059665786
2008-11-06,56.770959778464935,0.03611166532582466,14.763746741753828,1,0.0157772552248065
2008-11-07,55.94282164336579,0.05052333065164927,15.522788415124698,0,-0.0427965573298267
2008-11-10,41.25682218502532,0.0,28.677351810136756,0,-0.1135377121543719
2008-11-11,44.706063156456224,0.0,25.575926790024123,0,-0.0484916022404945
2008-11-12,55.72266285622211,-0.05258833467417534,15.617635076427995,0,-0.0597835092392591
2008-11-14,60.967217011442045,-0.10457666934835075,10.849945052292837,0,-0.0644258487561211
2008-11-17,58.7130244907282,-0.006788334674175389,12.974616733708764,0,-0.0921307990395646
2008-11-18,59.28717971308688,0.1834583266291231,12.648605068382942,1,0.0038314223115558
2008-11-19,64.44482328230204,0.1834583266291231,8.01105004022526,1,0.0274194878502141
2008-11-20,61.13741444480417,-0.006788334674175389,10.794698390989542,1,0.0387400449700609
2008-11-21,62.86262343798743,-0.026976669348350746,9.223268382944488,1,0.0215958592099449
2008-11-24,60.135853649631855,-0.006788334674175389,11.695263395012066,1,0.0171510697432478
2008-11-25,59.91746687167095,-0.035776669348350776,11.862640064360418,1,0.0108303631280924
2008-11-26,62.33358801622175,-0.006788334674175389,9.719145052292838,0,-0.0349200460531051
2008-11-28,57.95493865199973,0.0,13.663046741753824,0,-0.0364630946130106
2008-12-01,50.011333119371024,0.0,20.805631777956552,1,0.0384261938601694
2008-12-02,57.40235165794676,0.14542333065164925,14.305335076428001,1,0.021072221572613
2008-12-03,61.2050329910218,0.0,10.740686725663718,1,0.0468980974983961
2008-12-04,60.15178330087624,0.0,11.687728399034595,1,0.0490804820695695
2008-12-05,62.847904175040185,0.0,9.263480048270312,1,0.0730640503359345
2008-12-08,48.25928800671037,0.17538165728077248,22.55638511665325,1,0.0481570957341251
2008-12-10,69.09976149096396,-0.17982502011263035,3.46222502011263,1,0.0179209290575545
2008-12-11,71.22010339004771,-0.14056669348350703,1.5949533386967012,1,0.0407980228616035
2008-12-12,71.74130743490092,-0.33980836685438387,0.9270650040225259,1,0.0112328222966068
2008-12-15,73.65101600211078,0.8259515687851997,0.37568833467417534,1,0.026334079946486
2008-12-16,73.82635713837166,1.3531882542236544,0.745265004022526,1,0.01168457139105
2008-12-17,72.67134598475712,-0.05493008849557324,0.37568833467417534,1,0.0283485652426991
2008-12-18,72.45570808021824,-0.2488234111021706,0.37568833467417534,0,-0.0305526799489254
2008-12-19,71.30914369756613,-1.2797700724054697,0.37568833467417534,0,-0.0536133122076284
2008-12-22,70.36749059158635,-0.008985036202734498,2.4931716814159284,0,-0.0617676019500341
2008-12-23,70.74744452319493,-0.5146983909895401,1.6458183427192274,0,-0.0157705467671153
2008-12-24,72.09000815289748,-0.5776467417538196,0.37568833467417534,1,0.0212512343360535
2008-12-26,72.1903127304526,-0.48745671761866327,0.37568833467417534,1,0.0350424411392879
2008-12-29,71.51598830291414,0.24763499597747385,1.7171066773934025,1,0.0417386914656277
2008-12-30,72.22303956139562,0.24763499597747385,1.0813533386967014,1,0.0465421362463837
2008-12-31,72.2524984870929,0.24763499597747385,1.054865004022526,1,0.0506205777533487
2009-01-02,71.10126863376028,0.1688466613032985,2.011218342719227,0,-0.042354855521681
2009-01-05,72.22303956139562,0.24763499597747385,1.0813533386967014,0,-0.0829408574541277
2009-01-06,69.87403278372669,-0.49737168141592897,2.448483346741753,0,-0.1155568146780992
2009-01-07,69.78613423885312,-0.07061834271922751,2.9542716814159284,0,-0.0619577333404414
2009-01-09,71.1175763971383,-0.9006433628318575,0.9270650040225259,0,-0.0132090283101693
2009-01-12,72.82228475169366,0.08078825422365432,0.37568833467417534,0,-0.0132130130200934
2009-01-13,72.32378702940544,-0.3674417538213979,0.37568833467417534,1,0.0299659985714062
2009-01-14,71.4506217875539,0.3195716009654076,1.8478183427192278,1,0.0038370195804393
2009-01-15,70.14166906972017,-1.251365084473047,1.4538416733708768,1,0.0216515786345989
2009-01-16,69.632837684187,-1.4253983909895407,1.7373300080450522,0,-0.0442018978459737
2009-01-19,68.92867246095923,-0.7160267095736115,3.0798600160901035,0,-0.0476349045377069
2009-01-20,68.90731735690866,-1.091116733708768,2.7239716814159287,0,-0.0431287902955067
2009-01-21,71.23505805598207,0.12574497184231748,1.8478183427192278,1,0.0238076055118369
2009-01-22,71.71184850920363,0.16047996781979146,1.4538416733708768,1,0.0487936735632018
2009-01-23,69.41308483522369,-0.9740267095736115,2.386295012067578,1,0.0528610107627107
2009-01-27,67.84372845620335,-0.15732502011263044,4.614101689460981,1,0.0366485405155288
2009-01-28,63.604961255294334,-1.0009133547868059,7.581850040225261,0,-0.0295063382730051
2009-01-29,65.49839919034613,-0.9772250201126306,5.903031697506033,0,-0.0142837918049959
2009-01-30,65.66051132293511,-1.036013354786806,5.698478358809333,0,-0.0252749965579136
2009-02-02,66.58250725055291,-1.0099133547868058,4.895555028157682,1,0.0048317111324052
2009-02-03,67.86652747260896,-0.8209250201126304,3.9300016894609806,1,0.0210421838753006
2009-02-04,67.87409007317278,-0.7480133547868059,3.996113354786805,1,0.0408412590641837
2009-02-05,69.13689423193921,-0.991578358809332,2.6170833467417536,1,0.0540681678639346
2009-02-06,68.45006365163455,-1.2719617055510857,2.954271681415929,1,0.0286387621294509
2009-02-09,69.78228986023373,0.3668016090104599,3.3951483507642792,0,-0.0092380601766424
2009-02-10,69.64366443213818,-0.2663217216411901,2.886671681415929,1,0.0047086108226582
2009-02-11,68.74427658592998,-0.7998283990345934,3.161860016090104,0,-0.0267412283532595
2009-02-12,69.72851016442316,-0.8269083668543843,2.2497950120675783,0,-0.0432834996165107
2009-02-13,63.81763528322685,-1.2292150442477876,7.162320032180211,0,-0.0601806160720353
2009-02-16,61.73798499597191,-0.5250967015285594,9.736380048270311,0,-0.0209839461583034
2009-02-17,64.62139887504838,-0.422013354786806,7.246808366854386,0,-0.0123663494050662
2009-02-18,64.10769068403593,-0.846320032180209,7.284408366854386,0,-0.0153359145788213
2009-02-19,63.560462396066065,-0.49842502011263057,8.124350040225263,0,-0.0096725269361385
2009-02-20,64.16253993792634,-0.3792250201126306,7.702185036202736,1,0.0178197794048336
2009-02-24,61.78700473780497,-0.5303200321802086,9.687080048270314,1,0.0108231086241048
2009-02-25,60.35975481638113,-0.9606716814159291,10.540056717618661,0,-0.0323362303873121
2009-02-26,59.07280963839502,-1.487266693483507,11.170633386967012,0,-0.0603913103176064
2009-02-27,62.054589219036174,-0.9606716814159291,9.016126709573612,0,-0.0438055929937884
2009-03-02,60.10366625031535,-0.8870833467417536,10.84391005631536,0,-0.0372903259984074
2009-03-03,63.23436788054991,-1.3018900241351563,7.6140967015285606,0,-0.0008583609648536
2009-03-04,64.02495436293466,-0.8372366854384551,7.367885036202736,0,-0.0276158475110514
2009-03-05,64.41656543972873,-2.0767567176186637,5.77624336283186,1,0.0156910509252011
2009-03-06,66.02142159130244,-1.0980967015285594,5.3118783588093335,1,0.0371245389492479
2009-03-09,67.9658365755785,1.0058115848753029,5.667443362831859,1,0.0763304001723758
2009-03-12,66.226883304758,-1.1961534191472234,5.0290783588093335,1,0.0521057782315003
2009-03-13,66.57881300732402,-0.964200080450522,4.944590024135159,1,0.0273686593285381
2009-03-16,72.82871113692737,0.22794328238133565,0.517065004022526,1,0.0107085043062869
2009-03-17,73.3036053926932,0.777038294448914,0.6391533386967014,1,0.0178277702175783
2009-03-18,72.92039840832683,1.0575499597747386,1.2642300080450521,1,0.0506508008463116
2009-03-19,71.97091204650538,0.7677732904263882,1.828195012067578,1,0.0457975729048397
2009-03-20,71.77304067018756,0.1676899436846344,1.406030008045052,1,0.0612478578560886
2009-03-23,70.5468576468166,0.24300659694288118,2.5838833467417537,1,0.0472842825998527
2009-03-24,69.90327849569597,0.07358994368463417,2.9931483507642795,1,0.0562212416574749
2009-03-25,70.75740195323547,0.766819951729687,2.918383346741753,0,-0.0020796653197776
2009-03-26,71.67457118015268,0.892514963797265,2.2193950120675776,0,-0.0200884983099461
2009-03-27,70.72049906793254,0.2623616251005637,2.4471066773934025,0,-0.0156592598398287
2009-03-30,72.32988719674066,0.14670828640386235,0.8843533386967013,1,0.0752956840904615
2009-03-31,71.48494266624247,-0.12545671761866378,1.371930008045052,1,0.0751123548914037
2009-04-01,71.89455943210311,-0.3292100563153653,0.7998650040225259,1,0.088324362191857
2009-04-02,72.45469605316111,0.2589316170555118,0.8843533386967013,1,0.0399864047032186
2009-04-06,71.85112449416707,0.8039765888978292,1.9721066773934024,1,0.0379609382098217
2009-04-08,69.92807195071273,-0.3886817377312939,2.5085833467417533,1,0.0413704613241008
2009-04-09,71.4979084408805,0.31358994368463483,1.7993183427192272,1,0.0081799742417116
2009-04-13,71.80724290791795,0.13745494770716032,1.3450416733708768,1,0.0005319935104042
2009-04-15,69.03442468057968,-0.7322267095736118,2.968571681415929,0,-0.0312067589776946
2009-04-16,69.71862502842046,-0.17283169750603344,2.912760016090104,0,-0.0012472532352776
2009-04-17,69.56600506721257,-0.7322267095736118,2.490595012067578,0,-0.0161142480436346
2009-04-20,69.64781274992413,-0.12392670957361146,3.0253366854384547,1,0.0137044845717566
2009-04-21,68.87114108036987,-1.3002567176186646,2.5473600160901038,1,0.0337306756384008
2009-04-22,70.0425193178415,-0.671751729686242,2.122606677393403,1,0.0410922039341937
2009-04-23,69.84305389377812,-0.7158267095736118,2.257883346741753,0,-0.0180817033509984
2009-04-24,72.05517575810194,-0.027701689460981227,0.9569533386967013,0,-0.0019555127228925
2009-04-27,71.02191689046091,-0.5607917135961371,1.352930008045052,1,0.0516678639970471
2009-04-28,70.13530576282392,-1.3579983909895401,1.352930008045052,1,0.0853420041297236
2009-04-29,70.76516846235407,-1.0845267095736115,1.0600533386967013,1,0.0425758062305972
2009-05-04,72.141165131961,0.3526933226065971,1.260030008045052,1,0.0081495156605773
2009-05-05,71.89189403682134,0.27155832662912316,1.403030008045052,0,-0.0113147610873879
2009-05-06,71.95239484133185,0.27155832662912316,1.348630008045052,0,-0.0196255419712082
2009-05-07,71.74388022581488,0.27155832662912316,1.5361183427192273,0,-0.0007603530576778
2009-05-08,72.27333455931971,0.27155832662912316,1.0600533386967013,1,0.0040105071016331
2009-05-11,72.92518251996552,0.5748749798873697,0.7772533386967013,1,0.0108702044743956
2009-05-12,72.49735248809793,0.33216331456154496,0.919230008045052,0,-0.0025704682474593
2009-05-13,72.62077487371322,0.33216331456154496,0.8082533386967015,1,0.1733064187983718
2009-05-14,72.49735248809793,0.33216331456154496,0.919230008045052,1,0.1837837977587808
2009-05-15,73.09256066479698,0.6408866452131943,0.6927650040225259,1,0.1510429300725688
2009-05-18,71.87329335350758,0.6118983105390189,1.760095012067578,0,-0.026307901640437
2009-05-19,71.87329335350758,0.6118983105390189,1.760095012067578,0,-0.0186871085106076
2009-05-20,73.09256066479698,0.6408866452131943,0.6927650040225259,0,-0.0076988103368383
2009-05-21,70.50206782198055,0.6408866452131943,3.0220366854384553,0,-0.0226245300303063
2009-05-22,72.86048150343395,0.547698310539019,0.8082533386967015,1,0.008820253199299
2009-05-25,79.62339816755994,7.223429927594531,1.403030008045052,1,0.0232206499533838
2009-05-26,79.07604569131715,6.699871600965408,1.3716300080450519,1,0.0776162417411086
2009-05-27,79.17346978093333,6.556794931617057,1.1409533386967012,1,0.057670177930475
2009-05-28,79.14607758788506,7.001141592920355,1.609930008045052,1,0.0424669022441558
2009-05-29,79.68430491025083,6.937718262268706,1.0625533386967012,1,0.0182083396632432
2009-06-01,77.9338261087618,6.061819951729688,1.7606183427192272,1,0.0093930413600926
2009-06-02,79.14312301645188,6.131531617055512,0.7429766693483506,1,0.0135315903916447
2009-06-03,78.63010251352722,6.061819951729688,1.1345533386967013,0,-0.0224994425046075
2009-06-04,78.97316653339166,6.396778278358811,1.1610416733708766,0,-0.0047569031783905
2009-06-05,78.9055090664977,6.309454947707162,1.1345533386967013,1,0.0147912003435647
2009-06-08,79.10697823434542,5.991931617055512,0.6358766693483506,1,0.0458415432494301
2009-06-09,73.33672330932865,1.0324166532582466,0.8647533386967013,1,0.0071050784154325
2009-06-10,73.3661822350259,1.0324166532582466,0.838265004022526,0,-0.0374801097698212
2009-06-11,70.56396252354023,1.0324166532582466,3.357913354786805,0,-0.0261934039972231
2009-06-12,70.5887504312422,1.0324166532582466,3.335625020112629,0,-0.0508524410536899
2009-06-15,67.55139131956092,0.01484666130329848,5.049131697506032,0,-0.0532671647530255
2009-06-16,70.35692707266904,-0.25127168141592937,2.2603833467417536,0,-0.0462523273952414
2009-06-17,71.93853192273646,-0.25127168141592937,0.838265004022526,0,-0.0281462815006232
2009-06-18,71.54411819935609,-0.18784835076428008,1.2563300080450521,0,-0.0010354891257538
2009-06-19,71.50304104914967,-0.25127168141592937,1.2298416733708768,0,-0.0047986799881908
2009-06-22,72.26673397050713,0.04383499597747387,0.838265004022526,1,0.0015571365994434
2009-06-23,72.15701694185276,0.31246999195494785,1.2055533386967012,1,0.0298079476626145
2009-06-24,70.13765800323874,0.1670466613032986,2.8758600160901038,1,0.0225714622793364
2009-06-25,72.27878962762901,0.8135399839098958,1.5971300080450521,1,0.0115436154904821
2009-06-26,72.1169332978299,0.6680049879324218,1.5971300080450521,0,-0.0079390991084107
2009-06-29,70.2561869414304,0.3123583266291231,2.914595012067578,0,-0.0096341622537723
2009-06-30,70.85134322389436,0.16693499597747385,2.2340300080450524,1,0.0305576622403129
2009-07-01,68.25779568956013,0.22654666130329848,4.625660016090104,0,-0.0411973711613554
2009-07-02,69.75628977477825,0.1975583266291231,3.2492833467417537,0,-0.0343151432604878
2009-07-03,69.14406574681061,0.2849583266291231,3.8871716814159285,0,-0.0812734283469524
2009-07-06,71.06553533714897,0.2243283185840711,2.098830008045052,0,-0.0205545242744134
2009-07-07,69.94768287162725,0.18363998390989578,3.0632716814159284,0,-0.0483274129565637
2009-07-08,71.35893272669807,0.3570516492357204,1.9677416733708766,0,-0.0260416183901493
2009-07-09,71.82451644090563,0.5394866452131942,1.7315416733708766,1,0.0074337986598663
2009-07-10,71.9291694869431,0.6070983105390189,1.7050533386967013,1,0.0557601879840768
2009-07-13,73.30296593045492,0.5394866452131942,0.40217666934835067,1,0.0627471817350244
2009-07-14,73.32679182640564,0.5609099758648435,0.40217666934835067,1,0.062131488063407
2009-07-15,76.19873940581985,3.1167666130329863,0.37568833467417534,1,0.0615481977177302
2009-07-16,76.02636957240934,2.9882666130329865,0.40217666934835067,1,0.0546541385044399
2009-07-17,76.83411461520917,3.6880716009654075,0.37568833467417534,1,0.0054594184961635
2009-07-20,76.79592904757125,3.653736604987934,0.37568833467417534,1,0.0047640240778899
2009-07-21,76.72073492723104,3.586124939662109,0.37568833467417534,1,0.0220088218364551
2009-07-22,76.92147006007065,4.133906596942881,0.7429766693483506,1,0.0386618509087704
2009-07-23,76.87010183568115,4.087718262268706,0.7429766693483506,1,0.0088800464687129
2009-07-24,76.52456514498735,3.7770249396621085,0.7429766693483506,0,-0.0121229621519025
2009-07-27,76.44866481568576,3.7087782783588104,0.7429766693483506,0,-0.0001859193443496
2009-07-28,76.44047384751323,3.727901609010459,0.7694650040225259,1,0.0157276448389186
2009-07-29,76.16520445637447,3.74247827835881,1.0315533386967013,1,0.0429121980202963
2009-07-30,74.65228395274612,3.7896482703137573,2.4390833467417528,1,0.0235745005962354
2009-07-31,67.82329089591293,-0.6814316975060329,4.108371681415928,1,0.0123680654029252
2009-08-03,64.16223224090137,-0.11860168946098093,7.963085036202735,0,-0.0270859527595071
2009-08-04,65.02829459353376,-0.3315133547868056,6.971443362831859,0,-0.0434694442207234
2009-08-05,66.12165387481971,-0.02616001609010421,6.293690024135157,0,-0.0561920955592388
2009-08-06,66.10858055385312,-0.6465033789219621,5.685101689460982,0,-0.0252087745654389
2009-08-07,66.71424291368449,-1.011580048270313,4.775436685438454,0,-0.0053474268537804
2009-08-10,65.2565368025214,-0.5576633950120662,6.540066693483508,1,0.0370177126601371
2009-08-11,65.40066552477576,-0.7839567176186635,6.184178358809333,1,0.0240195386456479
2009-08-12,65.99257063341113,-0.7978033789219622,5.638113354786807,0,-0.015737318027564
2009-08-13,67.05171470340791,0.3447149637972655,5.828290024135157,0,-0.0322405708664483
2009-08-14,69.14304253565109,-0.06843837489943594,3.5346950120675773,0,-0.0414471830868367
2009-08-17,72.16988814372097,0.3497432823813368,1.2312533386967015,1,0.0148283239744348
2009-08-18,74.43072196338008,1.7354215607401473,0.5840766693483507,1,0.0155549048994914
2009-08-19,74.93646161564834,1.9817748994368487,0.37568833467417534,1,0.0550549005020963
2009-08-20,74.0638469000529,1.4768415929203562,0.6553766693483507,1,0.0451968767280504
2009-08-21,72.6063391501298,0.5335949316170575,1.022665004022526,1,0.0330227136292368
2009-08-24,72.96804277398431,1.28900160901046,1.4528416733708767,1,0.0097310809684195
2009-08-25,72.0235370061123,1.3326916331456164,2.345795012067578,1,0.0155459544478638
2009-08-26,71.92685249881902,1.263968302493967,2.3640066773934025,0,-0.0040137269645828
2009-08-27,72.85419415896114,1.0423449718423174,1.3085533386967014,0,-0.0134966697039453
2009-08-28,72.94875261312636,1.1273683024939667,1.3085533386967014,0,-0.0265520325076664
2009-08-31,70.97877300760548,1.2367449718423176,3.1892600160901043,0,-0.014812844788704
2009-09-01,71.59772181265863,0.9498149637972653,2.345795012067578,1,0.0118315325858608
2009-09-02,71.9152602214274,1.2535449718423175,2.3640066773934025,1,0.0371771817290153
2009-09-03,70.63736978220967,1.0426566371681423,3.302148350764279,1,0.0450559245888406
2009-09-04,71.32206688314227,1.320633306516493,2.964471681415928,1,0.0281966935151943
2009-09-07,72.37123867061051,1.198554947707161,1.8990183427192275,1,0.0076023818869722
2009-09-08,73.0728867550178,1.4735616251005637,1.543130008045052,1,0.0050442254171343
2009-09-09,73.13832735387226,1.5506149637972655,1.5613416733708767,0,-0.0011742884175181
2009-09-10,73.0458541532296,1.169566613032986,1.2634416733708767,1,0.0149722201669397
2009-09-11,74.5011450351132,1.8762432823813358,0.6615766693483507,1,0.0263298124291084
2009-09-14,73.19519699349136,0.7019849557522132,0.6615766693483507,1,0.032118085329645
2009-09-15,75.09940969278642,2.414179887369269,0.6615766693483507,1,0.0170147444647021
2009-09-16,74.49219963212981,1.8681999195494785,0.6615766693483507,1,0.0123866654961242
2009-09-17,72.25176812047036,1.0792432823813365,1.8871300080450522,1,0.0008857129057713
2009-09-18,72.47073691911969,1.276131617055512,1.8871300080450522,1,0.0021078842647057
2009-09-22,69.97740314742919,0.43875164923572024,3.2916600160901046,0,-0.0122757487692638
2009-09-23,71.50584736412155,0.39753998390989576,1.876130008045052,1,0.0073971951445799
2009-09-24,71.44293133033155,0.26346830249396713,1.798630008045052,1,0.0193442306204665
2009-09-25,72.11729843640477,0.6614449718423177,1.5902416733708766,1,0.0247863042752045
2009-09-29,68.83605100385527,-0.16102003218020838,3.718148350764279,0,-0.0007292671188986
2009-09-30,70.14307415087173,0.4643283185840711,3.1682716814159293,0,-0.01118556663792
2009-10-01,68.61685422846283,0.5943399839098957,4.670601689460981,0,-0.0193964856022177
2009-10-05,67.74942392589881,0.4533683024939667,5.309590024135156,0,-0.0001898965069746
2009-10-06,68.51655707715167,-0.08249670152855976,4.083948350764279,0,-0.0164855427145237
2009-10-07,69.34883055647802,0.6840633145615447,4.102160016090104,1,0.013645630061105
2009-10-08,71.83260174167877,0.6914333065164926,1.8762183427192274,1,0.0229150035243678
2009-10-09,71.03477887662874,-0.025938374899436456,1.8762183427192274,1,0.0325569208139902
2009-10-12,70.16101300374241,1.266134915526953,3.95394835076428,1,0.0172418064345059
2009-10-14,69.59920449358621,0.41658994368463464,3.609560016090104,0,-0.0007329479983931
2009-10-15,68.67896205427766,-0.4108567176186636,3.609560016090104,0,-0.0088966371840888
2009-10-16,68.19676287966709,-0.8444316975060334,3.609560016090104,0,-0.0303159706702567
2009-10-20,63.39911024560274,0.022839983909895667,8.790696701528558,0,-0.0232221284248292
2009-10-21,65.25184359526696,-0.43376001609010406,6.668190024135157,0,-0.0184767825470688
2009-10-22,66.0125466929005,0.2502349959774739,6.668190024135157,0,-0.028857248283843
2009-10-23,64.34919902791538,0.08345832662912323,7.997031697506033,0,-0.034798689954684
2009-10-26,65.55525030909168,0.07126999195494788,6.900408366854384,0,-0.0453405094163169
2009-10-27,67.3025391361604,0.16314666130329852,5.421190024135156,0,-0.0282492839028616
2009-10-28,66.15412857135846,0.17870498793242173,6.469355028157682,0,-0.0558715272058707
2009-10-29,65.98523234120486,0.21701665325824637,6.659531697506032,0,-0.0084026558318939
2009-10-30,66.33948457920975,0.48956999195494777,6.613555028157681,1,0.0113641783291392
2009-11-03,71.64520861668163,0.7206249396621092,2.0739066773934027,1,0.0496359915845123
2009-11-04,78.79752691580619,5.5546848753016915,0.4768766693483507,1,0.0390508761963512
2009-11-05,79.60448236097723,6.48865655671762,0.6852650040225261,1,0.0240805644383254
2009-11-06,78.64674571050415,5.419108205953341,0.4768766693483507,1,0.0424140878087813
2009-11-09,80.36298335358644,7.515059855189056,1.0296533386967013,1,0.0110141656837649
2009-11-10,78.5641835929817,5.5532598551890615,0.6852650040225261,1,0.0237343705237045
2009-11-11,78.9213274135551,5.666001528559935,0.4768766693483507,1,0.0107534329807344
2009-11-12,79.7230946878363,6.5953082059533354,0.6852650040225261,1,0.021888261631869
2009-11-13,75.48749902994685,2.578434915526953,0.4768766693483507,1,0.0110906131492992
2009-11-16,73.05127584817737,1.5058182622687064,1.5948183427192273,0,-0.0137455446501835
2009-11-17,71.95013529475766,-0.05085004022526046,1.0282533386967012,0,-0.0019377743416133
2009-11-18,72.3949886041378,0.6526333065164931,1.3317416733708767,1,0.009617872481113
2009-11-19,70.40240091720733,-0.03119501206757802,2.439571681415929,1,0.0201503908558322
2009-11-20,70.86334698678112,0.04559332260659732,2.101895012067578,1,0.0109640292843621
2009-11-23,69.25085039329095,-0.4370483507642794,3.06914835076428,0,-0.0193890791718269
2009-11-24,70.50114660983482,-0.34038334674175347,2.041595012067578,0,-0.0296663602548306
2009-11-25,69.76366886659002,0.13804666130329868,3.1831366854384546,0,-0.0148806840187745
2009-11-26,69.84312806674517,-0.22228334674175348,2.7513600160901044,1,0.0229976909377353
2009-11-27,64.5882643164686,-0.5875950120675781,7.111020032180209,1,0.0360694838180294
2009-11-30,63.04700446052871,-0.5750950120675781,8.509361705551084,1,0.0194803688815012
2009-12-01,65.05053198905372,-0.5155833467417535,6.7673783588093315,0,-0.0025608709222483
2009-12-02,63.857596617905955,0.007369991954947919,8.36297337087691,0,-0.0110992851880831
2009-12-03,64.45290858307519,-0.06299002413515653,7.757331697506034,1,0.0031615888742838
2009-12-04,64.4340724967743,-0.8341150442477869,7.003143362831858,1,0.0006066002201484
2009-12-07,66.99350672936032,0.5582765888978295,6.094190024135155,1,0.0133219632592832
2009-12-08,66.06231523275684,0.08916162510056391,6.4623666934835065,0,-0.0059716209702024
2009-12-09,65.39460803597528,0.2743382944489146,7.247920032180209,0,-0.0012331543886299
2009-12-10,64.9401457931851,-1.2008267095736112,6.1813900241351565,0,-0.0199855191915108
2009-12-11,65.26520788184136,-0.3599783588093319,6.729955028157682,0,-0.0148142107905182
2009-12-14,67.19282756534798,1.2023865647626735,6.559078358809332,0,-0.0126043186487897
2009-12-15,67.2126312107149,1.4159815768302513,6.754866693483507,0,-0.0090512805150058
2009-12-16,68.02519373851494,1.637618262268706,6.245878358809332,0,-0.0179000542072513
2009-12-17,66.2358342550562,1.7552016090104599,7.972385036202736,0,-0.011149343624848
2009-12-18,65.08705112543541,1.7552016090104599,9.005326709573609,1,0.0309727392172013
2009-12-21,71.87194204552031,1.7749132743362843,2.9243250201126303,1,0.0445834370401344
2009-12-22,73.59077842663415,2.595583266291233,2.1994833467417534,1,0.0397347283695
2009-12-23,72.73969677652649,0.8665816572807727,1.2357416733708766,1,0.0048186790027276
2009-12-24,72.71023785082923,0.8665816572807727,1.262230008045052,1,0.0043644000314209
2009-12-29,71.74081256073833,0.1163116653258246,1.383630008045052,1,0.0084932109415192
2009-12-30,71.90528614944249,0.1163116653258246,1.2357416733708766,1,0.0207619914484292
2009-12-31,72.59435211866018,0.7358933226065972,1.2357416733708766,1,0.0154064204321942
2010-01-04,72.312901050448,0.20213499597747386,0.9550533386967015,1,0.0058883670371651
2010-01-05,72.1172354475401,-0.006788334674175389,0.922065004022526,0,-0.0063007150610241
2010-01-06,72.17685950789598,-0.006788334674175389,0.8684533386967015,0,-0.0061531643546417
2010-01-07,71.81308915139248,-0.006788334674175389,1.1955416733708768,0,-0.0100635785110958
2010-01-08,71.81308915139248,-0.006788334674175389,1.1955416733708768,0,-0.0020613251308186
2010-01-11,71.6486155626883,-0.006788334674175389,1.343430008045052,1,0.0019982308039184
2010-01-12,72.41867921718598,0.14615832662912331,0.8039650040225261,1,0.0079904081965925
2010-01-13,71.81689639879194,-0.0033650040225260414,1.1955416733708768,1,0.0077839917997314
2010-01-14,71.76629370384289,0.07462333065164928,1.319030008045052,0,-0.0065328231345813
2010-01-15,72.24858002497928,-0.006788334674175389,0.8039650040225261,0,-0.0058240170731413
2010-01-18,70.98663221056471,0.10625832662912338,2.051706677393403,0,-0.0348574204075951
2010-01-19,71.42924082585861,0.10625832662912338,1.6537300080450519,0,-0.0369670758453731
2010-01-20,70.6726990195698,0.05645832662912342,2.2841833467417536,0,-0.0418063538261909
2010-01-21,70.7455910042739,0.0,2.1621833467417533,0,-0.0484751465096454
2010-01-22,71.84765098038297,0.0,1.1712533386967012,0,-0.034083020305218
2010-01-25,71.88938244531566,0.037523330651649256,1.1712533386967012,0,-0.0254514519247728
2010-01-27,72.38985420641224,0.9131933226065972,1.5969183427192273,1,0.0095563027308684
2010-01-28,73.03683654568115,0.7421816572807726,0.8441650040225259,0,-0.0076619244929773
2010-01-29,73.41565980927443,1.082804987932422,0.8441650040225259,1,0.0101489575917481
2010-02-01,71.59895447968772,-0.6677066773934028,0.7271650040225259,0,-0.0111544965968165
2010-02-02,72.13894826392152,0.10952333065164921,1.0188533386967014,0,-0.0233444296462424
2010-02-03,72.61235038148278,-0.006788334674175389,0.4768766693483507,0,-0.0353824728881425
2010-02-04,72.61235038148278,-0.006788334674175389,0.4768766693483507,0,-0.0109359878032726
2010-02-05,72.59674694813691,0.24186999195494807,0.7395650040225261,1,0.0081365181332902
2010-02-08,73.16837017918716,0.49316331456154516,0.4768766693483507,1,0.0138623826673753
2010-02-09,72.89005907008938,0.26940498793242185,0.503365004022526,1,0.0019385910642558
2010-02-10,72.22493575885136,0.3508166532582465,1.182830008045052,1,0.020504309859152
2010-02-11,72.98060082098556,0.3508166532582465,0.503365004022526,1,0.0178941931054642
2010-02-15,70.05082525858661,0.11195832662912308,2.898848350764279,1,0.0177099894818062
2010-02-16,71.13210105670395,0.03316999195494774,1.8478183427192272,0,-0.0022369644352613
2010-02-17,72.07598033589642,0.27619332260659724,1.2421416733708766,0,-0.0117908514113042
2010-02-18,72.48913002549307,0.27619332260659724,0.8706533386967013,0,-0.0036278709162168
2010-02-19,72.61357929065348,0.3616049879324219,0.8441650040225259,1,0.0028237252750022
2010-02-22,71.98301780840596,0.1974049879324219,1.2469416733708767,1,0.0006895735724021
2010-02-23,72.18377334104832,0.5635166532582465,1.4325416733708767,1,0.0106716969621868
2010-02-24,74.23182379698994,1.8166683024939674,0.8441650040225259,1,0.0320818149322697
2010-02-25,74.1990024827499,1.7871566371681424,0.8441650040225259,1,0.0459174836726472
2010-02-26,79.56624865696263,6.6131782783588084,0.8441650040225259,1,0.0315845720334832
2010-03-02,79.55934037112507,6.523166613032985,0.760365004022526,1,0.0141902496889872
2010-03-03,81.62143349655574,8.272809895414321,0.6558533386967014,1,0.0070309041017553
2010-03-04,81.41565290197279,8.19875655671762,0.7668300080450521,1,0.0041741411553073
2010-03-05,81.57773908744423,8.111433226065971,0.5337650040225261,1,0.0053993536333724
2010-03-08,81.7001864877495,8.306021560740145,0.6182533386967013,1,0.0018328236456423
2010-03-09,82.96917787090415,9.589026548672575,0.7602300080450519,1,0.006934637351908
2010-03-10,82.95682006407208,9.589026548672575,0.7713416733708767,1,0.0024694624146186
2010-03-11,79.96656409696537,8.291744891391795,2.1627833467417537,1,0.0125249665226434
2010-03-12,79.71130038081911,8.291744891391795,2.3923066773934027,1,0.018305249337261
2010-03-15,71.7297559571148,0.05615832662912312,1.3334183427192272,1,0.0225556078813177
2010-03-16,71.90767355267525,0.0919349959774739,1.2092183427192273,1,0.0123700303067723
2010-03-17,71.67865650907397,0.0919349959774739,1.4151416733708766,0,-0.0051163749019266
2010-03-18,71.55523412345869,0.0919349959774739,1.5261183427192273,0,-0.0039346066498455
2010-03-19,71.80282402432697,0.0021699919549478808,1.213730008045052,0,-0.0004561350238734
2010-03-22,72.1602421685638,0.09535832662912325,0.9855416733708766,1,0.0146466879544753
2010-03-23,72.62723830069407,1.0293516492357204,1.499630008045052,1,0.0147321994084542
2010-03-25,72.53938610274082,0.29489332260659706,0.8441650040225259,1,0.0003896282900419
2010-03-26,71.90437603192635,0.29489332260659706,1.4151416733708766,0,-0.0062481805383937
2010-03-29,71.22794219320416,0.2082466613032985,1.9367183427192274,0,-0.0023316525169414
2010-03-30,72.16067405386171,0.2014583266291231,1.0912533386967016,1,0.0199332147657989
2010-03-31,71.91936407122225,0.3760583266291231,1.4828300080450523,1,0.0220261186668856
2010-04-01,71.8576658519734,0.3470699919549477,1.5093183427192276,1,0.0157806962524204
2010-04-05,71.60806111269122,0.12263499597747385,1.5093183427192276,0,-0.0119838216278405
2010-04-06,72.04355198627799,0.12263499597747385,1.117741673370877,0,-0.0007923376704985
2010-04-07,71.63752003838847,0.12263499597747385,1.4828300080450523,0,-0.0065239839958198
2010-04-08,71.60806111269122,0.12263499597747385,1.5093183427192276,1,0.0034815700335069
2010-04-09,70.2369727429959,0.12263499597747385,2.7421483507642797,0,-0.0165771730399729
2010-04-12,71.60806111269122,0.12263499597747385,1.5093183427192276,0,-0.0145442704154259
2010-04-13,72.04355198627799,0.12263499597747385,1.117741673370877,0,-0.0226673585156609
2010-04-15,69.53550816734062,0.3449583266291232,3.595201689460981,0,-0.0082828429400318
2010-04-16,69.78360224754468,0.3449583266291232,3.3721250201126303,0,-0.0033690253136781
2010-04-19,72.37715532919367,1.2415749798873699,1.9367183427192274,1,0.0125467128563465
2010-04-20,72.71876801045907,1.0705633145615452,1.458541673370877,1,0.0140497080482281
2010-04-21,73.45444037115954,1.1176749798873695,0.8441650040225259,1,0.0146775477700684
2010-04-22,71.77964501685851,0.4787166532582465,1.7111183427192274,1,0.007374037214748
2010-04-23,72.74382469450968,0.4787166532582465,0.8441650040225259,0,-0.0168547321217735
2010-04-26,72.4931467287621,0.5118049879324219,1.1026533386967012,0,-0.0129154831273934
2010-04-27,72.7806237913424,0.5118049879324219,0.8441650040225259,0,-0.0057338144214815
2010-04-28,71.50798639080841,0.6247166532582465,2.1013833467417538,1,0.001398708817638
2010-04-29,71.26299334904243,0.47602831858407113,2.172983346741754,0,-0.0203128304175823
2010-04-30,73.28866557924681,0.6013283185840712,0.4768766693483507,0,-0.0294362254421478
2010-05-03,58.65949683984911,0.17996999195494812,13.20950506838294,0,-0.0255792723704634
2010-05-04,59.69794199945079,0.17996999195494812,12.275775060337887,0,-0.0256639980909444
2010-05-05,65.1658542214079,0.17996999195494812,7.359238374899436,1,0.0133160856991505
2010-05-06,63.058563364558786,0.17996999195494812,9.254033386967016,1,0.008858960842103
2010-05-07,67.08485856716088,0.17996999195494812,5.633743362831856,1,0.0272457318258622
2010-05-10,60.93654027120367,0.08365832662912343,11.065763395012063,0,-0.0028344198296593
2010-05-11,60.85910888302119,0.08365832662912343,11.135386725663713,0,-0.0083385545206771
2010-05-12,65.34880242622368,0.036893322606597445,7.051661705551085,0,-0.0189404235913495
2010-05-13,62.65554718751072,0.17996999195494812,9.616410056315368,0,-0.0220016488294628
2010-05-14,64.62120981898157,0.1867583266291235,7.855750040225263,0,-0.034727827285592
2010-05-17,61.59580812326677,0.2696933226065972,10.659010056315367,0,-0.022444109739519
2010-05-18,63.828254454237644,0.2696933226065972,8.651680048270313,0,-0.027018803106551
2010-05-19,60.269146318761855,0.3963166532582465,11.978516733708771,1,0.0049272170732496
2010-05-20,59.18118466423532,0.3963166532582465,12.956770072405476,0,-0.0288814304484088
2010-05-21,67.68376277654521,0.3963166532582465,5.311578358809331,0,-0.0027922910345044
2010-05-24,65.04780906274927,0.5092283185840711,7.794638374899437,1,0.0118931134778643
2010-05-25,63.68790703226519,0.6404749798873697,9.148656717618664,1,0.052638932532913
2010-05-26,60.62988050462115,0.5263866452131944,11.784228399034594,1,0.0337707151726527
2010-05-27,61.94020484077208,1.5382683024939672,11.617916733708775,0,-0.006597639565942
2010-05-28,69.49984528583796,1.6102683024939672,4.892578358809331,0,-0.009260059824102
2010-05-31,60.19359072823238,1.6102683024939672,13.260405068382939,1,0.0047465960763836
2010-06-01,65.67190523908674,1.6102683024939672,8.334515044247786,1,0.0327171288761579
2010-06-02,65.89021972300976,1.6102683024939672,8.138215044247787,1,0.0028148439340042
2010-06-03,63.27304832235041,1.6102683024939672,10.491475060337894,0,-0.0244426682884972
2010-06-04,69.47169498959325,1.6102683024939672,4.917890024135156,0,-0.0266792989895496
2010-06-07,63.91906864986808,1.7396916331456165,10.040021721641189,1,0.0088207363440308
2010-06-08,68.11432495041761,1.7396916331456165,6.267808366854384,1,0.0261728993686898
2010-06-09,68.6798258248735,1.7396916331456165,5.759331697506032,1,0.0387183094140009
2010-06-10,62.08083955996676,1.6558333065164932,11.609028399034594,1,0.0279118591024519
2010-06-11,69.92174201717802,1.5580449718423177,4.4610016894609785,1,0.0220241305272709
2010-06-14,66.53888325655006,1.9389333065164926,7.883626709573611,1,0.0147340228906883
2010-06-15,64.32635178566026,1.3254633145615453,9.259580048270315,1,0.0076777090436469
2010-06-16,65.01279306972889,1.9253616251005634,9.242256717618664,1,0.0226615847866007
2010-06-17,65.94846285987526,1.7368266291230898,8.212403378921964,1,0.0078743538094507
2010-06-18,67.22867583453187,1.7368266291230898,7.061285036202734,1,0.0114400321883
2010-06-21,62.58210279762134,1.7638616251005637,11.266340064360413,0,-0.0061271142320242
2010-06-22,66.2094967675998,1.7638616251005637,8.00472670957361,0,-0.0089745160994964
2010-06-23,65.7634923904016,2.0440966210780376,8.685991713596138,1,0.0019424496918464
2010-06-24,63.67759367935015,2.147919951729687,10.665375060337897,0,-0.0121872593611632
2010-06-25,67.29187728661488,2.147919951729687,7.415550040225264,1,0.0082124536017192
2010-06-28,67.4792351593213,1.981284955752213,7.080450040225262,0,-0.0155129753624373
2010-06-29,69.4116964854893,1.981284955752213,5.34285502815768,0,-0.0036309095711639
2010-06-30,69.8404032615115,1.981284955752213,4.957378358809331,0,-0.0145237849337716
2010-07-01,67.09395401606196,1.9907199517296865,7.436315044247788,1,0.0071439379011027
2010-07-02,70.1846665750435,1.5106683024939667,4.177213354786805,1,0.0007634899494771
2010-07-05,62.55816013964166,1.5106683024939667,11.03467506033789,1,0.011573554928865
2010-07-06,67.49419170418489,1.5043799678197913,6.590096701528559,1,0.0119157543867648
2010-07-07,68.07919962161228,2.0936966210780388,6.653396701528559,1,0.0267144396126364
2010-07-08,67.62715815541635,1.607914963797266,6.574073370876913,1,0.0194070124510386
2010-07-09,70.49055893325637,1.2985382944489152,3.6900366854384545,1,0.0062764439742061
2010-07-12,64.0815533472759,1.7709032984714415,9.925133386967017,0,-0.0007898344081478
2010-07-13,66.1362526178796,1.7709032984714415,8.077626709573613,0,-0.0012506312685187
2010-07-14,65.94340630350236,1.7598032984714416,8.239926709573613,1,5.5696860568146674e-05
2010-07-15,63.71169212861039,1.7374149637972662,10.224210056315368,0,-0.0020006055012916
2010-07-16,69.72597074687073,1.7709032984714415,4.8498900241351555,1,0.0010098905266153
2010-07-19,64.1512515997013,2.2799499597747404,10.371510056315364,1,0.010250911676638
2010-07-20,63.272453328103225,1.3248799678197924,10.206621721641186,1,0.0149950577543759
2010-07-21,62.679208095582986,1.273621641190669,10.688786725663716,1,0.0035589035479071
2010-07-22,60.70557137805316,1.273621641190669,12.463405068382945,0,-0.0020878274411998
2010-07-23,66.80763732647289,1.3886449718423184,7.091685036202735,0,-0.0095053105118988
2010-07-26,65.16259374240613,1.3098916331456163,8.492091713596137,0,-0.0017917344899567
2010-07-27,67.11351671112696,1.3098916331456163,6.73789670152856,0,-0.0116687438343773
2010-07-28,65.74830974772408,1.3098916331456163,7.965438374899437,1,0.006297808278952
2010-07-29,65.33600342892052,1.2809032984714408,8.307180048270315,1,0.0056505918453651
2010-07-30,69.60294132587703,1.3098916331456163,4.499501689460981,1,0.018504604907187
2010-08-02,65.75496965701574,1.189868302493967,7.839426709573611,1,0.002840401771784
2010-08-03,66.54765624541102,1.189868302493967,7.12667337087691,0,-5.515314190468725e-05
2010-08-04,67.94077810207149,1.189868302493967,5.874031697506031,1,0.0033412483156847
2010-08-05,67.0918168683043,1.0920799678197919,6.539596701528559,1,0.0024936297048497
2010-08-06,68.06432467595975,1.0920799678197919,5.665155028157681,0,-0.0034346732845242
2010-08-09,66.9135526550426,1.1115799678197913,6.719385036202733,0,-0.0127861151599219
2010-08-10,62.4029637191342,1.1966566371681422,10.860210056315369,0,-0.0015761311084845
2010-08-11,65.14505519092822,1.1966566371681422,8.394626709573611,0,-0.0004243973160601
2010-08-12,64.02917864314406,1.1966566371681422,9.397980048270316,0,-0.0004247225517653
2010-08-13,67.27504682302752,1.1966566371681422,6.479420032180207,1,0.0049491238811929
2010-08-16,60.930486450788756,1.1676683024939667,12.155216733708768,1,0.022248488075006
2010-08-17,65.65647788824892,1.8703732904263894,8.608491713596138,1,0.0212894525581889
2010-08-18,66.47707936990179,1.8703732904263894,7.870638374899436,1,0.011676090790117
2010-08-19,63.45811515405029,1.8640849557522143,10.578886725663718,0,-0.0063556658766713
2010-08-20,67.84273119216138,1.8703732904263894,6.64269670152856,0,-0.0124262492235952
2010-08-23,63.021838351220296,2.5393432823813376,11.646428399034592,0,-0.0119042543935364
2010-08-24,65.23834205738801,2.510354947707162,9.624445052292838,0,-0.0176661670797978
2010-08-25,70.35252662047878,2.5325549477071627,5.048166693483506,0,-0.0086231205972359
2010-08-26,67.3076493762248,2.503566613032987,7.757015044247788,0,-0.0138785165582378
2010-08-27,67.32089690077025,2.8619899436846357,8.10352670957361,1,0.011607999429697
2010-08-30,67.44755748665536,2.6941782783588115,7.82182670957361,1,0.0129707549743296
2010-08-31,68.97596832998619,2.94622493966211,6.699585036202735,1,0.0141523066359704
2010-09-01,72.47227907263013,2.848436604987935,3.458048350764279,1,0.0190252643098222
2010-09-02,73.91073197520959,5.8953448913917965,5.211555028157682,1,0.0212538940072231
2010-09-03,73.79086846044785,6.329944891391797,5.753931697506032,1,0.0231717959565363
2010-09-06,71.30978682819003,5.163004907481904,6.817885036202735,1,0.0112508987452519
2010-09-07,75.5537773628068,7.605696540627514,5.444543362831858,1,0.0274568462330392
2010-09-08,77.51777177356503,7.399049879324216,3.4719483507642788,1,0.0329229798217598
2010-09-09,72.25458544059902,7.458761544650041,8.264115044247788,1,0.038418775771593
2010-09-13,70.658522677689,7.602073209975864,9.842545052292843,1,0.01185651622724
2010-09-14,68.72498812505559,7.6159965406275125,11.595028399034595,1,0.0153078628066652
2010-09-15,72.24224060732574,7.540261544650039,8.356715044247787,1,0.020184109476967
2010-09-16,69.32592757265657,7.582173209975864,11.02086339501207,1,0.0304726752341881
2010-09-17,68.33619454733582,3.741906596942882,8.070526709573612,1,0.0178600986023611
2010-09-20,64.34073919392138,3.224359935639583,11.145540064360418,0,-0.0035008410964266
2010-09-21,65.2684200455208,3.7997182622687062,10.886763395012068,1,0.0015381612447871
2010-09-22,67.59564171277047,3.7147949316170576,8.70929171359614,1,0.0074252107017866
2010-09-23,55.089257927782754,1.1698616251005642,17.40961842316976,1,0.0116691136904782
2010-09-24,66.44737206765863,1.256396621078038,7.283373370876908,0,-0.0044964104532749
2010-09-27,65.53518898200568,0.91444995977474,7.76162670957361,0,-0.0009448349728216
2010-09-28,67.16861988887806,0.7402499597747398,6.118708366854384,1,0.0187142462651787
2010-09-29,69.43437873986596,0.8757266291230906,4.21690168946098,1,0.0276790708841956
2010-09-30,67.08616343875501,1.101961625100564,6.5545617055510865,1,0.0190302028576542
2010-10-01,69.88756760549435,0.48606331456154495,3.419748350764279,1,0.0069830816982628
2010-10-04,65.26264251717137,0.5471983105390188,7.639438374899437,0,-0.0063763729142798
2010-10-05,66.46535180960767,0.5635866452131941,6.57439670152856,0,-0.006914736615216
2010-10-06,69.37754989985238,0.5171633145615449,3.909436685438454,0,-0.0082127986518923
2010-10-07,66.32457992858126,0.5385866452131941,6.675973370876911,0,-0.0048152608764879
2010-10-08,65.66327129098669,0.47986331456154485,7.211873370876911,1,0.0211479550781684
2010-10-11,62.608581204767866,0.47986331456154485,9.95853338696702,1,0.0067407590454231
2010-10-12,61.392709655382774,0.4122516492357202,10.984186725663719,0,-0.0046488558286102
2010-10-13,63.350985768797855,0.4584399839098956,9.269568382944492,0,-0.0256637845497829
2010-10-14,61.52268073557554,0.2710166532582464,10.726086725663718,0,-0.0245902276483956
2010-10-15,66.75604855158423,0.31170498793242174,6.061131697506034,0,-0.013375321340408
2010-10-18,58.93621569065771,1.0068032984714406,13.78752341110217,1,0.0041962869881808
2010-10-19,61.831633332620974,0.9853799678197911,11.162651729686244,1,0.0064085026263608
2010-10-20,56.06552296753174,0.8824866452131942,16.24442341110218,1,0.0204674622235502
2010-10-21,51.825597272560685,0.8824866452131942,20.056801769911505,0,-0.0032010533345842
2010-10-22,56.77247598485785,0.8824866452131942,15.608758407079655,0,-0.0088420687508171
2010-10-25,71.33000383798128,4.904794931617055,6.54149670152856,0,-0.019531774006776
2010-10-26,72.98705118493483,4.999906596942879,5.146655028157682,0,-0.0106284627385483
2010-10-27,73.78872021806063,4.845371600965406,4.271290024135156,1,0.0172961064290538
2010-10-28,71.87454999925221,5.174218262268705,6.3212850362027355,1,0.0216913193784792
2010-10-29,75.21468933607869,5.128106596942881,3.2718483507642793,1,0.0234528165659613
2010-11-01,72.5149576968261,5.12080659694288,5.692043362831858,1,0.0264948740403745
2010-11-02,74.10418634686562,3.9391199517296847,3.0813833467417537,1,0.024887906797729
2010-11-03,75.19882088424258,3.968619951729685,2.126630008045052,1,0.0226376918000861
2010-11-04,75.16601254356134,3.9391199517296847,2.126630008045052,0,-0.0009715310340118
2010-11-08,71.18042013689045,0.42362831858407124,2.1948300080450522,0,-0.0126651489013334
2010-11-09,70.59344184904025,0.2919049879324219,2.5908950120675778,0,-0.0371652380844147
2010-11-10,70.52261104967036,0.2919049879324219,2.6545833467417532,0,-0.0248615323172506
2010-11-11,70.36614492038669,0.2919049879324219,2.7952716814159286,0,-0.0337470821841425
2010-11-12,71.58613141419622,0.39793998390989593,1.8043416733708766,0,-0.0120709475728693
2010-11-15,69.88128768726553,0.26291665325824654,3.202248350764279,0,-0.0385165701113044
2010-11-16,70.98848948734413,0.2566283185840712,2.200406677393403,1,0.0035503883544596
2010-11-18,71.42012121929638,0.2751583266291233,1.830830008045052,0,-0.0107345450501126
2010-11-19,71.53624235445251,0.35308165728077257,1.8043416733708766,0,-0.0041765789847987
2010-11-22,71.27709909686895,0.1939699919549479,1.8782416733708767,0,-0.0356099353719987
2010-11-23,70.86607546040038,0.1939699919549479,2.2478183427192273,0,-0.0312859764229618
2010-11-24,72.02147215239252,0.42209332260659727,1.4370533386967013,0,-0.0061133508052924
2010-11-25,72.3521783654249,0.7194516492357205,1.4370533386967013,1,0.0107954351539648
2010-11-26,72.39802477478202,0.7606749798873699,1.4370533386967013,1,0.0356825486359883
2010-11-29,71.92303970410478,0.8423633145615452,1.945830008045052,1,0.0306905700836699
2010-11-30,71.79096851790148,0.9525983105390192,2.174818342719228,1,0.0219485003224537
2010-12-01,69.42828975663315,0.9549866452131945,4.301636685438456,1,0.0052454912526608
2010-12-02,69.03714760688413,0.8617749798873698,4.560125020112631,0,-0.0058640920446072
2010-12-03,69.6497905465909,0.8575749798873699,4.005060016090105,0,-0.0149794756525194
2010-12-06,59.35828850450579,2.21462662912309,14.615835076427997,0,-0.0384016569571063
2010-12-07,59.90189305382824,2.2340382944489146,14.146458407079646,0,-0.0201461955241675
2010-12-08,60.29913903929804,2.2340382944489146,13.789270072405468,1,0.0006688482090963
2010-12-09,59.61200818821241,2.324861625100564,14.497935076427998,1,0.0303338202778375
2010-12-10,66.2107182505265,3.0894366049879336,9.32920337892196,1,0.0059491309238319
2010-12-13,60.690540660222524,2.9520249396621088,14.155323411102168,1,0.0069329922450702
2010-12-14,54.33989685206571,3.2503482703137587,20.163901769911508,1,0.00049616732789
2010-12-15,56.142831956897645,3.2503482703137587,18.542771761866458,1,0.0182213828926285
2010-12-16,52.504876346931084,1.451791633145616,20.01532510056316,1,0.0059749699047568
2010-12-20,63.03060579276646,1.5985082864038624,10.697710056315366,1,0.0055252696729566
2010-12-21,65.21687207023768,1.5177849557522134,8.651180048270312,1,0.0018231393840458
2010-12-22,68.36520494579081,1.3399849557522134,5.642520032180209,1,0.0022866690539719
2010-12-23,64.01897838387241,1.1840499597747398,9.39454505229284,1,0.0026720122778109
2010-12-24,68.83442725113376,1.1840499597747398,5.0646783588093305,1,0.0080766181111978
2010-12-27,65.69634098177262,0.4601983105390193,7.16247337087691,1,0.0171492514761927
2010-12-28,64.58155063401266,0.42267497988737,8.127326709573612,1,0.0228359950087492
2010-12-29,65.34613882039831,0.42267497988737,7.439838374899438,1,0.0159195370489706
2010-12-30,63.975521256677226,0.42492164119066855,8.674491713596138,1,0.0072664058069349
2010-12-31,65.26094834934122,0.4601983105390193,7.553961705551085,0,-0.0089567745489106
2011-01-03,41.37005916385693,0.08100498793242195,28.656538455349967,0,-0.0179181172362107
2011-01-04,42.85357263602311,0.08100498793242195,27.32262011263074,0,-0.040126701544182
2011-01-05,41.77215224983007,0.08779332260659733,28.30178012872083,0,-0.0535396566947568
2011-01-06,42.96150280300673,0.08779332260659733,27.232361786001608,0,-0.0498563298089609
2011-01-07,42.8879898769379,0.08779332260659733,27.2984617860016,0,-0.0070276507913083
2011-01-10,37.464765570275866,0.0,32.08702349155269,0,-0.0019019089951146
2011-01-11,39.812882630231414,0.0,29.975686806114233,0,-0.0174521133878378
2011-01-12,41.499722547024746,0.0,28.458945132743352,0,-0.0362081574335959
2011-01-13,48.22151580349681,0.0,22.41496677393404,0,-0.0048536382040204
2011-01-14,50.1970431711676,0.0,20.638648431214804,1,0.0064342345795745
2011-01-17,49.24180701757063,0.17101166532582468,21.668571761866456,1,0.0100032946480494
2011-01-18,47.14961541473159,0.10702333065164926,23.485801769911507,0,-0.0048246456502644
2011-01-19,47.869384071305234,0.10702333065164926,22.838613435237328,1,0.0091304868056075
2011-01-20,48.77680532405147,-0.006788334674175389,21.90888342719228,0,-0.0042459928690894
2011-01-21,49.72620641827631,-0.006788334674175389,21.05521842316975,0,-0.0163177909235447
2011-01-24,46.105125739888216,-0.006788334674175389,24.31115510860821,0,-0.0410705054963774
2011-01-25,47.60529547206291,-0.006788334674175389,22.962260096540632,0,-0.0324329571545148
2011-01-27,47.48963771663702,-0.035776669348350776,23.037266773934036,0,-0.0339550834334094
2011-01-28,51.565299278773466,-0.006788334674175389,19.401576749798878,0,-0.0146473564373709
2011-01-31,49.52652223317015,-0.006788334674175389,21.23476677393405,1,0.0037796947826824
2011-02-01,52.82920815843764,-0.006788334674175389,18.26511842316976,0,-0.0039674701421364
2011-02-02,57.1203964103988,-0.006788334674175389,14.406646741753825,0,-0.0066494519108855
2011-02-03,51.782323654117526,0.0,19.213225100563168,0,-0.0395279933621305
2011-02-04,54.32161138149374,0.0,16.929995092518105,0,-0.0267075680909931
2011-02-07,43.8053537072367,-0.09048833467417533,26.295321802091717,0,-0.0320500421669348
2011-02-08,45.365703573338166,0.0,24.982803459372487,0,-0.0004801107171033
2011-02-09,53.410900034242594,0.0,17.748871761866457,1,0.0378118819752113
2011-02-10,52.9368176548375,0.0,18.175148431214815,1,0.0476796698854047
2011-02-11,56.26109220821346,0.0,15.186088415124702,1,0.0318234365762206
2011-02-14,51.218876538751864,0.27803499597747394,19.997890104585682,1,0.0164421629208325
2011-02-15,55.15500255527661,0.10702333065164926,16.287665084473048,0,-0.0040311024929686
2011-02-16,52.54804993476247,0.014411665325824607,18.539125100563158,1,0.00670893310273
2011-02-17,51.79711521110263,0.0,19.19992510056316,0,-0.014025730009204
2011-02-18,55.44086329137943,0.12845832662912315,16.05206508447305,0,-0.003964653743611
2011-02-21,54.03662738954556,0.007623330651649218,17.19386508447305,0,-0.0474800018958669
2011-02-22,51.86037598366473,0.006446661303298518,19.149490104585684,0,-0.0307559457974419
2011-02-23,55.70870169647131,0.021023330651649297,15.703800080450524,0,-0.0193310013777996
2011-02-24,55.96738712163941,0.007623330651649218,15.457800080450529,1,0.0481502371372889
2011-02-25,67.25249251478222,0.08782333065164927,5.390866693483506,1,0.0429319371750805
2011-02-28,55.93550741934787,-0.03623000804505205,15.442611745776343,1,0.0378080350819622
2011-03-01,58.09207936813472,0.10243499597747396,13.64217007240547,0,-0.0107688936966218
2011-03-03,61.183372068875464,0.035434995977473904,10.795598390989543,0,-0.002785567506173
2011-03-04,66.25693731417529,0.021023330651649297,6.219231697506032,0,-0.0014002125190212
2011-03-07,50.44139299283687,-0.06756001609010404,20.351378439259857,1,0.0057038452434209
2011-03-08,51.35709602866706,-0.06756001609010404,19.528013435237334,0,-0.0137423797261112
2011-03-09,64.62640353718622,-0.07867168141592862,7.58565004022526,1,9.039548028760464e-05
2011-03-10,61.30828471376613,-0.12266001609010396,10.52518672566372,0,-0.0081780052915571
2011-03-11,65.10148684901885,-0.08197168141592864,7.155173370876909,1,0.0119929152232349
2011-03-14,64.14921457202826,0.10702333065164926,8.200415044247787,0,-0.0154582857092833
2011-03-15,62.46035793789184,0.8379283185840711,10.44987506033789,0,-0.014034702133811
2011-03-16,65.77165929038577,0.690409975864844,7.324961705551086,0,-0.0269235361469128
2011-03-17,62.81917552649261,0.6345216411906687,9.92383338696702,0,-0.0060402559227958
2011-03-18,67.80151133280845,0.805868302493967,5.615255028157683,1,0.0196340360616487
2011-03-21,66.61880771536465,0.6211566371681424,6.493985036202735,1,0.0289627717326627
2011-03-22,66.81354467988285,0.6614566371681425,6.359185036202735,1,0.0434469899170346
2011-03-23,68.5136450947804,1.3342683024939666,5.503331697506034,1,0.0370761069097178
2011-03-24,67.34413710764697,1.2920449718423175,6.512685036202735,1,0.0380105711597619
2011-03-25,70.70309767828635,1.4499449718423172,3.6503366854384542,1,0.0233188622252707
2011-03-28,64.49129063302391,0.20409332260659696,7.989903378921962,1,0.0254331910148707
2011-03-29,65.34869121150952,0.25759332260659695,7.272461705551085,1,0.0155161211511702
2011-03-30,64.89553017192787,0.25759332260659695,7.6799267095736115,1,0.0206571926733724
2011-03-31,63.556249210486236,0.22860498793242157,8.855168382944488,1,0.0129942733372174
2011-04-01,66.06132915281725,0.1788049879324216,6.552896701528558,1,0.0112138265680065
2011-04-04,53.391155709354756,0.23186999195494773,17.99849509251811,0,-0.0038578495636712
2011-04-05,63.02016834105131,0.23186999195494773,9.340456717618665,0,-0.0115810876535567
2011-04-06,64.30796986338926,0.23186999195494773,8.18251504424779,0,-0.0181637113677381
2011-04-07,64.11246736943062,0.14258165728077238,8.269015044247789,1,0.0043739262082752
2011-04-08,68.8150462753644,0.23186999195494773,4.12992502011263,0,-0.0029914607168526
2011-04-11,64.31494301702068,0.5089166532582462,8.453291713596139,0,-0.0098309055909882
2011-04-13,64.00235182883985,0.23186999195494773,8.457315044247789,0,-0.0293097425041883
2011-04-15,66.50311291819163,-0.38681335478680584,5.590043362831859,1,0.0046419295081347
2011-04-18,61.157006755372315,0.2602699919549477,11.044140064360416,1,0.0267973120252016
2011-04-19,63.36738067870169,0.2602699919549477,9.056656717618667,1,0.0230310862086475
2011-04-20,65.55250886191365,0.2892583266291231,7.120861705551087,1,0.0028583515265205
2011-04-21,64.27760824641983,0.2892583266291231,8.267203378921966,0,-0.0086700319521029
2011-04-25,63.01450936418722,0.2892583266291231,9.402933386967014,0,-0.0152748050239736
2011-04-26,63.88225291109099,0.2892583266291231,8.62269171359614,0,-0.0204691297767694
2011-04-27,63.57966362094181,0.2892583266291231,8.89476838294449,0,-0.0229915113885452
2011-04-28,62.31425517682908,0.2602699919549477,10.00358672566372,0,-0.0388042376532152
2011-04-29,65.6358939504264,0.2892583266291231,7.045885036202737,0,-0.0376329665504822
2011-05-02,63.32200507531881,0.19606999195494773,9.033256717618666,0,-0.0432729021599299
2011-05-03,64.45450450974994,0.5936049879324218,8.412491713596138,0,-0.0024827524514771
2011-05-04,63.445143832097486,1.584133306516493,10.310598390989545,1,0.0025161783617731
2011-05-05,63.56079416127939,1.4345216411906683,10.056998390989547,1,0.0147987902251618
2011-05-06,64.66206266083046,1.605533306516493,9.237791713596142,1,0.0024468145162873
2011-05-09,69.3820133409073,0.29693499597747386,3.685195012067578,0,-0.011769371850336
2011-05-10,68.26196252821966,0.4596583266291231,4.855025020112629,1,0.0006314270460559
2011-05-11,70.75300901676201,0.2618583266291231,2.4173716814159287,0,-0.011939711887434
2011-05-12,71.88897650713528,0.2091466613032985,1.3432416733708767,0,-0.0086407069353041
2011-05-13,68.67429479414076,0.2091466613032985,4.233760016090104,0,-0.0226450236915314
2011-05-16,68.18146159603144,0.17429831053901867,4.642048350764279,0,-0.0129770927308622
2011-05-17,69.01815029056318,0.48461665325824654,4.200048350764279,1,0.0086771617086051
2011-05-18,68.69804096980965,0.06188664521319398,4.06514835076428,0,-0.0063014046571993
2011-05-19,70.21238131760472,0.3569933226065972,2.9986183427192272,0,-0.0061443699930218
2011-05-20,72.26511021778563,-0.028625020112630684,0.7672650040225261,0,-0.0253629092770104
2011-05-23,73.12684817012402,0.7727049879324218,0.7937533386967014,1,0.0047782735442613
2011-05-24,71.54812192906634,0.7437166532582464,2.1842950120675786,1,0.0149483739624176
2011-05-25,70.85735436577453,0.26648165728077255,2.328171681415929,1,0.0229449035457397
2011-05-26,72.92066906360469,0.5873166532582466,0.7937533386967013,1,0.0326536256127964
2011-05-27,72.98236728285357,0.6163049879324219,0.7672650040225261,1,0.0134678200688035
2011-05-30,73.22495252158403,0.8609166532582466,0.7937533386967014,1,0.0079437352714852
2011-06-01,73.61106960939246,0.9924216411906683,0.5780766693483507,0,-0.0107785528473554
2011-06-02,73.26772383962061,1.0509866452131944,0.9453650040225259,1,0.00104443353482
2011-06-03,72.51657966009122,0.9241516492357205,1.4939300080450522,1,0.0018291142047755
2011-06-06,72.82470373883154,0.45025164923572025,0.7429766693483506,0,-0.0019903924928795
2011-06-07,72.8316972922657,0.4565399839098956,0.7429766693483506,0,-0.012742486951536
2011-06-08,73.02225999188042,0.627886645213194,0.7429766693483506,0,-0.0080021136107393
2011-06-09,72.96363686395208,0.5751749798873694,0.7429766693483506,0,-0.0037290623939208
2011-06-10,72.8316972922657,0.4565399839098956,0.7429766693483506,0,-0.0070061475796609
2011-06-13,70.38824882246051,0.5398799678197912,3.023371681415928,0,-0.0158189988422396
2011-06-14,72.55404604520899,0.20688664521319433,0.7429766693483506,0,-0.0246817045506007
2011-06-15,72.57165689072477,0.22272164119066817,0.7429766693483506,0,-0.0354250803480705
2011-06-16,73.55090244902449,0.7624216411906687,0.40217666934835067,0,-0.0226571167112038
2011-06-17,73.53510995961182,0.7217333065164934,0.37568833467417534,0,-0.0165532164689233
2011-06-20,73.31648035241982,1.3440916331456165,1.194630008045052,1,0.0117415958649857
2011-06-21,73.80699656240505,1.2936799678197914,0.703165004022526,1,0.0363673057013224
2011-06-22,73.88630562716969,1.3385032984714411,0.6766766693483507,1,0.0459687220622786
2011-06-23,74.10081286369328,1.5578683024939672,0.703165004022526,1,0.041477418780585
2011-06-24,73.59010192264873,1.0721683024939672,0.6766766693483507,1,0.0233398421325303
2011-06-27,74.38908695014639,1.5160849557522136,0.40217666934835067,1,0.0216224640131654
2011-06-28,74.5302517957944,1.61652662912309,0.37568833467417534,1,0.0146612606034429
2011-06-29,74.70381904394327,1.7725916331456162,0.37568833467417534,1,0.0088970851625699
2011-06-30,73.71618048784542,1.2761216411906684,0.767265004022526,0,-0.0027128878733441
2011-07-01,74.10424199895913,1.23347497988737,0.37568833467417534,0,-0.0003110378469264
2011-07-04,73.33860098591082,0.9123283185840713,0.7429766693483506,1,0.0137882310436683
2011-07-05,73.08210648166465,1.0756749798873697,1.1369533386967015,1,0.0050563522308398
2011-07-06,72.24535291933904,0.21789831053901915,1.0315533386967013,0,-0.0016634720578678
2011-07-07,72.93351807621377,0.5480933226065973,0.7429766693483506,0,-0.0360408973206627
2011-07-08,72.93351807621377,0.5480933226065973,0.7429766693483506,0,-0.0133737243721374
2011-07-11,72.86192174740341,0.48371665325824653,0.7429766693483506,0,-0.0062515832511605
2011-07-12,72.93351807621377,0.5480933226065973,0.7429766693483506,1,0.0073739201180774
2011-07-13,72.87557521012924,0.49599332260659734,0.7429766693483506,1,0.0050183157373554
2011-07-15,72.89160310252902,0.510404987932422,0.7429766693483506,0,-0.0025205989224748
2011-07-18,70.88755287379468,0.008981657280772493,2.043518342719227,0,-0.0045820229328928
2011-07-19,71.04969095350121,0.1547699919549479,2.043518342719227,1,0.0036274767494276
2011-07-20,71.03979284393975,0.11938165728077255,2.017030008045052,1,0.0201387575805539
2011-07-21,70.95392211103886,0.06865832662912319,2.043518342719227,1,0.0059821434283593
2011-07-22,70.96735314433633,0.05424666130329858,2.017030008045052,0,-0.0155896098278425
2011-07-25,66.65150672026094,0.33465164923572044,6.178078358809332,0,-0.034485712789593
2011-07-26,69.5377788085444,0.1782816572807726,3.4264833467417533,0,-0.0167954132740237
2011-07-27,69.5377788085444,0.1782816572807726,3.4264833467417533,0,-0.0054232028503899
2011-07-28,69.5377788085444,0.1782816572807726,3.4264833467417533,0,-0.0057016135379669
2011-07-29,68.9589191948289,0.1782816572807726,3.946971681415929,0,-0.0141825502492501
2011-08-01,67.99693786434365,0.185069991954948,4.818736685438456,0,-0.0341090898115585
2011-08-02,67.78529626327104,0.185069991954948,5.009036685438456,0,-0.0459969716992753
2011-08-03,67.80167077337212,0.1997933226065972,5.009036685438456,0,-0.0544260202536554
2011-08-04,67.83502221406546,0.2297816572807726,5.009036685438456,0,-0.0497861023910009
2011-08-05,68.36415587698654,0.185069991954948,4.4885483507642805,0,-0.0096893910462794
2011-08-08,69.26579951191054,0.6612049879324221,4.153960016090105,1,0.0038608580834696
2011-08-09,68.66343467282806,0.11958165728077264,4.153960016090105,1,1.9712590431957073e-05
2011-08-10,68.84384533902062,0.0,3.872160016090104,0,-0.0245579578318902
2011-08-11,68.97485627231728,0.0,3.7543600160901045,0,-0.0160279647713583
2011-08-12,69.00431519801454,0.0,3.727871681415929,0,-0.0257174429340825
2011-08-16,69.88402913444355,0.09001665325824648,3.0268833467417533,0,-0.0384910060637457
2011-08-17,68.27313589387212,0.2672399839098958,4.652560016090105,0,-0.0317040435248044
2011-08-18,74.1747836221776,1.3233916331456168,0.40217666934835067,1,0.0009602701623878
2011-08-19,73.67471037301739,0.8472566371681426,0.37568833467417534,1,0.0088859340357777
2011-08-22,73.56958652100568,0.752733306516493,0.37568833467417534,0,-0.0121582044798095
2011-08-23,73.56958652100568,0.752733306516493,0.37568833467417534,0,-0.0414839768022943
2011-08-24,73.94674156388635,1.0918566371681424,0.37568833467417534,1,0.0062598970793866
2011-08-25,74.16162136522877,1.2850683024939669,0.37568833467417534,1,0.0328058197515807
2011-08-26,74.16162136522877,1.2850683024939669,0.37568833467417534,1,0.0597247292222116
2011-08-29,73.57386457437937,1.321056637168142,0.940165004022526,1,0.019644782782264
2011-08-30,73.74054948380825,1.2737449718423173,0.7429766693483506,1,0.012578032356549
2011-09-02,73.09305741788877,1.141833306516493,1.1932650040225259,1,0.0166561479262162
2011-09-05,74.51038328263363,2.1102382944489144,0.887265004022526,1,0.0267555744287755
2011-09-06,74.12000666232504,1.9713149637972653,1.0993533386967014,0,-0.0009581430539159
2011-09-07,73.0579469415714,0.65997497988737,0.7429766693483506,0,-0.0353213271237284
2011-09-08,72.87513035127255,0.5220816572807727,0.7694650040225259,0,-0.0420699631937731
2011-09-09,72.90458927696982,0.5220816572807727,0.7429766693483506,0,-0.0093130140941186
2011-09-12,71.696738160564,0.19945832662912333,1.5064066773934026,1,0.0257235435649582
2011-09-13,72.8369577571934,0.22165832662912333,0.503365004022526,1,0.0285899055936627
2011-09-14,72.86641668289067,0.22165832662912333,0.4768766693483507,1,0.0038628152964964
2011-09-15,72.8369577571934,0.22165832662912333,0.503365004022526,1,0.0126275427651929
2011-09-16,72.86641668289067,0.22165832662912333,0.4768766693483507,1,0.0095914608564233
2011-09-19,73.09646060603706,0.428504987932422,0.4768766693483507,0,-0.0217574575683244
2011-09-20,73.12069244016814,0.4502933226065974,0.4768766693483507,0,-0.0544601712023227
2011-09-21,73.0016667488847,0.3432699919549481,0.4768766693483507,0,-0.0597751312770874
2011-09-22,73.0016667488847,0.3432699919549481,0.4768766693483507,1,0.00962119216631
2011-09-23,73.0016667488847,0.3432699919549481,0.4768766693483507,1,0.0159271325229679
2011-09-26,72.70601169169063,0.44011665325824656,0.839565004022526,1,0.0365592926195243
2011-09-27,73.0016667488847,0.3432699919549481,0.4768766693483507,0,-0.0056483079209614
2011-09-28,72.05095147789254,0.0,0.9884533386967014,0,-0.0196833436851009
2011-09-29,71.29372940975992,-0.028988334674175387,1.6403300080450518,0,-0.049726211092982
2011-09-30,71.13612518621696,0.0,1.8110300080450519,0,-0.0396047448064174
2011-10-03,72.66197066487781,0.745293322606597,1.1843416733708767,1,0.0079178440980861
2011-10-04,72.29508629637745,0.745293322606597,1.5142300080450521,1,0.0425526294225678
2011-10-05,75.3641137755515,2.979068302493966,0.9884533386967014,1,0.0458764439959585
2011-10-07,75.41890370896282,2.8840449718423167,0.8441650040225259,1,0.0423294348009518
2011-10-10,79.07785850010546,6.200524939662107,0.8706533386967013,1,0.0195383771320454
2011-10-11,78.89515867183555,6.036248270313755,0.8706533386967013,1,0.0312591929785292
2011-10-12,79.92945551365128,6.572471600965405,0.4768766693483507,1,0.0036896980000524
2011-10-13,79.3167606797094,6.048048270313757,0.503365004022526,0,-0.007978016384738
2011-10-14,79.39860173578249,6.095148270313756,0.4768766693483507,1,0.0013337943553279
2011-10-17,74.01500145127147,1.254421641190668,0.4768766693483507,0,-0.0051615418970927
2011-10-18,74.05651048677582,1.2917449718423173,0.4768766693483507,1,0.0024684149753529
2011-10-19,74.05651048677582,1.2917449718423173,0.4768766693483507,0,-0.0079707381706155
2011-10-20,74.05651048677582,1.2917449718423173,0.4768766693483507,1,0.0193908929780086
2011-10-21,74.20044827403417,1.4211683024939665,0.4768766693483507,1,0.0597162213224339
2011-10-24,74.20044827403417,1.4211683024939665,0.4768766693483507,1,0.0437961779755574
2011-10-25,74.09523915442581,1.4211683024939665,0.5714766693483506,1,0.0126992821118759
2011-10-28,74.11571563539256,1.6110799678197911,0.7429766693483506,0,-0.0192582570527946
2011-10-31,65.36935862747228,0.2358583266291232,7.232143362831859,0,-0.0114895503638111
2011-11-01,65.77902174025321,0.21263499597747393,6.840566693483508,1,0.0049800191139889
2011-11-02,65.52547813905464,0.34974666130329857,7.205655028157684,1,0.0058590584569309
2011-11-03,65.1635984326921,0.21263499597747393,7.393931697506034,0,-0.0085250544913292
2011-11-04,63.92817904072995,0.21263499597747393,8.50477337087691,0,-0.0220710094171338
2011-11-08,62.80165925374666,0.08321166532582469,9.388273370876913,0,-0.0270190899839064
2011-11-09,62.54409894927907,0.03062333065164935,9.567273370876912,0,-0.0296536152516843
2011-11-11,63.00351395997199,0.0764233306516493,9.199985036202738,0,-0.0271407833094693
2011-11-14,60.323787995711896,0.0764233306516493,11.609491713596137,0,-0.0423742619498581
2011-11-15,60.60627336971318,0.07013499597747397,11.349203378921962,0,-0.0326267372434716
2011-11-16,66.79360763054262,0.0764233306516493,5.7920783588093325,0,-0.0514141447030723
2011-11-17,67.81567085379923,0.3859583266291232,5.182613354786806,0,-0.025116482743984
2011-11-18,67.38017998021245,0.3859583266291232,5.574190024135157,0,-0.0414842702537904
2011-11-21,66.97138063802734,0.3859583266291232,5.941766693483507,0,-0.0143967749444232
2011-11-22,69.30788502078853,0.14503499597747382,3.5999483507642798,1,0.0080611799728949
2011-11-23,68.83801582696327,0.14503499597747382,4.022436685438455,1,0.0207439455171678
2011-11-25,69.35506600671573,0.2980583266291231,3.71054835076428,1,0.0255722845778632
2011-11-28,69.76743343545475,1.3745082864038625,4.416213354786805,1,0.0174807657217106
2011-11-29,69.58750100148043,1.3745082864038625,4.578001689460981,1,0.049740091956218
2011-11-30,70.17728560430253,1.4186199517296871,4.09180168946098,1,0.0419666088053859
2011-12-01,72.0174906119414,1.5190549477071613,2.5375950120675785,1,0.0251527093324061
2011-12-02,71.64369795760351,1.5480432823813368,2.902683346741753,0,-0.0213140210472444
2011-12-05,71.57318782881735,1.5111316170555122,2.9291716814159283,0,-0.034821327728689
2011-12-07,71.64369795760351,1.5480432823813368,2.902683346741753,0,-0.0606665971769044
2011-12-08,72.04972990549302,1.5480432823813368,2.5375950120675785,0,-0.0293630146672001
2011-12-09,71.13693142579011,1.6550666130329859,3.4653716814159283,0,-0.0214858809687362
2011-12-12,72.15124299241609,1.4118316170555119,2.3101066773934025,0,-0.0038376865399526
2011-12-13,72.68304580847735,1.4118316170555119,1.831930008045052,0,-0.0315296636652451
2011-12-14,70.08804326715848,0.14503499597747382,2.898460016090104,0,-0.0320301261614369
2011-12-15,70.96169416747225,0.14503499597747382,2.1129066773934024,0,-0.0435242070723647
2011-12-16,73.1981831488297,0.41878165728077243,0.37568833467417534,1,0.0088927523620759
2011-12-19,72.43365428292313,0.06593499597747388,0.7102766693483507,1,0.0258387427040972
2011-12-20,72.02509034372515,0.03694666130329849,1.0486533386967014,1,0.0366851099791734
2011-12-21,72.08678856297404,0.06593499597747388,1.022165004022526,1,0.0121458768658398
2011-12-22,72.43365428292313,0.06593499597747388,0.7102766693483507,0,-0.0059430344471782
2011-12-23,72.71814152177954,-0.012853338696701466,0.37568833467417534,0,-0.0144763618846145
2011-12-27,72.14442373203357,0.1769466613032985,1.0813533386967014,0,-0.0269248675064015
2011-12-28,72.14053121703749,0.14695832662912311,1.054865004022526,1,0.0125647037363874
2011-12-29,72.11218443848196,0.14795832662912312,1.0813533386967014,1,0.0220104884918837
2011-12-30,72.17388265773084,0.1769466613032985,1.054865004022526,1,0.0268090835170926
2012-01-03,72.16545628657119,0.19585832662912317,1.0813533386967014,0,-0.0023530905661909
2012-01-04,72.39123512990264,0.3723816572807723,1.054865004022526,0,-0.0014432525194302
2012-01-05,73.13522819436336,0.7294633145615447,0.7429766693483506,1,0.0207518254642232
2012-01-06,73.51405145795665,1.0700866452131939,0.7429766693483506,1,0.0222264884262893
2012-01-09,72.52270389561475,0.32299332260659697,0.887265004022526,1,0.0184775547518166
2012-01-10,71.68368711832936,0.19546999195494774,1.5141533386967014,1,0.0033863272217493
2012-01-11,71.68368711832936,0.19546999195494774,1.5141533386967014,1,0.0026605459023786
2012-01-12,71.786684917213,0.2880816572807724,1.5141533386967014,1,0.0277711995786589
2012-01-13,70.88446480891537,-0.5231600160901044,1.5141533386967014,1,0.0182863634661743
2012-01-16,73.44263863789834,0.6385866452131943,0.37568833467417534,1,0.0292167198369932
2012-01-17,72.96833382906492,0.5504866452131942,0.714065004022526,1,0.0162345441975335
2012-01-18,73.0300320483138,0.5794749798873696,0.6875766693483507,1,0.0180867853575084
2012-01-19,73.39291268710392,0.5938749798873697,0.37568833467417534,1,0.0214777987136669
2012-01-20,73.39291268710392,0.5938749798873697,0.37568833467417534,1,0.0214960907163422
2012-01-23,73.12203256405301,0.6886866452131943,0.714065004022526,1,0.0309166703332413
2012-01-24,72.62965907728835,0.6132516492357205,1.0813533386967014,0,-0.0078417185574004
2012-01-25,72.29097689926782,0.9179866452131946,1.6906183427192272,1,0.0079073165697633
2012-01-27,72.39619344512015,0.3768399839098959,1.054865004022526,1,0.0059384872424093
2012-01-30,71.9934664442235,0.041211665325824653,1.0813533386967014,1,0.0352641490845058
2012-01-31,71.9934664442235,0.041211665325824653,1.0813533386967014,1,0.0240579388541201
2012-02-01,72.02292536992077,0.041211665325824653,1.054865004022526,1,0.023771212771217
2012-02-02,72.4888167811533,0.14823499597747392,0.7429766693483506,1,0.0123056135309778
2012-02-03,72.4888167811533,0.14823499597747392,0.7429766693483506,1,0.0079110193770658
2012-02-06,71.02293455430565,0.0,1.9128066773934027,1,0.0094116157868313
2012-02-07,71.01594100087148,-0.006288334674175333,1.9128066773934027,1,0.0086687271571124
2012-02-08,72.05509236943453,-0.006788334674175389,0.9779416733708768,1,0.0040991473368166
2012-02-09,71.96782773948446,-0.0073650040225261,1.055830008045052,1,0.0006833881541127
2012-02-10,71.93634100181453,-0.12016500402252611,0.9713416733708766,1,0.0275546477099194
2012-02-13,71.21604221878758,-0.035776669348350776,1.7033950120675783,1,0.0241485687927432
2012-02-14,67.89121159184074,0.07763499597747392,4.8063666934835085,1,0.0270044231794177
2012-02-15,67.67921039950807,-0.006788334674175389,4.912566693483509,1,0.0135021936184644
2012-02-16,68.51016782313788,-0.006788334674175389,4.165401689460982,0,-0.0030107120580861
2012-02-17,67.68866365021283,-0.09997666934835076,4.810878358809333,0,-0.014664081154805
2012-02-21,63.10021144082406,-0.006788334674175389,9.02982670957361,0,-0.0322323568656816
2012-02-22,62.924368004156605,0.0,9.194726709573612,0,-0.041567002095644
2012-02-23,63.38969036825951,-0.028988334674175387,8.747338374899435,0,-0.0198555165542925
2012-02-24,64.07449868390627,0.0,8.16057337087691,0,-0.0081557620690187
2012-02-27,66.3643318073908,0.08541166532582467,6.187055028157684,1,0.0110254907738681
2012-02-28,65.93355087247562,-0.0077766693483506955,6.481208366854385,0,-0.0030088938707894
2012-02-29,67.85667016265302,0.10702333065164926,4.8668133547868075,0,-0.0196620667229289
2012-03-01,67.54418276294237,0.10702333065164926,5.147790024135158,0,-0.0222217690491811
2012-03-02,66.09410599906617,0.0,6.34462003218021,0,-0.0262590939968581
2012-03-05,66.61044996985727,0.0,5.8803433628318595,1,0.0100246743464849
2012-03-06,67.08340722856182,0.0,5.455078358809334,1,0.0259229499867969
2012-03-07,67.02492126246523,-0.05258833467417534,5.455078358809334,1,0.03926344359932
2012-03-09,65.80832310431599,-0.006788334674175389,6.594796701528562,1,0.024145762743972
2012-03-12,65.01854286150439,1.44687827835881,8.758603378921963,1,0.003901290323917
2012-03-13,67.37305105440294,1.6288899436846354,6.823531697506035,0,-0.0207685600924659
2012-03-14,67.0605636546923,1.6288899436846354,7.104508366854386,0,-0.0385927875703703
2012-03-15,70.38443226988788,1.6914016090104598,4.178325020112631,0,-0.0198310637194482
2012-03-16,70.59382362955947,1.6914016090104598,3.99004835076428,1,0.0088085677923893
2012-03-19,70.67147744717028,1.7877132743362845,4.016536685438456,0,-0.0054551658814912
2012-03-20,71.35619870576402,0.27606999195494786,1.8892183427192275,1,0.0006348875656851
2012-03-21,71.38454548431956,0.27506999195494786,1.8627300080450522,0,-0.0342618731789286
2012-03-22,71.20284658847721,0.49406999195494794,2.2451066773934034,1,0.0028075957172115
2012-03-23,69.23388088894269,0.5008583266291233,4.022313354786807,0,-0.0159366303066943
2012-03-26,70.45192483837617,0.22184666130329855,2.648083346741754,0,-0.001042159293791
2012-03-27,70.8305256725411,0.4251816572807725,2.510995012067579,1,0.0099443824802299
2012-03-28,70.67005581354718,0.4251816572807725,2.655283346741754,1,0.0234299883844995
2012-03-29,72.84657411684745,0.6600049879324217,0.9330650040225259,1,0.034101061268893
2012-03-30,72.52629613982985,0.18193499597747387,0.7429766693483506,1,0.0051514223794558
2012-04-02,72.63340888313793,0.27824666130329856,0.7429766693483506,0,-0.0158262640089602
2012-04-03,71.94800557324398,0.18193499597747387,1.2629533386967013,0,-0.0216757998293975
2012-04-04,72.51927663927813,0.17562333065164926,0.7429766693483506,0,-0.018209465445909
2012-04-09,72.9461835800708,0.21868165728077238,0.40217666934835067,1,0.0080771042045195
2012-04-10,73.0903901436778,0.32185832662912317,0.37568833467417534,0,-0.006917992770868
2012-04-11,73.62942746347512,0.9966283185840712,0.5657766693483507,0,-0.0001243656159376
2012-04-12,74.02034718379579,1.1845283185840714,0.40217666934835067,1,0.0024322047091323
2012-04-13,74.04980610949306,1.1845283185840714,0.37568833467417534,1,0.0176165279874271
2012-04-16,71.90520088184587,-0.035776669348350776,1.083730008045052,1,0.020116981703725
2012-04-17,72.75219917143426,0.0442583266291231,0.40217666934835067,1,0.0002173800047312
2012-04-18,72.81389739068312,0.07324666130329849,0.37568833467417534,0,-0.0189328170116024
2012-04-19,72.97106972892816,0.2410583266291232,0.40217666934835067,0,-0.0207964823447703
2012-04-20,73.00052865462543,0.2410583266291232,0.37568833467417534,0,-0.0169357464653152
2012-04-23,71.67645816190806,0.08003499597747388,1.4052183427192273,0,-0.002233003160871
2012-04-24,72.9446525211899,0.5581049879324217,0.7429766693483506,0,-0.0061556384803677
2012-04-25,72.9446525211899,0.5581049879324217,0.7429766693483506,1,0.0088324665239345
2012-04-26,72.41296834608681,0.08003499597747388,0.7429766693483506,1,0.0096182710488182
2012-04-27,72.20156214800133,0.08003499597747388,0.9330650040225259,0,-0.0004239329478657
2012-04-30,72.05310347813817,0.08634666130329849,1.072865004022526,0,-0.0312168550719765
2012-05-02,72.20858164855305,0.08634666130329849,0.9330650040225259,0,-0.024148063748023
2012-05-03,72.33097715462323,0.006311665325824611,0.7429766693483506,0,-0.0369974521002809
2012-05-04,72.33097715462323,0.006311665325824611,0.7429766693483506,0,-0.0222736096809689
2012-05-07,72.73190619921954,-0.0004766693483507778,0.37568833467417534,0,-0.0294569332186236
2012-05-08,72.73190619921954,-0.0004766693483507778,0.37568833467417534,0,-0.014312072957556
2012-05-09,72.37802097871871,-0.006788334674175389,0.6875766693483507,0,-0.0135593925753304
2012-05-10,72.34856205302145,-0.006788334674175389,0.714065004022526,0,-0.0046223022198759
2012-05-11,72.16661478063322,-0.006788334674175389,0.877665004022526,0,-0.0144375486638681
2012-05-14,72.31632275946984,-0.035776669348350776,0.714065004022526,0,-0.0076907722090705
2012-05-15,72.55662438343775,0.18029332260659703,0.714065004022526,0,-0.0104431891981446
2012-05-16,72.40691640460113,0.20928165728077242,0.877665004022526,1,0.0004630225163108
2012-05-17,65.63730636834913,0.426598310539019,7.181955028157682,0,-0.0071194477423126
2012-05-18,68.18499451976746,0.34047497988736963,4.805048350764279,1,0.006104259822509
2012-05-22,65.8186901409225,1.162691633145616,7.754955028157683,1,0.0122485147335061
2012-05-23,63.86174305676272,0.5992216411906681,8.951096701528561,1,0.0305482298163966
2012-05-24,65.93625152004812,0.4911099758648434,6.977666693483508,1,0.0138629067705252
2012-05-25,66.40485843134114,0.4941749798873696,6.559378358809333,1,0.0061492522423599
2012-05-28,67.57742110999236,0.5525333065164928,5.563413354786805,0,-0.0123918073234649
2012-05-29,64.90644218747566,0.6809216411906681,8.093443362831858,0,-0.0302107050308881
2012-05-30,68.5922330980957,2.7495549477071597,6.847955028157683,0,-0.0209418913724304
2012-05-31,65.14543330306184,2.7495549477071597,9.947185036202734,0,-0.0124547589301667
2012-06-01,68.28446861061546,2.9529366049879324,7.328066693483508,1,0.0316124995571349
2012-06-04,67.51849395342462,2.691089943684634,7.754955028157683,1,0.0407217450723166
2012-06-05,71.08520361014055,2.334031617055511,4.190848350764279,1,0.0412981010142877
2012-06-06,71.80083137517221,2.334031617055511,3.547383346741753,1,0.0113420509090962
2012-06-07,70.30394619018762,2.299243282381336,4.858536685438454,1,0.0130344030501021
2012-06-08,72.90825560467916,2.3338199517296867,2.551418342719227,1,0.0104222812341932
2012-06-11,72.09268473228163,2.053866613032985,3.0047950120675777,1,0.0001286001871421
2012-06-12,71.20551198375898,2.2521199517296866,4.000760016090104,1,0.0045149004772816
2012-06-13,71.63678967176594,2.186531617055511,3.547383346741753,0,-0.0112315503702023
2012-06-14,69.96718803566957,2.186531617055511,5.04862502011263,1,0.0096667616306254
2012-06-15,73.04924436781911,1.8383032984714407,1.929130008045052,0,-0.0036063823250229
2012-06-18,73.83305229995405,2.3529849557522127,1.7390416733708767,1,0.0196990508598231
2012-06-19,73.90588496417907,2.4184732904263884,1.7390416733708767,1,0.0082342732009438
2012-06-20,65.36287292175946,1.8504916331456158,8.852608366854385,0,-0.0011528842921477
2012-06-21,64.10685286055764,1.8157032984714405,9.947185036202734,0,-0.0085944257259451
2012-06-22,69.139934070969,1.6189966210780375,5.2249250201126305,0,-0.0008067691279788
2012-06-25,65.50451412069648,1.668973290426388,8.543731697506033,1,0.0067226816449934
2012-06-26,68.09929799044538,1.8903616251005637,6.431990024135155,1,0.0304070658347765
2012-06-27,64.20421762969474,1.7649382944489145,9.808873370876912,1,0.0262382500752768
2012-06-28,67.38653586086471,1.7951499597747391,6.977666693483508,1,0.0265989946240866
2012-06-29,67.2818494414657,2.051419951729687,7.328066693483508,1,0.0044700942461897
2012-07-02,66.48730557629099,1.763884955752213,7.754955028157683,1,0.0091836321812764
2012-07-03,64.85387466941862,2.175396621078038,9.635185036202733,1,0.0054691835448182
2012-07-04,70.64901950115117,2.156143282381336,4.405160016090104,0,-0.0051807219498313
2012-07-05,72.85117650919048,1.9148966210780376,2.1838183427192277,1,0.0033824808664077
2012-07-06,73.21163637138632,1.7942316170555115,1.7390416733708767,0,-0.0020050367953126
2012-07-09,70.21426999934366,2.928874899436847,5.56880168946098,0,-0.007592516302667
2012-07-10,71.34190935971266,3.1218282381335487,4.7478250201126295,0,-0.0223416969224293
2012-07-11,69.7739449988123,2.9373515687851985,5.973201689460981,0,-0.0207651543384514
2012-07-12,70.87609024251798,3.0298815768302503,5.07472502011263,0,-0.0081319192666738
2012-07-13,73.10656065575128,2.9119049074818997,2.9511950120675783,0,-0.0020969888615639
2012-07-16,72.28461717128432,3.4121098954143214,4.190460016090104,1,0.0087069932588893
2012-07-17,69.41166678051336,3.0210932421560757,6.382690024135156,1,0.0023562347707971
2012-07-18,71.2786875078269,3.0210932421560757,4.703936685438455,0,-0.0190343700591438
2012-07-19,70.43889222754225,2.988569911504426,5.4265250201126305,0,-0.0220819123860854
2012-07-20,68.77086057100308,2.877581576830251,6.815366693483507,0,-0.0185177909130053
2012-07-23,67.8426625665091,2.831758246178601,7.604143362831857,0,-0.0147528251540995
2012-07-24,62.583991568833085,2.9535232502011275,12.454303378921962,0,-0.0055435928848503
2012-07-25,61.72685055099576,1.7559266291230902,12.027415044247787,1,0.0174990400440137
2012-07-26,64.99146024441029,2.131719951729687,9.46779670152856,1,0.0362189121114053
2012-07-27,66.81577452148112,2.010631617055512,7.706355028157683,1,0.0272057860950551
2012-07-30,67.62650384069009,1.658919951729687,6.625666693483507,1,0.0053608118755158
2012-07-31,67.4353980410633,1.9053732904263883,7.043955028157682,0,-0.0025467475731355
2012-08-01,66.44651572330679,2.158096621078038,8.185843362831857,1,0.0079920220505184
2012-08-02,71.25555860513717,2.1589316170555115,3.862571681415929,1,0.0206265092324246
2012-08-03,70.26442237759404,-0.043413354786805525,2.551418342719227,1,0.0231777433494742
2012-08-06,68.32678585409498,0.15514497184231757,4.492225020112629,1,0.0076187252685666
2012-08-07,67.87568599984753,0.11584497184231768,4.858536685438454,0,-0.0030589959201926
2012-08-08,70.86150823087527,0.09937497988736976,2.157330008045052,1,0.0018529095036355
2012-08-09,70.832049305178,0.09937497988736976,2.1838183427192277,1,0.0107257668725603
2012-08-10,70.30012230084381,-0.011313354786805618,2.551418342719227,1,0.0079657083202897
2012-08-13,68.13573937494726,-0.19610168946098094,4.312760016090103,1,0.0034346975208519
2012-08-14,68.38728111129069,-0.0617366854384549,4.220948350764279,1,0.0075268724584606
2012-08-16,70.94140486364311,0.7615799678197914,2.7476950120675783,1,0.0092615595476359
2012-08-17,70.4591315160655,0.8608266291230903,3.2805833467417536,1,0.0090988556297564
2012-08-21,63.137355276428885,0.2819799678197915,9.285196701528559,0,-0.006347347753696
2012-08-22,64.49162427716641,0.400333306516493,8.185843362831857,0,-0.0116324675768165
2012-08-23,64.02810729560785,0.436933306516493,8.639220032180209,0,-0.0238352332850435
2012-08-24,65.31639259747882,0.2841566371681423,7.328066693483508,0,-0.0133905334371191
2012-08-27,63.70833161899684,0.2875916331456162,8.777408366854385,0,-0.0172974738101673
2012-08-29,65.29024416608922,0.40493330651649284,7.472355028157683,0,-0.0064601730143433
2012-08-30,67.28202185558814,0.39320997586484363,5.669701689460981,0,-0.007753331156291
2012-08-31,65.8079282607652,0.7261266291230902,7.328066693483508,0,-0.0062570548085574
2012-09-03,71.52570469317995,1.3007599356395825,2.761495012067578,0,-0.0029259991425108
2012-09-04,69.50990462541951,1.414748270313758,4.688013354786804,1,0.0128297461621465
2012-09-05,71.7883493800672,1.3268432823813368,2.551418342719227,1,0.0260186645716004
2012-09-06,72.15192325425991,1.2861549477071614,2.1838183427192277,1,0.0285292767262271
2012-09-07,70.98298431425611,1.4604666130329855,3.409195012067578,1,0.0165044449594667
2012-09-10,70.99774992412368,1.1380432823813362,3.073495012067578,1,0.0133164911828618
2012-09-11,69.50250701273416,1.0328432823813363,4.312760016090103,1,0.0342221558116238
2012-09-12,72.5664668409057,1.2141199517296872,1.7390416733708767,1,0.0324274404818968
2012-09-13,70.23424793776223,1.2141199517296872,3.8360833467417534,1,0.0298516103488219
2012-09-14,70.2675345106617,1.1556499597747396,3.7476833467417534,0,-0.0042041402574296
2012-09-17,63.38488773574728,0.3087633145615447,9.089408366854384,1,0.0143616171454627
2012-09-18,63.19942051318181,0.14199831053901868,9.089408366854384,1,0.0123430422412365
2012-09-20,67.26783271909422,0.38045164923572017,5.669701689460981,1,0.0213133115052812
2012-09-21,64.35506003440507,0.27753998390989554,8.185843362831857,0,-0.0048790895233721
2012-09-24,62.89977469983624,0.19632164119066808,9.413161705551085,0,-0.0035515228467453
2012-09-25,67.56900216507668,0.23296331456154484,5.251413354786806,1,0.0051682427031724
2012-09-26,65.2302938878348,0.3510283185840709,7.472355028157683,1,0.0097257460161764
2012-09-27,64.0934496533069,0.49568664521319405,8.639220032180209,1,0.0143666113554739
2012-09-28,67.4935003477115,0.5568749798873696,5.6432133547868055,1,0.0146727431972358
2012-10-01,68.40447304506732,0.19308664521319419,4.4603133547868055,1,0.0049102861234813
2012-10-03,69.44426575479785,0.4264866452131941,3.758771681415928,0,-0.0096868977248417
2012-10-04,69.87649248099729,0.4210399839098955,3.364683346741753,0,-0.0144448309599919
2012-10-05,68.4546642545212,0.3944516492357202,4.61654835076428,0,-0.0166332755481012
2012-10-08,68.6684319087219,0.25096331456154475,4.280848350764279,1,0.0056306999140274
2012-10-09,68.1425957665497,0.27922831858407093,4.78192502011263,0,-0.0050172986413636
2012-10-10,69.31918257471395,0.31401665325824624,3.758771681415928,1,0.0061908235187653
2012-10-11,67.89044606240031,0.31401665325824624,5.043436685438456,0,-0.0105759590208828
2012-10-12,67.89143402126909,0.2265049879324217,4.955036685438456,0,-0.0027875074284835
2012-10-15,68.43528694713741,0.04132831858407093,4.280848350764279,1,0.0055146795670561
2012-10-16,65.52808797171573,-0.025218342719227516,6.828343362831859,1,0.0063976921871701
2012-10-17,63.46264722075748,-0.031018342719227432,8.679708366854383,1,0.0100023686238554
2012-10-18,61.908199160751224,-0.09255333869670146,10.015873370876909,0,-0.0047852432659115
2012-10-19,62.7508211558105,0.04242333065164938,9.393196701528558,1,0.0036963750047199
2012-10-22,61.94154317520058,-0.12400667739340288,9.954438374899436,0,-0.0090576270993035
2012-10-23,65.59031631741793,0.030734995977473978,6.828343362831859,0,-0.0165647361571417
2012-10-25,58.023055830238356,-0.038153338696701455,13.563645052292836,0,-0.0151172856849542
2012-10-29,63.40251898106581,-0.13160667739340293,8.633185036202734,0,-0.0036337474171778
2012-10-30,65.91887053020469,0.02128165728077247,6.523466693483508,1,0.0176710572259833
2012-10-31,68.18212333700168,-0.005806677393402904,4.46134835076428,1,0.0149244639130259
2012-11-01,66.01951984653192,0.12040498793242171,6.532090024135157,1,0.0139586854962591
2012-11-02,68.87889649485889,0.16761665325824648,4.008260016090104,1,0.0108922510312049
2012-11-05,65.05479706886864,-0.07908334674175355,7.200043362831859,1,0.0060386709703919
2012-11-06,66.65174954949205,0.20068165728077247,6.043890024135157,0,-0.0066867605525067
2012-11-07,67.06625976277631,0.1709049879324217,5.641401689460981,0,-0.0133524065588363
2012-11-08,65.35898971193657,-0.01354167337087675,6.992066693483508,0,-0.0189543703088133
2012-11-09,66.73570368513444,-0.060318342719227425,5.707401689460982,0,-0.0199290806636791
2012-11-12,67.3681094706026,0.0593399839098957,5.25842502011263,0,-0.0199560602533168
2012-11-15,65.12227845325455,0.14609332260659724,7.364543362831859,0,-0.0106137545638582
2012-11-16,61.18861213400041,0.5514633145615451,11.306915044247786,1,0.0072840694396362
2012-11-19,71.57619429448562,6.366106596942884,7.781443362831858,1,0.0100633486560802
2012-11-20,71.74176705677276,6.514983266291234,7.781443362831858,1,0.0098320603796538
2012-11-21,74.77294449138063,6.683983266291235,5.2249250201126305,1,0.0037508821207908
2012-11-22,70.97301757904239,6.681529927594534,8.639220032180209,1,0.0175606879829636
2012-11-23,73.27180720013988,6.3301832662912325,6.220890024135157,1,0.0346536473634872
2012-11-26,71.82636808089744,6.591053258246183,7.781443362831858,1,0.0423744005822384
2012-11-27,74.9153512197581,6.8385182622687095,5.251413354786806,1,0.0247460551139615
2012-11-29,76.61603365534405,6.952376588897832,3.8360833467417534,1,0.0109696556388144
2012-11-30,70.24116364984377,1.27012662912309,3.8858716814159284,1,0.0035058417026032
2012-12-03,71.3445582025229,1.3546916331456158,2.9783066773934026,1,0.0101595115422449
2012-12-04,71.1709520336977,1.3886799678197912,3.168395012067578,1,0.0030771472107098
2012-12-05,72.38415442994264,1.3886799678197912,2.077530008045052,1,0.0014225957993878
2012-12-06,69.75163727765651,0.623263314561545,3.6791716814159288,0,-0.005427031756657
2012-12-07,68.81212131943435,0.5993633145615451,4.5000483507642794,0,-0.0032894208747135
2012-12-10,67.35731421708377,0.5410983105390189,5.749890024135157,0,-0.0097616502503702
2012-12-11,69.8217284947035,0.5994866452131943,3.592371681415929,0,-0.0032602080089531
2012-12-12,66.71929580167182,0.22112831858407106,6.0036016894609805,0,-0.0051252038393235
2012-12-13,68.24754353605339,0.3828166532582465,4.79114835076428,1,0.0077117922602582
2012-12-14,61.98450354930396,0.17357497988736964,10.213391713596138,1,0.008468024723208
2012-12-17,59.308540364452234,-0.1707066773934029,12.275233386967015,1,0.0099369782278262
2012-12-18,63.59355991289873,-0.047641673370876825,8.545373370876913,0,-0.0083614093509368
2012-12-19,59.960488445182634,-0.23573000804505212,11.624003378921962,0,-0.0125326726180214
2012-12-20,62.730114819171426,0.057658326629123124,9.427050040225263,0,-0.0018271025214806
2012-12-21,59.98324111466795,0.06450498793242182,11.903780048270313,1,0.0038232479280206
2012-12-24,59.00880373619523,-0.2349300080450522,12.480521721641193,1,0.0089425201296918
2012-12-26,61.48744052367044,-0.10181834271922757,10.384938374899436,0,-8.46689866474755e-05
2012-12-27,60.337801049697795,-0.04665333869670146,11.473815044247786,1,0.0207621664705191
2012-12-28,57.62601187439414,-0.23274167337087676,13.726063395012066,1,0.0169749457901325
2012-12-31,68.53818650486568,0.015351649235720355,4.1623483507642804,1,0.0186311355403924
2013-01-02,64.25293155343203,0.02493998390989577,8.02507337087691,0,-0.0008095713470003
2013-01-03,64.85139833020366,0.05202831858407114,7.514043362831858,0,-0.0012987879806268
2013-01-04,63.87705176664237,-0.02802502011263025,8.310085036202736,0,-0.0074493677209976
2013-01-07,65.98863365042395,0.11080997586484354,6.550266693483507,0,-0.0033034934136913
2013-01-08,70.20687247613114,0.15432831858407114,2.800906677393403,0,-0.008433079342478
2013-01-09,69.81800651490067,0.19625164923572047,3.1924833467417537,1,0.0087616384696042
2013-01-10,65.6779720330604,0.1512749798873697,6.8700666934835075,1,0.0146278153448873
2013-01-11,68.01911406045534,0.09759831053901902,4.71132502011263,1,0.0084580719488332
2013-01-14,61.10991103704173,-0.05199002413515652,10.77422670957361,1,0.0025117622473292
2013-01-15,61.634609084954626,0.2290099758648435,10.583438374899435,1,0.001287022700549
2013-01-16,64.651080230174,0.1487866452131943,7.7909200321802095,1,0.0133151588819015
2013-01-17,59.760752365841405,0.26685164923572036,12.306180048270312,1,0.0015387545744878
2013-01-18,60.39293017456643,-0.08429501206757828,11.386603378921961,0,-0.0016668458396469
2013-01-21,62.19436759387901,0.05195832662912314,9.903073370876909,0,-0.0104036338490832
2013-01-22,61.93611405400882,0.12073499597747384,10.204061705551084,1,0.0043140669804195
2013-01-23,60.860019000537335,-0.06291834271922758,10.98799171359614,1,0.0033803034883354
2013-01-24,59.003131785772375,0.4022816572807725,13.122833386967013,1,0.0050624629112726
2013-01-25,63.224208420883784,0.3964166532582465,9.321538374899436,0,-0.0031161404889812
2013-01-28,63.34522300346358,0.7156749798873693,9.531985036202736,0,-0.0066146382032354
2013-01-29,63.32154169558856,-0.1336066773934027,8.70399670152856,0,-0.0084656238934141
2013-01-30,65.13188183934982,-0.7999483507642795,6.409866693483507,0,-0.0113760256973232
2013-01-31,61.92929658308268,-0.09000667739340273,9.999450040225263,0,-0.0129842171384036
2013-02-01,63.36715270195856,-0.08180667739340275,8.714785036202734,0,-0.0066398752071822
2013-02-04,62.06626676402441,-0.10876001609010422,9.857538374899438,0,-0.0081251154481772
2013-02-05,62.578443896156,-0.1278066773934028,9.377961705551085,0,-0.0090048161673114
2013-02-06,64.14986888675453,0.013081657280772596,8.105885036202732,0,-0.0103483661602017
2013-02-07,59.93690349953381,-0.09987168141592873,11.781068382944495,0,-0.0027484357129001
2013-02-08,61.3559773052731,-0.13504835076427946,10.469915044247792,1,0.0049761644362238
2013-02-11,58.14423906908219,-0.232471681415929,13.260363395012073,0,-0.0001526096248766
2013-02-12,55.78229989013677,-0.2359600160901043,15.38064006436042,0,-0.0059441829905207
2013-02-13,52.78069259594035,-0.12958334674175354,18.185946741753824,0,-0.0058743401831588
2013-02-14,51.41084798790371,-0.050141673370876716,19.497100080450526,1,0.0072233589537744
2013-02-15,54.23744224266699,0.11451665325824667,17.120193403057122,1,0.0094079955481461
2013-02-18,53.34839181756217,-0.1256066773934028,17.679470072405472,0,-0.0078210169352491
2013-02-19,56.760694651399426,0.23547497988736987,14.972340064360425,0,-0.0151656850684577
2013-02-20,55.8860428186581,0.13958664521319453,15.66290506838295,0,-0.0149691720186066
2013-02-21,51.83187352240394,0.30882831858407134,19.477500080450525,0,-0.0156543804365728
2013-02-22,54.27331824842479,0.24745164923572072,17.220870072405475,0,-0.0091696500732404
2013-02-25,58.492405992239846,0.445409975864844,13.625186725663722,0,-0.0280071649438296
2013-02-26,60.47663405473372,-0.3367316975060329,11.058903378921968,0,-0.0072554657824324
2013-02-27,60.52256573168747,0.3434333065164932,11.697768382944494,0,-0.0171203095932744
2013-02-28,61.50132751045418,0.40262164119066846,10.876891713596144,1,0.0158925739596616
2013-03-01,60.50489556569263,0.3275449718423178,11.697768382944494,1,0.0171433265145794
2013-03-04,61.815012324903186,0.4067099758648438,10.598926709573616,1,0.0285096027032212
2013-03-05,65.67509897136543,0.5997566371681424,7.321131697506032,1,0.0275295626106201
2013-03-06,61.77692499842068,0.16456331456154516,10.391026709573618,1,0.0210449950536559
2013-03-07,62.729217675214045,0.22643998390989584,9.59663837489944,1,0.0086267452998769
2013-03-08,62.7492956442444,0.12991665325824653,9.482061705551088,0,-0.0160215008032949
2013-03-11,62.439392130077294,0.14785164923572036,9.778650040225264,0,-0.0056365273729768
2013-03-12,55.17841696573217,0.12092831858407116,16.280516733708772,0,-0.0070418643880283
2013-03-13,55.59002262288916,0.0376516492357204,15.827140064360423,0,-0.0027296586908202
2013-03-14,53.74459052368409,0.08743998390989571,17.536270072405475,0,-0.0279728918453928
2013-03-15,58.90923319364821,0.16145164923572042,12.966433386967019,0,-0.0308142301549317
2013-03-18,58.362188414430385,0.07994666130329853,13.37681005631537,0,-0.0307140899541281
2013-03-19,58.327044564751475,0.048346661303298566,13.37681005631537,0,-0.0166008041434068
2013-03-20,56.4543444607711,-0.006818342719227544,15.005505068382949,0,-0.0106901907421946
2013-03-21,55.894895527800905,0.07914666130329862,15.594505068382947,0,-0.0030353065466171
2013-03-22,62.04362530925328,0.0873466613032986,10.074003378921967,1,0.0055056209796808
2013-03-25,61.560723594066936,0.07550498793242183,10.496368382944496,1,0.0124447618488783
2013-03-26,59.824589611777114,0.11218165728077262,12.094110056315374,1,0.0187016521996341
2013-03-28,60.55300706893875,-0.004206677393402858,11.32275671761867,0,-0.0016996248185701
2013-04-01,65.44039145646775,0.20329332260659716,7.135708366854381,0,-0.0229903335890993
2013-04-02,60.94628824537461,-0.06138334674175355,10.91195671761867,0,-0.0344860234654534
2013-04-03,62.528167419105486,-0.05637168141592902,9.494603378921965,0,-0.0231736008204961
2013-04-04,61.63059980792958,0.09296999195494782,10.451003378921968,0,-0.0143906872392315
2013-04-05,63.153188565447074,0.0663816572807725,9.055361705551087,1,0.0009809260187467
2013-04-08,63.16268073682817,-0.034571681415929034,8.94587337087691,1,0.0091677447688568
2013-04-09,62.191160888041516,0.06659332260659712,9.920591713596139,1,0.0060687889517749
2013-04-10,69.330748904988,0.0010049879324217637,3.435360016090104,1,0.0017434915579335
2013-04-11,67.95918785038924,1.5554566371681413,6.2230666934835055,1,0.0168311020592777
2013-04-12,64.97189388095971,1.41080329847144,8.764473370876912,1,0.0285561760290876
2013-04-15,74.62510667340938,10.005436524537417,8.679308366854384,1,0.0378321115572433
2013-04-16,76.07736881089275,9.726589863234118,7.094643362831859,1,0.0252457358488403
2013-04-17,74.40660313341954,9.792178197908294,8.66252003218021,1,0.0257180829534896
2013-04-18,74.65669907847871,9.96726653258247,8.612731697506034,1,0.0227713824124775
2013-04-22,73.99984457676588,9.760801528559945,8.996885036202736,1,0.0063301893873659
2013-04-23,74.21494313915107,7.797679887369276,6.840355028157684,1,0.0114471908376109
2013-04-25,78.76455170831727,10.717859855189065,5.669701689460981,1,0.0023466857517181
2013-04-26,81.55617264859491,10.501271520514893,2.942995012067578,1,0.0215495079509901
2013-04-29,70.21398824943623,3.7636865647626703,6.403866693483507,1,0.0067352825913505
2013-04-30,70.86407162714323,3.9566399034593718,6.012290024135157,1,0.0068648520828136
2013-05-02,71.12171719920745,3.980328238133547,5.804313354786806,1,0.0073404576084431
2013-05-03,72.08771523296174,3.929339903459372,4.884736685438455,1,0.0208609697538827
2013-05-06,71.48464973223267,3.3400515687851966,4.837701689460981,1,0.013160273787301
2013-05-07,72.13120018620364,3.429939903459372,4.346236685438455,1,0.0084361572300846
2013-05-08,71.36293636693549,2.8860699115044244,4.493160016090104,0,-0.0147474612018821
2013-05-09,69.9735568898806,2.947946580852775,5.804313354786806,0,-0.0090905566016257
2013-05-10,65.32550656725347,2.8935582461786,9.92927337087691,1,0.0084957419873973
2013-05-13,65.79796707286624,2.478511584875301,9.089408366854384,1,0.031186814363066
2013-05-14,66.04966637084416,2.704829927594529,9.089408366854384,1,0.0315062956178755
2013-05-15,65.9649634371785,0.09863829444891448,6.559378358809333,1,0.0016499172688673
2013-05-16,66.98387372776192,0.09863829444891448,5.6432133547868055,0,-0.0090850510911566
2013-05-17,65.08049876247235,0.07204995977473916,7.328066693483508,0,-0.0151120790263245
2013-05-20,64.1760803070088,0.024208286403862522,8.093443362831858,0,-0.0313207361960527
2013-05-21,65.9649634371785,0.09863829444891448,6.559378358809333,0,-0.0215835419296531
2013-05-22,63.63143590458248,0.10356162510056377,8.66252003218021,0,-0.0018640711937927
2013-05-23,62.26522988768123,0.17177497988736967,9.959173370876908,1,0.0238786669857364
2013-05-24,66.09191319921503,0.1982866452131944,6.544878358809333,1,0.0199794035643196
2013-05-27,69.17245511442806,0.4240732904263885,4.000760016090104,1,0.0067009884404476
2013-05-28,68.16478493622016,0.009479967819791657,4.492225020112629,0,-0.0207162783383504
2013-05-29,68.97265604622214,0.11503330651649313,3.871371681415928,0,-0.0274021595616074
2013-05-30,65.59539882090839,0.012128318584071263,6.805166693483508,0,-0.0339801031858745
2013-05-31,67.91147861693791,-0.028871681415928663,4.681636685438455,0,-0.0104284812166275
2013-06-03,65.17677921051447,-0.22609002413515622,6.943355028157683,0,-0.0030183738885475
2013-06-04,65.3065278612789,-0.10942502011263011,6.943355028157683,0,-0.0065167236967154
2013-06-05,68.58588464368744,0.06995164923572061,4.174060016090103,0,-0.0077700073590146
2013-06-06,68.98515844112991,0.0613633145615452,3.806460016090104,0,-0.0226478912050403
2013-06-07,66.93257967633949,-0.09668334674175327,5.494013354786806,0,-0.0207546191505992
2013-06-10,62.147401611136154,-0.19418334674175342,9.699161705551083,0,-0.0309083003597494
2013-06-11,59.54175762007454,-0.20423668543845486,12.032003378921958,1,0.0033801294556062
2013-06-12,63.85643812384391,0.5940633145615453,8.950708366854384,1,0.015478011888567
2013-06-13,65.76023200087265,0.6210283185840714,7.265855028157682,1,0.019891732683313
2013-06-14,63.85685703558306,0.594439983909896,8.950708366854384,1,0.0023816392973169
2013-06-17,60.6022362666414,-0.1238833467417535,11.158815044247785,0,-0.0337509601172766
2013-06-18,57.35174341568295,-0.12259501206757806,14.082821721641187,0,-0.0254254305749049
2013-06-19,60.97465542373291,-0.050495012067578116,10.89733837489943,0,-0.0406627760856442
2013-06-20,58.39544161396834,-0.028306677393402757,13.23865671761866,0,-0.0083089692413087
2013-06-21,61.49313842121086,-0.13297168141592874,10.348661705551082,0,-0.0140278677637487
2013-06-24,68.39352765615799,0.21515663716814226,4.492225020112629,1,0.0163408706776604
2013-06-25,70.290793238412,0.4336749798873697,3.0047950120675777,1,0.0407171593734273
2013-06-26,71.72862341017033,0.46076331456154507,1.7390416733708767,1,0.0540107146773541
2013-06-27,69.35073418017774,0.4461866452131943,3.862571681415929,1,0.030366547864477
2013-06-28,69.84159700786428,0.43417497988736975,3.409195012067578,0,-0.0122793906713384
2013-07-01,70.49207147126369,0.37135663716814227,2.761495012067578,0,-0.0105490165182252
2013-07-02,70.25835746254958,0.4045099758648437,3.0047950120675777,1,0.0017653911258112
2013-07-03,70.9972550499611,0.6155216411906684,2.551418342719227,1,0.0070192691360568
2013-07-04,71.23725085583322,0.4372283185840711,2.157330008045052,1,0.0037705404218872
2013-07-05,71.35914218256764,0.546828318584071,2.157330008045052,0,-0.008763727931135
2013-07-08,70.19768057553102,0.4186516492357203,3.073495012067578,1,0.0210365604240014
2013-07-09,64.66829256375338,0.9860749798873698,8.612731697506034,1,0.0252794047891393
2013-07-10,68.15378210576095,1.020863314561545,5.5135016894609805,1,0.0361465812996944
2013-07-11,64.4118573799863,0.9526866452131942,8.809920032180209,1,0.0033893063348431
2013-07-12,67.59051849914731,0.9825983105390191,5.98170168946098,0,-0.0059588068458292
2013-07-15,63.53550583210005,0.44419332260659705,9.089408366854384,1,0.0012014402154453
2013-07-16,60.85678080026753,0.4722049879324217,11.52602670957361,1,0.0123411485000457
2013-07-17,61.888454835863385,0.4721699919549478,10.59835004022526,1,0.0097459351513307
2013-07-18,62.077467955723634,-0.06805333869670138,9.88817337087691,1,0.0065616762540897
2013-07-19,62.99737120357488,-0.09217666934835067,9.036908366854384,0,-0.0064394508564203
2013-07-22,65.92041456264435,-0.2534183427192275,6.247378358809332,0,-0.0208227435783664
2013-07-23,68.85068133082031,-0.003441673370876752,3.862571681415929,0,-0.0320321602250901
2013-07-24,70.27018702185752,-0.038230008045052055,2.551418342719227,0,-0.026874901909776
2013-07-25,68.81545221354479,-0.035118342719227535,3.862571681415929,0,-0.0261449998455145
2013-07-26,69.28664301038134,-0.06481834271922737,3.409195012067578,0,-0.0248030464681994
2013-07-29,69.4527514464366,-0.05458334674175358,3.2700716814159287,0,-0.0179597370234235
2013-07-30,69.70704760351683,0.10089332260659711,3.1968950120675776,0,-0.0134962841728753
2013-07-31,69.30121213793811,0.10358165728077251,3.564495012067578,0,-0.0099060963734986
2013-08-01,67.20314655505064,0.0008349959774739402,5.348248350764279,0,-0.0329396866726917
2013-08-02,67.5367054299752,-0.12613000804505203,4.921360016090103,0,-0.0283666425428256
2013-08-05,69.70280847081945,-0.026318342719227505,3.073495012067578,0,-0.0212877059810661
2013-08-06,69.44039363960454,0.5003166532582466,3.8360833467417534,1,0.0125778800457782
2013-08-07,67.40667502930334,0.4788049879324219,5.6432133547868055,1,0.0321285567638511
2013-08-08,63.60475922566875,0.5654633145615453,9.148408366854383,1,0.0312460475937292
2013-08-12,62.30067588707031,-0.0715416733708768,9.683985036202735,0,-0.0188040881575916
2013-08-13,63.13831916710932,0.08715832662912315,9.089508366854384,0,-0.0512166489460929
2013-08-14,63.633100456909496,0.07866999195494784,8.636131697506032,0,-0.0611923908939346
2013-08-16,67.37967025356188,0.03623499597747393,5.2249250201126305,0,-0.037986510453489
2013-08-19,64.5880678341578,0.18383998390989587,7.882631697506033,0,-0.0011641659973987
2013-08-20,64.76016334390489,0.3385816572807727,7.882631697506033,1,0.0129310560979553
2013-08-21,71.6409009478048,0.4830749798873697,1.840230008045052,1,0.0322783738550412
2013-08-22,69.24698382541243,0.4540866452131943,3.963760016090104,0,-0.0226264572751594
2013-08-23,69.56786422292119,0.4274216411906683,3.6485716814159286,0,-0.0347258728198564
2013-08-26,70.5385592217883,0.7576449718423174,3.1059833467417537,0,-0.0123927340822605
2013-08-27,70.60648546503091,0.8187216411906681,3.1059833467417537,1,0.03427154188178
2013-08-28,71.04408199194302,0.7801149637972654,2.673906677393403,1,0.0490604344413474
2013-08-29,68.71485291252345,0.7828032984714408,4.77094835076428,0,-0.0125763250058894
2013-08-30,69.98617425736093,0.6642499597747394,3.5092716814159286,0,-0.0043407059061713
2013-09-02,70.65179432169073,1.177361625100564,3.4238833467417535,1,0.0075738222898314
2013-09-03,72.44786006136141,1.208661625100564,1.840230008045052,1,0.0615245010952065
2013-09-04,70.77411753372306,0.8545616251005643,2.991095012067578,1,0.0791344276433288
2013-09-05,69.44255673447974,0.941938294448915,4.2757600160901035,1,0.0556718082971418
2013-09-06,65.19688124773316,1.0890616251005647,8.240431697506033,1,0.0295396594162405
2013-09-10,64.44618935330445,0.5289566371681426,8.35532003218021,0,-0.0078571315948564
2013-09-11,67.00505829661923,0.2732749798873698,5.798801689460981,0,-0.0123537138626713
2013-09-12,63.31026266253671,0.33886331456154517,9.186608366854385,0,-8.546351140588883e-05
2013-09-13,63.56588596994304,0.2800099758648438,8.897908366854384,1,0.0083149061404135
2013-09-16,66.30823136559772,0.3089566371681425,6.461043362831857,1,0.0460097373703732
2013-09-17,64.33314330946885,0.42730997586484387,8.35532003218021,1,0.027298256458706
2013-09-18,63.907747027754326,0.3774099758648439,8.687920032180209,0,-0.0016455742864481
2013-09-19,65.69258008129347,0.3238983105390192,7.029555028157682,0,-0.0371628374288247
2013-09-20,69.10301266479253,0.4821333065164931,4.121260016090104,0,-0.0232638089633804
2013-09-23,69.2280717766881,0.05199332260659706,3.578671681415929,0,-0.0012742101622081
2013-09-24,70.02382048284515,0.0008349959774739402,2.812006677393403,0,-0.0101061355721259
2013-09-25,70.75972636760353,1.0022216411906681,3.151695012067578,0,-0.023870236600796
2013-09-26,71.12506670366426,0.9366333065164928,2.757606677393403,0,-0.0175270086128467
2013-09-27,69.76878286451281,0.9465683024939667,3.987060016090104,1,0.0130293338510095
2013-09-30,70.94476725218587,1.4407916331456159,3.4238833467417535,1,0.029548814649012
2013-10-01,72.30698993917962,2.220073290426388,2.9783066773934026,1,0.0215818477337481
2013-10-03,69.80270335233581,1.3603683024939666,4.370360016090103,1,0.0031592933923402
2013-10-04,69.31086553933925,1.0833916331456155,4.53562502011263,1,0.0168114914270826
2013-10-07,67.35618721745405,0.6303732904263887,5.840178358809331,1,0.0192508732797863
2013-10-08,65.52801379874869,0.9013266291230903,7.754955028157683,1,0.0279112641444886
2013-10-09,65.16745569539744,0.8974916331456164,8.07532003218021,1,0.017368208437929
2013-10-10,64.72870067442328,1.0403916331456164,8.612731697506034,1,0.0112470219422732
2013-10-11,66.65159010892836,0.7691149637972656,6.612466693483508,0,-0.0082935399872108
2013-10-14,67.85739301355875,0.8838499597747397,5.642990024135155,1,0.0124614990031171
2013-10-15,67.47465128785184,0.9341032984714409,6.037390024135156,1,0.0188552844846674
2013-10-17,63.49808946228816,1.1521149637972656,9.830973370876908,1,0.0256287167499563
2013-10-18,66.71301955182858,0.8243499597747397,6.612466693483508,0,-0.0017788275751419
2013-10-21,71.34306051700354,0.5321449718423171,2.1571066773934024,0,-0.0065646634496679
2013-10-22,68.97869501414905,0.3294516492357202,4.080360016090103,0,-0.0093783335152744
2013-10-23,69.38051377645877,0.2638633145615448,3.6534716814159283,0,-0.0125821627390819
2013-10-24,69.2886763696688,0.23748664521319413,3.7096716814159287,1,0.0091318936608968
2013-10-25,68.25355467793356,0.24939831053901879,4.65232502011263,1,0.0172309572704341
2013-10-28,70.59145850505868,0.6775333065164928,2.9783066773934026,1,0.0319456208689563
2013-10-29,70.19308739888838,0.6578216411906682,3.316795012067578,1,0.0137772471586582
2013-10-30,70.04294753475384,0.6988983105390189,3.492871681415928,1,0.000231910019952
2013-10-31,64.48124238807193,0.42267497988736946,8.217520032180209,0,-0.013424843831654
2013-11-01,66.81127591760828,0.3663099758648434,6.0660783588093325,0,-0.0192011149381245
2013-11-05,60.48070453116705,0.3133399839098957,11.705315044247788,0,-0.0181384522464678
2013-11-06,63.81570759133878,0.37623998390989566,8.769508366854383,0,-0.0221825517509916
2013-11-07,59.93690349953382,0.4050399839098958,12.285980048270313,0,-0.0277274364566915
2013-11-08,60.297834167703904,0.30146331456154507,11.85786838294449,0,-0.0249222526021623
2013-11-11,62.38090616398069,0.2650749798873696,9.948461705551084,0,-0.0037330234246012
2013-11-12,65.79227481211343,0.41083998390989573,7.026855028157684,1,0.0280102361757766
2013-11-13,60.383267467992084,0.19183998390989576,11.67142670957361,1,0.0350648367756679
2013-11-14,62.43746255926003,0.3805283185840711,10.013061705551085,1,0.0109615558462737
2013-11-18,69.64849489069714,0.836121641190668,3.984771681415929,0,-0.0311723993985482
2013-11-19,68.86310955276102,0.8701099758648434,4.724948350764279,0,-0.0340886204954544
2013-11-20,68.83795462755499,0.8804799678197912,4.757936685438455,0,-0.0012338366936143
2013-11-21,68.7421931218638,2.9362932421560752,6.899855028157683,1,0.0099601508416392
2013-11-22,68.78197461617647,2.847828238133549,6.77562003218021,1,0.0102302894713174
2013-11-25,70.98717334217478,3.325039903459375,5.270001689460981,0,-0.0038501915312727
2013-11-26,72.97072114282484,3.3911282381335504,3.5525600160901036,1,0.0191257301009199
2013-11-27,73.70140924119026,3.1750815768302516,2.6795066773934026,1,0.0261930501473327
2013-11-28,69.75269744109033,2.717558246178602,5.772513354786806,1,0.0178958223651457
2013-11-29,70.51165259772944,2.663881576830251,5.036413354786807,0,-0.0024560178673879
2013-12-02,71.46133544186169,2.9483465808527773,4.466960016090104,1,0.0037322610635612
2013-12-03,64.01189768391242,2.543988254223654,10.76085004022526,1,0.0093165759042757
2013-12-04,65.56150419073012,2.4311349155269526,9.254650040225261,1,0.03241041053043
2013-12-05,65.67404793415915,2.18755325824618,8.90987337087691,1,0.0145939228998956
2013-12-06,64.27940244486177,1.9529415929203555,9.92927337087691,1,0.0076386055463886
2013-12-09,66.92181215939458,1.82545325824618,7.425831697506035,0,-0.0201340827777417
2013-12-10,61.656801923010676,1.9717065969428815,12.306180048270312,0,-0.0263108867952948
2013-12-11,65.8360358784752,1.8884299275945309,8.46509670152856,0,-0.0245867985024546
2013-12-12,61.62254779104516,1.9409065969428818,12.306180048270312,0,-0.0158373071253781
2013-12-13,67.57984367604301,2.390641592920356,7.39934336283186,1,0.0078721173874083
2013-12-16,64.73886934978978,2.3398765888978295,9.903073370876909,1,0.0019397231223603
2013-12-17,64.32821827814006,2.8284115848753038,10.76085004022526,1,0.0217839489010264
2013-12-18,69.19128556394132,2.400023250201128,5.959778358809333,1,0.0107746819939825
2013-12-19,68.19214554536327,2.392323250201128,6.850466693483507,1,0.0163653979571095
2013-12-20,69.66093796512584,0.9026099758648438,4.040071681415928,1,0.000740849940084
2013-12-23,68.54894095877899,0.7896099758648438,4.926936685438455,1,0.0046514296099292
2013-12-24,66.89468695323858,0.15994497184231776,5.784713354786806,1,0.0036147975186834
2013-12-26,65.91909850694782,0.5442749798873697,7.046255028157683,1,0.00398954665331
2013-12-27,70.59879867619415,0.9598216411906685,3.2539950120675782,0,-0.0147829368713693
2013-12-30,70.46852732522039,0.38959831053901894,2.800906677393403,0,-0.0127898721996944
2013-12-31,70.20468710252398,0.5706516492357204,3.219195012067578,0,-0.0180150445026685
2014-01-02,64.11911985247828,0.7894216411906684,8.90987337087691,0,-0.0095128065267266
2014-01-03,62.6844111189608,0.5187866452131943,9.92927337087691,0,-0.0059019608979487
2014-01-06,61.29565258327063,0.35919831053901896,11.018403378921962,0,-0.0037379289141102
2014-01-07,64.7186654030301,1.3285099758648433,8.90987337087691,1,0.0014918478163569
2014-01-08,60.16596501112619,0.9007449718423172,12.575721721641191,1,0.0157707518927667
2014-01-09,62.24760418967749,1.4371799678197914,11.24042670957361,1,0.0118452336616731
2014-01-10,63.14812270390098,1.3273149637972654,10.32085004022526,1,0.0239277846724733
2014-01-13,62.47091778842355,0.7258866452131943,10.328338374899436,1,0.0073302873965544
2014-01-14,59.47283044440438,0.8629399839098958,13.161156717618661,1,0.0031671158556441
2014-01-15,63.29564164074485,0.00266999195494777,8.863561705551087,0,-0.0026851820313761
2014-01-16,64.33448531228294,0.5932933226065972,8.52009670152856,0,-0.0008074283846009
2014-01-17,67.09936837423855,0.5404516492357204,5.9811783588093315,1,0.0122694109353598
2014-01-20,67.36369980271198,0.4523516492357204,5.65540168946098,1,0.0065931177357963
2014-01-21,67.66379047491424,0.09519332260659708,5.028413354786807,0,-0.0074798350409661
2014-01-22,66.60051848693426,0.0681049879324217,5.957378358809333,0,-0.0325645217184172
2014-01-23,65.52576543627686,-0.005183346741753581,6.850466693483507,0,-0.0351867215462187
2014-01-24,68.93183469880559,0.07041665325824631,3.8634600160901043,0,-0.0236549335886062
2014-01-27,67.08133306966884,0.08758165728077238,5.544525020112629,0,-0.0101806433155002
2014-01-28,67.96306927075577,0.1004049879324217,4.764525020112631,0,-0.006016840696592
2014-01-29,66.61098564362537,0.07062831858407093,5.950490024135156,0,-0.0195435211260591
2014-01-30,65.59890579752685,0.0919933226065971,6.881878358809331,0,-0.0120585165783793
2014-01-31,63.236403118766574,-0.04567168141592903,8.868485036202737,0,-0.0110801255761594
2014-02-03,59.095714322200024,0.2802399839098956,12.917545052292839,1,0.0057318172227209
2014-02-04,59.2029253066635,0.8428399839098958,13.38374505229284,1,0.0103282555365025
2014-02-05,62.845657602024744,1.1423382944489142,10.407838374899434,1,0.0051425064781978
2014-02-06,61.947697026227246,1.2545032984714402,11.327415044247784,1,0.0043640039504015
2014-02-07,61.966032601577936,1.3962432823813358,11.452668382944491,1,0.0034246608813641
2014-02-10,64.57734299574763,1.3287149637972653,9.03715004022526,0,-0.0086855716891799
2014-02-11,60.88136292048551,1.3102266291230897,12.341945052292836,0,-0.0023697378369983
2014-02-12,60.603835861701725,1.2727499597747394,12.554010056315366,1,0.0070591804145222
2014-02-13,62.660216326576816,2.145773290426388,11.578015044247785,1,0.0249563505883163
2014-02-14,63.492586168129364,2.001119951729687,10.68492670957361,1,0.007100641046551
2014-02-18,66.94507088714487,1.96955494770716,7.54902003218021,1,0.0046163134439807
2014-02-19,70.08030637354302,1.957831617055511,4.718213354786807,1,0.0054057033210932
2014-02-20,68.62108405598701,1.949743282381336,6.0222016894609816,1,0.0176712079149288
2014-02-21,69.68927543850818,1.9906432823813358,5.1026250201126295,1,0.013449987939984
2014-02-24,71.8200529998507,1.6048382944489143,2.800906677393403,1,0.0145793540477159
2014-02-25,66.12153890224715,1.5633199517296867,7.883273370876912,1,0.003445642019487
2014-02-26,68.39363699194296,1.4791849557522128,5.756155028157684,1,0.0094363274235223
2014-02-28,68.39000027973677,1.6088732904263885,5.889113354786804,1,0.0082027495535817
2014-03-03,61.8125507487034,1.3409616251005632,11.535391713596136,1,0.0284746631696168
2014-03-04,63.13444141512841,2.529554947707161,11.535391713596136,1,0.0356696111857892
2014-03-05,64.313009688345,2.7059016090104597,10.652015044247786,1,0.0324296444734628
2014-03-06,63.27496491960891,2.447931617055511,11.327415044247784,1,0.0171536105932132
2014-03-07,66.71264698700973,1.244791633145616,7.033243362831859,0,-0.0014949920559876
2014-03-10,61.50758148156547,1.1914333065164928,11.660080048270313,0,-0.0067765131330105
2014-03-11,61.52886241264896,1.0662799678197916,11.515791713596137,0,-0.0011831502367426
2014-03-12,64.37881175738873,1.6762266291230892,9.56317337087691,0,-3.836253361985082e-05
2014-03-13,65.95396615403408,1.7110799678197905,8.181708366854386,1,0.0047552741301627
2014-03-14,61.90737797921727,1.4961382944489143,11.60530337892196,0,-0.0032493310487549
2014-03-18,66.35539937796617,0.9605799678197913,7.070255028157682,0,-0.0036049647606847
2014-03-19,69.19560817477894,0.9372916331456159,4.493160016090104,1,0.0090711700750522
2014-03-20,70.15290551371012,1.0036683024939665,3.698771681415929,1,0.0163166204962694
2014-03-21,69.0990478557586,0.8504683024939668,4.493160016090104,1,0.0165262722954249
2014-03-24,66.7578390816406,0.7559382944489146,6.503755028157683,1,0.0088089641666371
2014-03-25,71.71394664681216,3.543338213998393,4.834813354786806,1,0.0159799872587824
2014-03-26,71.11097571885291,2.6595165728077257,4.493160016090104,1,0.0154524479203719
2014-03-27,69.64421674785063,2.651816572807726,5.804313354786806,1,0.0118689093484
2014-03-28,68.97026855351659,2.598216572807726,6.35670168946098,1,0.0084248125356293
2014-03-31,63.466328311481966,2.7409865647626734,11.448403378921961,1,0.0047469267651818
2014-04-01,65.7610233879578,2.576658246178601,9.220773370876913,0,-0.0039805052780879
2014-04-02,66.12138500899825,2.4559049074819006,8.775996701528562,0,-0.0085517639470141
2014-04-03,62.48827462060582,2.5506582461786023,12.137503378921963,1,0.0088825100170543
2014-04-04,65.88053294824708,0.7914099758648441,7.328066693483508,1,0.015129173178256
2014-04-07,66.63822582235395,0.7040099758648439,6.559378358809333,1,0.0120627829024589
2014-04-09,65.6439477567672,0.5786816572807727,7.328066693483508,0,-0.0093279707793281
2014-04-10,67.15086821314499,0.5786816572807727,5.9731016894609805,0,-0.0179789131328718
2014-04-11,67.56394560870378,0.5404166532582468,5.563413354786805,1,0.0004573721835153
2014-04-15,62.92736337519532,0.7551516492357208,9.947185036202734,1,0.0124791760225238
2014-04-16,71.48392509187055,0.24073998390989582,1.7390416733708767,1,0.0207632740332337
2014-04-17,69.12884785184238,0.24667497988736975,3.862571681415929,1,0.00901608139849
2014-04-21,67.07058228414111,0.5456799678197916,6.012290024135157,0,-0.0051322132590718
2014-04-22,67.12772812635286,0.38908664521319425,5.804313354786806,0,-0.0079696369263286
2014-04-23,68.55878717410536,0.36468664521319427,4.493160016090104,0,-0.0185236244955237
2014-04-25,67.68522154138824,0.3651866452131943,5.279136685438455,0,-0.0128125558772172
2014-04-28,65.55467938303283,0.3024566371681421,7.132108366854383,0,-0.0098766785461537
2014-04-29,66.19852176318733,0.5293099758648434,6.780043362831857,0,-0.0023705525987897
2014-04-30,60.17073427027688,0.3834449718423173,12.054133386967017,1,0.0028184365160486
2014-05-02,64.81674380737257,0.48232164119066834,7.975496701528561,0,-0.0063308658444441
2014-05-05,65.2166274515502,0.21060498793242188,7.3442200321802105,0,-0.0059135449891555
2014-05-06,66.79554274867469,0.8142399839098959,6.528155028157682,1,0.021143994247018
2014-05-07,65.31940836832028,1.1383099758648436,8.179508366854385,1,0.0529435542696028
2014-05-08,63.46043402110359,1.001344971842318,9.714061705551083,1,0.0652294578627328
2014-05-09,67.06702341328756,1.009544971842318,6.479355028157682,1,0.0357939203163131
2014-05-12,62.65164169895587,0.434298310539019,9.874250040225261,1,0.0154062492347329
2014-05-13,66.88066092569392,0.6796749798873697,6.317055028157682,1,0.0131711862683534
2014-05-14,65.123828033009,0.6738749798873698,7.890931697506034,1,0.0215422704019731
2014-05-15,70.44062540552154,0.6058749798873695,3.0422716814159285,1,0.0211624959009588
2014-05-16,70.40391157628545,0.6448749798873695,3.114283346741753,1,0.0069037829806844
2014-05-19,69.79801936078174,0.6379449718423174,3.6521483507642793,1,0.0017675443650783
2014-05-20,69.84489264968397,1.5378683024939668,4.509925020112629,1,0.0125116024367769
2014-05-21,71.19510602647617,0.793421641190668,2.551418342719227,1,0.014529459434883
2014-05-22,71.61337159292479,0.8019099758648434,2.1838183427192277,1,0.005700832191091
2014-05-23,70.40160944064934,0.30621665325824643,2.7776950120675776,0,-0.0050963758732395
2014-05-26,70.35111608148526,0.8794916331456158,3.3963716814159284,0,-0.0169106512243624
2014-05-27,70.05021541185144,1.0751333065164927,3.862571681415929,0,-0.0121049460795771
2014-05-28,72.6997298945326,1.333944971842317,1.7390416733708767,1,0.0044717831959713
2014-05-29,65.02425749046196,1.306144971842317,8.612731697506034,1,0.0245994044233471
2014-05-30,63.67363262817462,0.6900683024939667,9.211085036202736,1,0.0235518875316739
2014-06-02,65.76585017813119,1.396156637168142,8.035931697506035,1,0.0150441617124296
2014-06-03,64.95765285023069,1.5272333065164927,8.893708366854385,1,0.0223420463772204
2014-06-04,68.7438799529228,1.6013683024939662,5.563413354786805,1,0.0335227662661459
2014-06-05,64.93745069292738,1.566579967819791,8.951220032180208,1,0.0240981886996829
2014-06-06,65.43948688626638,1.0346566371681423,7.967885036202734,1,0.0057132681171083
2014-06-09,63.074937874659874,0.3626333065164927,9.42197337087691,0,-0.0006141984576762
2014-06-10,67.24274454061126,0.357893322606597,5.669701689460981,0,-0.0150412415590815
2014-06-11,65.3889583642844,0.3494049879324217,7.328066693483508,0,-0.0123085377576207
2014-06-12,63.81125345545704,0.21545832662912312,8.612731697506034,0,-0.0023819506602834
2014-06-13,63.965919749511166,0.1363933226065971,8.394596701528561,1,0.002132408773439
2014-06-16,68.38953135269172,0.16053998390989555,4.44120168946098,1,0.0009486376484665
2014-06-17,71.07597654672253,0.31870498793242164,2.1838183427192277,0,-0.0158821021592057
2014-06-18,70.4248273687941,0.31870498793242164,2.7693066773934025,0,-0.0086171060499798
2014-06-19,72.79893529850477,0.08628165728077264,0.40217666934835067,1,0.0052245686235182
2014-06-20,72.86063351775364,0.11526999195494803,0.37568833467417534,1,0.0076654642057575
2014-06-23,72.83117459205639,0.11526999195494803,0.40217666934835067,0,-2.001794942871245e-05
2014-06-24,72.86063351775364,0.11526999195494803,0.37568833467417534,0,-0.0094639184724545
2014-06-25,72.86063351775364,0.11526999195494803,0.37568833467417534,1,0.0055465670568668
2014-06-26,72.86063351775364,0.11526999195494803,0.37568833467417534,1,0.0187077025630047
2014-06-27,72.86063351775364,0.11526999195494803,0.37568833467417534,1,0.0284055740130043
2014-06-30,72.2404020303655,0.12205832662912341,0.940165004022526,1,0.0135000076527874
2014-07-01,72.45970447315734,0.12205832662912341,0.7429766693483506,1,0.0151956285021859
2014-07-02,72.32885664880993,0.29298165728077274,1.0315533386967013,1,0.0079936992123225
2014-07-03,72.52422198093687,0.1800699919549481,0.7429766693483506,0,-0.0119443329016629
2014-07-04,74.57806481771591,2.026806596942882,0.7429766693483506,0,-0.0217266608694618
2014-07-07,73.12035315923802,1.9915299275945308,2.0184183427192277,0,-0.0285791419060332
2014-07-08,73.1273467126722,1.9978182622687064,2.0184183427192277,0,-0.0216944355766871
2014-07-09,70.99553672446977,2.0758182622687067,4.013260016090104,0,-0.0174016885222372
2014-07-10,74.63257300121981,2.0758182622687067,0.7429766693483506,0,-0.0054457416753366
2014-07-11,74.57806481771591,2.026806596942882,0.7429766693483506,1,0.0218518373976264
2014-07-14,75.55604621455419,2.5653699115044266,0.40217666934835067,1,0.0246855776891632
2014-07-15,75.01570581261912,2.5709815768302513,0.8936416733708767,1,0.0180709368647587
2014-07-16,76.11538393281022,3.0418165728077247,0.37568833467417534,1,0.0078126418051633
2014-07-17,76.0142378633912,2.977358246178602,0.40217666934835067,1,0.0165369188454605
2014-07-18,76.04369678908847,2.977358246178602,0.37568833467417534,1,0.0170577208373626
2014-07-21,75.31669917609354,2.350158246178602,0.40217666934835067,1,0.0188728627414559
2014-07-22,75.34420258385599,2.3483999195494785,0.37568833467417534,1,0.0029052037684995
2014-07-23,73.05999515334683,0.294528318584071,0.37568833467417534,0,-0.0060536260445745
2014-07-24,73.05999515334683,0.294528318584071,0.37568833467417534,0,-0.0050185740973644
2014-07-25,73.05999515334683,0.294528318584071,0.37568833467417534,0,-0.0089158809389551
2014-07-28,72.76765059046042,0.39895164923572024,0.7429766693483506,0,-0.0190347933087392
2014-07-30,72.05128324310587,-0.24517835880933198,0.7429766693483506,0,-0.0139258666462499
2014-07-31,72.89964948262588,0.5176399839098955,0.7429766693483506,1,0.0032648393188035
2014-08-01,72.70319240315996,0.340993322606597,0.7429766693483506,1,0.0090935607145419
2014-08-04,71.98795017650592,0.36011665325824627,1.4052183427192273,0,-0.0044870908591854
2014-08-05,71.48357847416926,0.27661665325824625,1.775230008045052,0,-0.0232460794337061
2014-08-06,72.73601371739998,0.3705049879324216,0.7429766693483506,0,-0.0060269498686226
2014-08-07,72.63159607434962,0.27661665325824625,0.7429766693483506,1,0.010119555930528
2014-08-08,72.8384813898303,0.4626399839098956,0.7429766693483506,1,0.0223420428490594
2014-08-11,73.2173046534236,0.46246331456154477,0.40217666934835067,1,0.0215021596756565
2014-08-12,73.2012767610238,0.44805164923572016,0.40217666934835067,1,0.0188707823338949
2014-08-13,73.27333092224961,0.48635164923572016,0.37568833467417534,1,0.0202027073175194
2014-08-14,73.22784410415254,0.47193998390989556,0.40217666934835067,1,0.0106722146518305
2014-08-18,73.07390996617733,0.30703998390989556,0.37568833467417534,1,0.0021376000426385
2014-08-19,73.1571838399759,0.3819166532582463,0.37568833467417534,1,0.0019859974776966
2014-08-20,73.86824437548246,1.0212749798873695,0.37568833467417534,1,0.0039286307942815
2014-08-21,73.79541171125742,0.9557866452131941,0.37568833467417534,1,0.0017283024842279
2014-08-22,73.88427226788224,1.035686645213194,0.37568833467417534,1,0.0028834191941502
2014-08-25,74.05880707509715,1.192621641190668,0.37568833467417534,1,0.0060590388162758
2014-08-26,73.22561238362509,1.2047099758648434,1.1369533386967015,1,0.0154342164201828
2014-08-27,73.66377241035205,1.2047099758648434,0.7429766693483506,1,0.0183536061887209
2014-08-28,73.46731533088615,1.0280633145615448,0.7429766693483506,1,0.0199459594813343
2014-09-01,73.38148351866155,0.9773749798873693,0.7694650040225259,1,0.0084658756086381
2014-09-02,74.5305465192606,1.984079967819791,0.7429766693483506,1,0.0004700090996178
2014-09-03,74.5145186268608,1.9696683024939663,0.7429766693483506,1,0.0072812428387665
2014-09-04,73.76700561222282,1.324021641190668,0.7694650040225259,1,0.0070158883133725
2014-09-05,72.37379481958011,0.0448116653258247,0.7429766693483506,1,0.0008961155538036
2014-09-08,72.21146025756279,-0.07466500402252602,0.7694650040225259,0,-0.0108490817870345
2014-09-09,71.86317469344698,0.009034995977473925,1.166330008045052,0,-0.0058369813505925
2014-09-10,71.63462845581995,0.14504666130329857,1.5078416733708768,0,-0.0064575927330101
2014-09-11,71.6051695301227,0.14504666130329857,1.5343300080450522,0,-0.0190784006990585
2014-09-12,71.9637850890979,0.03802333065164931,1.1048533386967014,0,-0.016168500969125
2014-09-15,72.85381049951273,0.109134995977474,0.37568833467417534,1,0.0090055848696642
2014-09-16,72.44278686304415,0.109134995977474,0.745265004022526,1,0.0234900409914258
2014-09-17,71.6479353008445,-0.006788334674175389,1.3440416733708767,1,0.0211894938087143
2014-09-18,71.6479353008445,-0.006788334674175389,1.3440416733708767,0,-0.0120505044210525
2014-09-19,71.6479353008445,-0.006788334674175389,1.3440416733708767,0,-0.0147672129713443
2014-09-22,71.54729895807603,-0.09727666934835072,1.3440416733708767,0,-0.0292022008423684
2014-09-23,70.98480088090284,-0.006788334674175389,1.9403066773934028,0,-0.0060926976241246
2014-09-24,71.6479353008445,-0.006788334674175389,1.3440416733708767,0,-0.0054506973365658
2014-09-25,71.2310172845247,-0.01437666934835069,1.711330008045052,1,0.006670197594424
2014-09-26,71.2310172845247,-0.01437666934835069,1.711330008045052,0,-0.002928167778637
2014-09-29,70.4107234998968,-0.01437666934835069,2.4489066773934027,0,-0.0134715818005267
2014-09-30,69.99969986342822,-0.01437666934835069,2.818483346741753,0,-0.0154486703615686
2014-10-01,71.2310172845247,-0.01437666934835069,1.711330008045052,1,0.0018860694257639
2014-10-07,68.88031633902561,0.12225832662912317,3.9616250201126295,1,0.0009610275459854
2014-10-08,69.37807447899091,0.12225832662912317,3.514060016090104,1,0.0052839357501454
2014-10-09,71.00708274441389,0.00844666130329852,1.9355066773934027,0,-0.0122027101018306
2014-10-10,71.03654167011116,0.00844666130329852,1.9090183427192273,0,-0.0143196867730684
2014-10-13,71.03654167011116,0.00844666130329852,1.9090183427192273,0,-0.0133493215441953
2014-10-14,70.62551803364259,0.00844666130329852,2.278595012067578,1,0.0019563759939832
2014-10-16,71.66487885807523,0.00844666130329852,1.3440416733708767,1,0.0229087044015896
2014-10-17,71.71036567617227,0.04934666130329857,1.3440416733708767,1,0.0274111332713057
2014-10-20,73.37275687672093,0.5757516492357203,0.37568833467417534,1,0.0141517442653152
2014-10-21,73.34182621262185,0.5479399839098958,0.37568833467417534,1,0.0125163413561432
2014-10-22,73.34448239220325,0.5503283185840712,0.37568833467417534,1,0.0117554434440484
2014-10-27,72.67589845126709,0.5136399839098957,0.940165004022526,1,0.0219674817567019
2014-10-28,72.93779612958747,0.5784283185840712,0.7694650040225259,1,0.0360410388740289
2014-10-29,72.91744383689365,0.6779283185840712,0.887265004022526,1,0.0284765748007593
2014-10-30,73.0673872187174,0.6949516492357205,0.7694650040225259,1,0.0204883738017632
2014-10-31,72.91007771864064,0.5270166532582464,0.7429766693483506,1,0.0017767964720561
2014-11-03,72.50261295302565,0.3772166532582464,0.9595533386967012,1,0.0024117503470883
2014-11-05,73.86573833129155,1.3863099758648434,0.7429766693483506,1,0.0029160038505788
2014-11-07,74.41541889028802,1.7033616251005634,0.5657766693483507,1,0.0055381922981161
2014-11-10,74.57709913757908,1.6586499597747388,0.37568833467417534,1,0.001628538088714
2014-11-11,74.95004099487991,1.9939849557522127,0.37568833467417534,1,0.0032532389437433
2014-11-12,71.72395793948981,0.992233306516493,2.274706677393403,1,0.0056441043012865
2014-11-13,71.87921368047634,0.9139449718423176,2.0568183427192275,1,0.0081090784714322
2014-11-14,71.53079095452881,0.992233306516493,2.448395012067578,0,-0.0009062616138805
2014-11-17,71.22061311669826,0.799933306516493,2.534995012067578,0,-0.0034278652796296
2014-11-18,71.66130513473368,0.7180099758648436,2.0568183427192275,1,0.0060876055066464
2014-11-19,71.66130513473368,0.7180099758648436,2.0568183427192275,1,0.0174846065000411
2014-11-20,71.5996069154848,0.6890216411906682,2.083306677393403,1,0.0072576660107579
2014-11-21,71.25641128110342,0.7455216411906682,2.448395012067578,0,-0.000188756039279
2014-11-24,69.72085120163314,0.08776999195494772,3.1713600160901043,0,-0.0042233686967422
2014-11-25,69.86652950364196,0.20785832662912307,3.160460016090104,1,0.0146794532204141
2014-11-26,69.90310617104633,0.20785832662912307,3.1275716814159287,1,0.0094119585210897
2014-11-27,69.69371481137475,0.20785832662912307,3.3158483507642798,1,0.0035842542881709
2014-11-28,70.31849312848524,0.2694699919549477,2.8156833467417535,0,-0.0059091956907356
2014-12-01,70.59715085528431,0.5465166532582462,2.8421716814159286,1,0.0009929733355623
2014-12-02,70.93352347142475,0.45739332260659693,2.450595012067578,1,0.0015940928183728
2014-12-03,70.2193748710389,0.18034666130329846,2.8156833467417535,0,-0.0117108531515319
2014-12-04,70.62540681892843,0.18034666130329846,2.450595012067578,0,-0.0264669310806772
2014-12-05,70.2193748710389,0.18034666130329846,2.8156833467417535,0,-0.0216239680057298
2014-12-08,72.2593808258129,0.052823330651649236,0.8538650040225261,0,-0.0173752141032642
2014-12-09,72.79118364187414,0.052823330651649236,0.37568833467417534,0,-0.0140782775302508
2014-12-10,71.85557317220685,0.052823330651649236,1.2169533386967015,0,-0.0164164106636053
2014-12-11,71.97857664608298,0.052823330651649236,1.1063533386967013,0,-0.0275436867530353
2014-12-12,72.18109864059336,0.052823330651649236,0.9242533386967013,0,-0.0239092471237099
2014-12-15,72.15850908005731,-0.03787666934835077,0.8538650040225261,0,-0.0073631651009726
2014-12-16,72.70546304436374,-0.024253338696701432,0.37568833467417534,1,0.0193465721843721
2014-12-17,72.26997217077694,-0.024253338696701432,0.7672650040225261,1,0.0359832874831412
2014-12-18,72.64376482511487,-0.05324167337087682,0.40217666934835067,1,0.0131133052879329
2014-12-19,72.26997217077694,-0.024253338696701432,0.7672650040225261,0,-0.0062319934855692
2014-12-22,71.39697558518947,-0.017465004022526043,1.5590183427192272,0,-0.014923392050979
2014-12-23,72.27507507407017,-0.017465004022526043,0.7694650040225259,0,-0.0025070713718428
2014-12-24,71.86904312618063,-0.017465004022526043,1.1345533386967013,1,0.0090304376539249
2014-12-26,71.86904312618063,-0.017465004022526043,1.1345533386967013,1,0.0099494857184847
2014-12-29,70.6361353257242,0.08955832662912322,2.350160016090104,1,0.0179252775295197
2014-12-30,71.49948960454009,-0.017465004022526043,1.4668416733708767,1,0.0156559088432166
2014-12-31,71.52894853023737,-0.017465004022526043,1.4403533386967013,0,-0.0189340850330171
2015-01-02,71.4758991115765,-0.06516500402252601,1.4403533386967013,0,-0.0355666050924372
2015-01-05,71.84128391562831,0.6718516492357205,1.848830008045052,0,-0.0173121761902367
2015-01-06,73.03392456330988,0.6650633145615451,0.7696650040225261,1,0.0191513818613383
2015-01-07,73.48811248243663,0.6794749798873697,0.37568833467417534,1,0.0268994794281797
2015-01-08,73.47208459003684,0.6650633145615451,0.37568833467417534,1,0.0078384337463765
2015-01-09,73.42438645121509,0.6221749798873698,0.37568833467417534,0,-0.0008392681350375
2015-01-12,73.50847774868919,0.6977866452131943,0.37568833467417534,1,0.0203549244955638
2015-01-13,73.50847774868919,0.6977866452131943,0.37568833467417534,1,0.0255051533759452
2015-01-14,73.53662804493393,0.7230983105390191,0.37568833467417534,1,0.032466120050245
2015-01-15,72.9671697876881,0.23755164923572036,0.40217666934835067,1,0.0234394593413649
2015-01-16,73.01831558264922,0.2570516492357203,0.37568833467417534,1,0.0250197180338078
2015-01-19,72.45641249972323,0.26687497988736975,0.8907533386967015,1,0.0243425585880432
2015-01-20,72.61751072632588,0.31772831858407113,0.7967533386967014,1,0.0159718645796474
2015-01-21,71.4623753844384,0.3426166532582464,1.860295012067578,1,0.020522262188325
2015-01-22,71.89452981659998,0.12192831858407105,1.251030008045052,1,0.0173010193524213
2015-01-23,69.34577586496022,0.31160498793242186,3.732448350764279,1,0.0131270524732061
2015-01-27,71.2012376882437,0.09333499597747408,1.845818342719227,0,-0.0114677825941297
2015-01-28,70.64207605249571,0.05264666130329876,2.3079066773934027,0,-0.013200505599474
2015-01-29,71.17128200945464,0.039911665325824686,1.8193300080450516,0,-0.0221140758954937
2015-01-30,71.17128200945464,0.039911665325824686,1.8193300080450516,0,-0.0097191141842424
2015-02-02,71.17775840999427,0.04573499597747405,1.8193300080450516,0,-0.0097892735073688
2015-02-03,71.29442264516251,0.15063499597747398,1.8193300080450516,0,-0.0109660294205765
2015-02-04,71.7760676251314,0.129434995977474,1.3650533386967014,0,-0.0228820914490714
2015-02-05,71.62125674300157,-0.009765004022526003,1.3650533386967014,0,-0.0169186052338573
2015-02-06,70.82203443358759,-0.7283950120675782,1.3650533386967014,0,-0.0038927772580573
2015-02-09,71.7920955175312,0.1438466613032986,1.3650533386967014,1,0.0214883630004674
2015-02-10,71.76132796238139,0.1426699919549479,1.3915416733708768,1,0.0276281817108161
2015-02-11,71.45228821881012,0.32976999195494794,1.856518342719227,1,0.0208704723509253
2015-02-12,71.93717139904882,0.30078165728077255,1.3915416733708768,1,0.0179235941550331
2015-02-13,65.40917349514646,0.034423330651649264,6.9949083668543865,1,0.0101465211088754
2015-02-16,65.31680596190319,-0.09997666934835076,6.943561705551086,1,0.0027489751171046
2015-02-18,63.85077359966503,-0.006788334674175389,8.354950040225265,0,-0.0129540708598394
2015-02-19,64.79120522271812,-0.028988334674175387,7.487150040225263,0,-0.0150874451158737
2015-02-20,64.94686690188503,0.0,7.376173370876913,0,-0.007539444321762
2015-02-23,65.17846783102983,-0.06996500402252609,7.0979617055510875,0,-0.008154275978387
2015-02-24,65.28842026267134,-0.09318833467417537,6.975873370876912,1,0.0093715010531459
2015-02-25,66.1683640547727,0.2817583266291232,6.559608366854386,1,0.0213842497466952
2015-02-26,66.04524936618236,0.37104666130329855,6.759596701528561,1,0.0353428451190297
2015-02-27,65.99078752959878,0.0,6.437520032180211,1,0.0087858843734908
2015-03-02,65.89682406968073,0.0,6.522008366854386,0,-0.0021235583156881
2015-03-03,65.89682406968073,0.0,6.522008366854386,0,-0.026982992297008
2015-03-04,65.6289597174713,-0.08776500402252602,6.6750967015285605,0,-0.0238858628481666
2015-03-05,65.72926241609724,-0.035176669348350675,6.63749670152856,0,-0.0269666011393016
2015-03-09,62.15133304680855,0.06484666130329853,9.954656717618661,1,0.0021958914300601
2015-03-10,63.334913408406955,0.05855832662912319,8.884138374899436,0,-0.0074079533235552
2015-03-11,62.940323602518546,0.09383499597747391,9.274215044247788,0,-0.0077078342269165
2015-03-12,64.48045833775794,-0.006788334674175389,7.788761705551088,0,-0.0060231162755628
2015-03-13,62.30541177285948,-0.13567666934835076,9.615591713596135,1,0.0044018497662531
2015-03-16,69.46586180915033,0.15605832662912322,3.4689250201126294,1,0.0001737337708072
2015-03-17,70.44793408222468,0.15605832662912322,2.5858833467417535,0,-0.0176248620987126
2015-03-18,68.93944364628972,0.15605832662912322,3.942260016090104,0,-0.0156644807003865
2015-03-19,69.31323630062764,0.12706999195494784,3.577171681415929,0,-0.0106767966540603
2015-03-20,70.77635113317972,0.2630816572807725,2.397606677393403,0,-0.0046896008573529
2015-03-23,69.38317738228413,0.1628466613032986,3.5500600160901037,0,-0.0247155636542456
2015-03-24,71.71913678610402,1.1778983105390186,2.4647066773934028,0,-0.0238753134171988
2015-03-25,70.68501602679635,1.1778983105390186,3.3945483507642793,0,-0.0045232731573542
2015-03-26,72.03162418581466,1.1778983105390186,2.183730008045052,1,0.0176858021046859
2015-03-27,71.97694546711749,1.2361099758648433,2.2911066773934023,1,0.0289310185557362
2015-03-30,73.94378323459476,2.4893499597747386,1.7758416733708766,1,0.0195433045796152
2015-03-31,73.63129583488413,2.4893499597747386,2.0568183427192275,1,0.0197425849894286
2015-04-01,73.46340796340209,1.727526629123089,1.4459533386967012,1,0.0148147432401442
2015-04-06,74.21440755485578,2.4535732904263874,1.496730008045052,1,0.0135795918684481
2015-04-07,74.55854480118562,2.7370199517296854,1.4707416733708767,1,0.0137669061715895
2015-04-08,74.74581740629543,2.8789199517296855,1.4442533386967014,1,0.0136310833882362
2015-04-09,71.84451468965413,0.6888683024939666,1.8629416733708766,0,-0.0081899228152974
2015-04-10,72.45350051735194,0.817756637168142,1.4442533386967014,0,-0.0200566357618365
2015-04-13,72.11092770326452,0.25192831858407094,1.1864533386967013,0,-0.044666349159275
2015-04-16,72.36322199548962,0.060093322606596944,0.767765004022526,0,-0.0385134621943855
2015-04-17,72.07830287133528,0.1961049879324216,1.159965004022526,0,-0.0206984502244947
2015-04-20,71.28748098596343,0.09586999195494772,1.7708066773934026,0,-0.0059122595999611
2015-04-21,71.12230118829788,0.09586999195494772,1.919330008045052,0,-0.0086915370621521
2015-04-22,71.53332482476647,0.09586999195494772,1.5497533386967013,0,-0.0259455176269774
2015-04-23,72.02399117014218,0.09586999195494772,1.108565004022526,0,-0.0135102361225663
2015-04-24,72.02399117014218,0.09586999195494772,1.108565004022526,0,-0.0079178413048808
2015-04-27,72.65527738222464,0.663498310539019,1.108565004022526,0,-0.0039401586781224
2015-04-28,72.39530927472154,0.7915333065164929,1.4703533386967012,1,0.005578454128034
2015-04-29,72.40230282815571,0.7978216411906682,1.4703533386967012,1,0.010269007898608
2015-04-30,72.33778532037618,0.7398099758648435,1.4703533386967012,0,-0.0103818851828359
2015-05-04,73.27815207563539,0.5171749798873698,0.40217666934835067,0,-0.0335190096159586
2015-05-05,72.49411428782813,0.6221749798873698,1.2121533386967014,0,-0.0161419802757209
2015-05-06,73.42438645121509,0.6221749798873698,0.37568833467417534,1,0.0277994427416678
2015-05-07,73.28104365820391,0.49328664521319443,0.37568833467417534,1,0.0086071866158007
2015-05-08,73.30359429806363,0.5135633145615451,0.37568833467417534,1,0.0053509756671925
2015-05-11,73.30617818360717,0.5423749798873698,0.40217666934835067,0,-0.0122120379623916
2015-05-12,73.13382132375543,0.3873983105390191,0.40217666934835067,1,0.0165233512809557
2015-05-13,72.80922637268783,0.06904666130329862,0.37568833467417534,1,0.0166418637427516
2015-05-14,73.11101676003504,0.36689332260659724,0.40217666934835067,1,0.0170530086587342
2015-05-15,73.12722816118685,0.3549816572807726,0.37568833467417534,1,0.0192866888277538
2015-05-18,72.69345185523296,-0.035053338696701464,0.37568833467417534,1,0.0056387153597297
2015-05-19,72.364119139447,0.03611166532582466,0.7429766693483506,1,0.011091016298252
2015-05-20,72.3801470318468,0.05052333065164927,0.7429766693483506,0,-0.0063119868955356
2015-05-21,72.14481669665518,0.03611166532582466,0.940165004022526,0,-0.0097433103643762
2015-05-22,72.3801470318468,0.05052333065164927,0.7429766693483506,0,-0.0148095277909783
2015-05-25,72.42863664722655,0.09412333065164935,0.7429766693483506,0,-0.0061416973318318
2015-05-26,71.21370670978993,-0.6043183427192274,1.1369533386967015,1,0.0112443800840392
2015-05-27,72.1076969292387,0.09412333065164935,1.0315533386967013,1,0.0117844875231977
2015-05-28,72.364119139447,0.03611166532582466,0.7429766693483506,0,-0.0099726294549473
2015-05-29,72.364119139447,0.03611166532582466,0.7429766693483506,0,-0.0360416226090705
2015-06-01,72.31844881259792,0.02153499597747388,0.7694650040225259,0,-0.0365591410091269
2015-06-02,72.27705099180774,-0.04217666934835068,0.7429766693483506,0,-0.0148921941403132
2015-06-03,72.54887272680712,-0.16505333869670147,0.37568833467417534,0,-0.0112429139828182
2015-06-04,72.66322740009527,-0.03574167337087675,0.40217666934835067,0,-0.0134032421814951
2015-06-05,72.72026757490762,-0.010941673370876703,0.37568833467417534,1,0.0012008019103911
2015-06-08,72.75030852129329,0.04255832662912318,0.40217666934835067,0,-0.0098442345317175
2015-06-09,72.18769922940592,0.02814666130329857,0.8936416733708767,0,-0.0049358750156996
2015-06-10,73.03747788684866,0.2742816572807726,0.37568833467417534,0,-0.0137004996439957
2015-06-11,72.99199106875159,0.259869991954948,0.40217666934835067,1,0.010235746799442
2015-06-12,73.02144999444886,0.259869991954948,0.37568833467417534,1,0.0135185533135555
2015-06-15,72.85949542349435,0.11424666130329852,0.37568833467417534,1,0.0198542519497281
2015-06-16,73.32916813500881,0.5365583266291234,0.37568833467417534,1,0.021835586162249
2015-06-17,72.00493453334217,0.001723330651649313,1.0315533386967013,1,0.0318124201690931
2015-06-18,72.39870691555504,0.06721166532582468,0.7429766693483506,1,0.0250010756680867
2015-06-19,72.17940447276321,0.06721166532582468,0.940165004022526,1,0.0163878789636399
2015-06-22,72.46322442333457,0.12522333065164937,0.7429766693483506,1,0.0053608548132151
2015-06-23,72.46322442333457,0.12522333065164937,0.7429766693483506,0,-5.369079472603333e-05
2015-06-24,72.39870691555504,0.06721166532582468,0.7429766693483506,0,-0.0050901679219283
2015-06-25,72.39870691555504,0.06721166532582468,0.7429766693483506,0,-0.0035189252904458
2015-06-26,72.9282390904125,0.5433466613032988,0.7429766693483506,1,0.0085481521930645
2015-06-29,72.39870691555504,0.06721166532582468,0.7429766693483506,1,0.0150927802161115
2015-06-30,72.25536412254388,-0.0616766693483507,0.7429766693483506,1,0.0138134561413539
2015-07-01,72.16675194246494,-0.14135333869670136,0.7429766693483506,1,0.0081413334357717
2015-07-02,72.77017703445408,0.06042333065164929,0.40217666934835067,1,0.0077732363539998
2015-07-03,72.79963596015135,0.06042333065164929,0.37568833467417534,0,-0.0144649200156216
2015-07-06,72.73793774090247,0.0314349959774739,0.40217666934835067,0,-0.0229792850257864
2015-07-07,72.73793774090247,0.0314349959774739,0.40217666934835067,0,-0.0178117308111636
2015-07-08,72.91866165143477,0.16744666130329855,0.37568833467417534,1,0.0114846085066414
2015-07-09,72.88920272573752,0.16744666130329855,0.40217666934835067,1,0.0149621593957477
2015-07-10,72.53740463768845,0.06042333065164929,0.6114766693483507,1,0.0193380363920101
2015-07-13,72.79963596015135,0.06042333065164929,0.37568833467417534,1,0.0173900103488153
2015-07-14,74.73121123699154,1.7972216411906685,0.37568833467417534,1,0.0182553658903222
2015-07-15,74.60079529794207,1.6799566371681425,0.37568833467417534,1,0.009301034807609
2015-07-16,73.9409658249933,1.4539516492357207,0.7429766693483506,0,-0.0091729308398132
2015-07-17,72.48801233103654,0.1475116653258246,0.7429766693483506,1,0.0027430881852538
2015-07-20,71.98511236710169,0.05801166532582469,1.105665004022526,0,-0.0015878327678456
2015-07-21,71.86010702837042,0.033211665325824646,1.1932650040225259,0,-0.0009266319354028
2015-07-22,71.86010702837042,0.033211665325824646,1.1932650040225259,0,-0.032071947702427
2015-07-23,71.86010702837042,0.033211665325824646,1.1932650040225259,0,-0.0298720134095589
2015-07-24,71.98802989678776,0.14823499597747392,1.1932650040225259,0,-0.0173412013349662
2015-07-27,72.60014271004121,0.248334995977474,0.7429766693483506,1,0.0072455449614172
2015-07-28,72.62309186183732,0.268969991954948,0.7429766693483506,1,0.0232199811597899
2015-07-29,72.09504439894043,0.08274666130329855,1.0315533386967013,1,0.0198610390547292
2015-07-30,72.511975388819,0.19554666130329856,0.7694650040225259,1,0.0112288427372414
2015-07-31,72.37628046396826,0.14823499597747392,0.8441650040225259,1,0.0041050768725534
2015-08-03,71.85777706668756,0.1597699919549478,1.3219183427192274,1,0.0053234772602495
2015-08-04,72.7136855069686,0.4379049879324217,0.8304533386967015,1,0.0055850041260093
2015-08-05,71.99226902948513,0.10023499597747387,1.1414533386967014,0,-0.0049550955362103
2015-08-06,71.64529209482187,0.05052333065164927,1.403730008045052,0,-0.0148146513347353
2015-08-07,71.67475102051912,0.05052333065164927,1.3772416733708768,0,-0.025441760562707
2015-08-10,71.8732433382017,-0.006788334674175389,1.1414533386967014,0,-0.0201115095642242
2015-08-11,72.16418103048018,-0.07227666934835075,0.8143650040225261,1,0.0066192257414055
2015-08-12,72.2370136947052,-0.006788334674175389,0.8143650040225261,1,0.0151963344486742
2015-08-13,72.14994554706594,-0.08507666934835073,0.8143650040225261,1,0.0131612133734981
2015-08-14,72.2370136947052,-0.006788334674175389,0.8143650040225261,0,-0.0027507261506505
2015-08-17,71.90060215788843,0.05801166532582469,1.1816533386967014,0,-0.0124096179785244
2015-08-18,71.8859218156175,0.0448116653258247,1.1816533386967014,0,-0.0198736150458616
2015-08-19,71.72545195662357,0.0448116653258247,1.3259416733708767,0,-0.0842184977330225
2015-08-20,71.82422359636863,0.015823330651649314,1.2081416733708767,0,-0.060565652488306
2015-08-21,71.8859218156175,0.0448116653258247,1.1816533386967014,0,-0.0631711750464283
2015-08-24,72.27344577403387,0.20005832662912337,0.9884533386967014,1,0.0177629297912712
2015-08-25,72.22480602326364,0.03852333065164937,0.8706533386967013,1,0.0152685295659054
2015-08-26,72.22790706170173,0.014823330651649314,0.8441650040225259,1,0.0227692755280261
2015-08-27,72.23179957669781,0.0448116653258247,0.8706533386967013,0,-0.020731860817185
2015-08-28,72.26125850239508,0.0448116653258247,0.8441650040225259,0,-0.0362595745021651
2015-08-31,73.58994623994344,0.8987166532582463,0.503365004022526,0,-0.0187794784666761
2015-09-01,73.46281484808411,0.7844049879324217,0.503365004022526,0,-0.0169424228876669
2015-09-02,74.2621205461655,1.7124099758648437,0.7126650040225261,0,-0.0207132400417194
2015-09-03,74.23266162046825,1.7124099758648437,0.7391533386967014,0,-0.01737492335346
2015-09-04,74.46061286384808,1.6550983105390191,0.4768766693483507,1,0.0211399496298211
2015-09-07,73.02803760970265,0.3669816572807726,0.4768766693483507,1,0.0298844802608487
2015-09-08,73.0022098488968,0.3437583266291233,0.4768766693483507,1,0.0130578077023054
2015-09-09,73.16626452586183,0.4912699919549479,0.4768766693483507,1,0.0068384069789764
2015-09-10,73.0022098488968,0.3437583266291233,0.4768766693483507,1,0.0052506331729822
2015-09-11,73.03632681903059,0.27324666130329867,0.37568833467417534,1,0.0140041616957275
2015-09-14,72.67089378912927,0.5574283185840712,0.9884533386967014,1,0.0138325609838848
2015-09-15,72.99541832508821,0.7049399839098958,0.8441650040225259,1,0.0187273760239576
2015-09-16,72.4584940848602,0.12096999195494795,0.7429766693483506,0,-0.0110941457330839
2015-09-18,71.24928799208153,0.905428318584071,2.6147066773934027,0,-0.0171790032665585
2015-09-21,70.40502372342718,0.9019516492357202,3.370360016090104,0,-0.0137074898327531
2015-09-22,70.42925555755829,0.9237399839098956,3.370360016090104,0,-0.0020887133819887
2015-09-23,70.45871448325555,0.9237399839098956,3.343871681415929,0,-0.0003378109247032
2015-09-24,71.80605479835279,0.9237399839098956,2.132395012067578,1,0.010166107254295
2015-09-28,73.67812465579524,1.8451683024939667,1.370530008045052,1,0.0197128301734757
2015-09-29,73.55099326393591,1.7308566371681422,1.370530008045052,1,0.0345842793926289
2015-09-30,73.51597360252994,1.6728799678197912,1.3440416733708767,1,0.0253401378687053
2015-10-01,73.90171812551955,2.0462149637972646,1.370530008045052,1,0.0280891218734657
2015-10-05,73.45942463349459,1.622033306516493,1.3440416733708767,1,0.0012370260029688
2015-10-06,73.2416791967012,1.622033306516493,1.539830008045052,1,0.0045035749756695
2015-10-07,73.42607319280125,1.5920449718423175,1.3440416733708767,0,-0.0041419089910002
2015-10-08,73.38659196926957,1.5565449718423174,1.3440416733708767,1,0.0002890342279692
2015-10-09,73.37472536821451,1.5458749798873699,1.3440416733708767,0,-0.0100383721415364
2015-10-12,73.35049353408341,1.5240866452131945,1.3440416733708767,1,0.0043986813637038
2015-10-13,72.58447995621627,1.2026049879324217,1.711330008045052,1,0.0130058003591609
2015-10-14,72.58447995621627,1.2026049879324217,1.711330008045052,1,0.020406068525029
2015-10-15,72.52278173696739,1.1736166532582462,1.7378183427192273,1,0.0099933014011004
2015-10-16,72.82372875352152,1.417728318584071,1.711330008045052,1,0.0016434355739737
2015-10-19,71.87671694145862,0.16313499597747383,1.3082533386967012,1,0.0024622081779304
2015-10-20,71.69528682196494,0.0,1.3082533386967012,0,-0.0001331541806328
2015-10-21,71.56427588866828,0.0,1.4260533386967014,0,-0.0022809177232954
2015-10-23,71.72474574766221,0.0,1.281765004022526,0,-0.0150913948076323
2015-10-26,71.81431251324838,0.10702333065164926,1.3082533386967012,0,-0.0181775434390642
2015-10-27,71.7520322733111,0.05102333065164932,1.3082533386967012,0,-0.0205054212956593
2015-10-28,72.18941379703884,0.05052333065164927,0.9144766693483506,0,-0.0148443115365367
2015-10-29,72.12567479225852,-0.006788334674175389,0.9144766693483506,0,-0.0063132264508442
2015-10-30,72.12567479225852,-0.006788334674175389,0.9144766693483506,0,-0.0031789422027526
2015-11-02,72.10144295812742,-0.02857666934835079,0.9144766693483506,0,-0.0119142369887724
2015-11-03,71.92006473286884,0.061623330651649266,1.167765004022526,0,-0.0132877384363985
2015-11-04,71.92006473286884,0.061623330651649266,1.167765004022526,0,-0.0156689970120653
2015-11-05,71.91307117943467,0.05533499597747393,1.167765004022526,0,-0.021870391613806
2015-11-06,72.51927663927813,0.061623330651649266,0.6289766693483507,0,-0.0244404223244432
2015-11-09,72.51927663927813,0.061623330651649266,0.6289766693483507,0,-0.0138154317359588
2015-11-10,72.45757842002925,0.03263499597747388,0.655465004022526,1,0.0069394487518894
2015-11-13,72.05577263127833,0.283534995977474,1.2676533386967015,0,-0.003930546138978
2015-11-16,71.38183741050305,0.06841166532582466,1.6585066773934025,1,0.0046200084093224
2015-11-17,71.93385535742638,-0.07098833467417537,1.0227533386967012,1,0.0024212932608489
2015-11-18,71.96331428312365,-0.07098833467417537,0.9962650040225259,1,0.0150762913458444
2015-11-19,71.90161606387477,-0.09997666934835076,1.0227533386967012,0,-0.0014227067636898
2015-11-20,72.27560520052349,-0.04347666934835076,0.7429766693483506,1,0.0034624423502521
2015-11-23,72.36517196610966,0.0635466613032985,0.7694650040225259,1,0.0118352820041793
2015-11-24,72.30988527960655,0.013834995977473896,0.7694650040225259,1,0.0131480280672256
2015-11-26,72.6765342451198,-0.05026500402252615,0.37568833467417534,1,0.008978069865375
2015-11-27,72.75548371862438,0.02072333065164922,0.37568833467417534,0,-0.001430007078742
2015-11-30,72.78997325357702,0.051734995977473885,0.37568833467417534,0,-0.0090004025427907
2015-12-01,72.75937623362046,0.024223330651649277,0.37568833467417534,0,-0.0219875666877474
2015-12-02,72.7260247929271,-0.00576500402252611,0.37568833467417534,0,-0.0211452922799614
2015-12-03,72.86304132078915,0.11743499597747398,0.37568833467417534,0,-0.020873373213144
2015-12-04,72.86038514120776,0.11504666130329866,0.37568833467417534,0,-0.0220088912767301
2015-12-07,73.85723966609403,1.0378683024939672,0.40217666934835067,0,-0.0106288261038055
2015-12-08,73.85723966609403,1.0378683024939672,0.40217666934835067,0,-0.0119187808668425
2015-12-09,73.9189378853429,1.0668566371681425,0.37568833467417534,1,0.0049205507287823
2015-12-10,73.9393420722718,1.2809916331456157,0.5714766693483506,1,0.0022880627758789
2015-12-11,74.1800366608613,1.3016266291230898,0.37568833467417534,1,0.0182866628096304
2015-12-14,74.69099597845175,2.154838294448914,0.7694650040225259,1,0.0250813436656453
2015-12-15,74.69099597845175,2.154838294448914,0.7694650040225259,1,0.0078963861409922
2015-12-16,74.72045490414902,2.154838294448914,0.7429766693483506,1,0.0107217098586925
2015-12-17,75.03462904544583,2.4638199517296866,0.7694650040225259,0,-0.0074534347592832
2015-12-18,74.85051679925321,2.2717849557522123,0.7429766693483506,1,0.0133097262313137
2015-12-21,74.94353122097877,2.381908286403862,0.7694650040225259,1,0.0033895097915686
2015-12-22,74.24215379184933,1.7512566371681415,0.7694650040225259,1,0.0177011543578574
2015-12-23,73.47087974905449,1.5695333065164925,1.2812416733708767,1,0.0079773007864078
2015-12-24,73.5245964560004,1.1665566371681417,0.8299650040225259,1,0.0044677779254521
2015-12-28,66.26775108856768,0.2713516492357201,6.459836685438455,1,0.0026714567127411
2015-12-29,65.35715095603071,0.2787283185840709,7.285990024135156,0,-0.0175128917291253
2015-12-30,65.89077212819505,0.3239633145615448,6.851413354786805,0,-0.0142341172085148
2015-12-31,66.26763987385351,0.2712516492357202,6.459836685438455,0,-0.0261818255191821
2016-01-04,65.7562152976036,0.2294633145615449,6.87790168946098,0,-0.0290392550199345
2016-01-05,63.34519705634604,0.23775164923572023,9.054085036202732,0,-0.0238279829256464
2016-01-06,65.11207264666811,0.29873998390989553,7.5263666934835065,0,-0.0231505584003642
2016-01-07,66.30513220608883,0.3049633145615449,6.459836685438455,0,-0.007693059839999
2016-01-08,65.86964133250204,0.3049633145615449,6.851413354786805,0,-0.0051372629675744
2016-01-11,63.15295316245996,0.29171665325824647,9.28090836685438,0,-0.0035826310698912
2016-01-12,62.653612069378674,0.27730498793242186,9.715485036202729,0,-0.0097003055231549
2016-01-13,63.41596298792206,0.19491665325824648,8.947620032180208,0,-0.0283522417370868
2016-01-14,63.51275870992953,0.3265399839098957,8.992208366854381,0,-0.0135856590315258
2016-01-15,65.88618637779638,0.3252049879324216,6.856778358809331,0,-0.0174275962501691
2016-01-18,64.442873311682,0.24303998390989567,8.072385036202734,0,-0.0101451532579253
2016-01-19,71.64475454212455,0.302428318584071,1.6561183427192274,0,-0.0017028383625461
2016-01-20,72.19401806831107,0.36172831858407095,1.2215416733708766,1,0.0172057318487466
2016-01-21,72.510692706484,0.25489332260659703,0.8299650040225259,1,0.0218771786181819
2016-01-22,71.90060770520321,0.25489332260659703,1.378530008045052,1,0.0002963541723436
2016-01-25,73.13550994427081,0.3624283185840709,0.37568833467417534,1,0.0169874149030732
2016-01-27,72.78716505967591,0.4407866452131941,0.7672650040225261,1,0.0157669486073535
2016-01-28,72.82022920314705,0.3624283185840709,0.6591766693483507,1,0.0041531759540636
2016-01-29,72.52542494299001,0.3624283185840709,0.9242533386967013,0,-0.0270361886373941
2016-02-01,70.79886097343392,0.37316331456154483,2.4874483507642795,0,-0.0203149376483094
2016-02-02,71.76035852438615,0.37316331456154483,1.6229066773934029,1,0.0044899086110369
2016-02-03,72.43049947132076,0.5146633145615448,1.1618416733708767,1,0.0034510731550738
2016-02-04,72.38134256765596,0.35986331456154486,1.0512416733708767,0,-0.0143926523040693
2016-02-05,71.01745720726439,0.2889399839098956,2.2066716814159286,0,-0.037189422478984
2016-02-08,72.84545454346171,0.5196866452131941,0.7937533386967014,0,-0.0572296838455987
2016-02-09,70.27257997240504,0.39422831858407104,2.9817250201126297,0,-0.0444427317422318
2016-02-10,70.6571215333415,0.4232166532582464,2.664948350764279,0,-0.0073373003242676
2016-02-11,72.23393117714068,0.43050498793242176,1.254430008045052,1,0.0102535016939604
2016-02-12,72.14337645268569,0.31619332260659716,1.2215416733708766,1,0.0180992065711927
2016-02-15,72.85440361483072,0.5904333065164931,0.8564533386967013,1,0.0040126284273218
2016-02-16,72.79269984826703,0.5084633145615451,0.8299650040225259,1,0.0227936090179116
2016-02-17,72.79269984826703,0.5084633145615451,0.8299650040225259,1,0.0175839432626395
2016-02-18,72.9753273824991,0.6726749798873698,0.8299650040225259,0,-0.0114955850468228
2016-02-19,72.9753273824991,0.6726749798873698,0.8299650040225259,0,-0.0269949523746846
2016-02-22,71.70128499028634,0.3146933226065972,1.6175533386967014,0,-0.0371668562175234
2016-02-23,70.93865232183552,-0.36874835076427953,1.6198416733708767,0,-0.0112878073603724
2016-02-24,71.34967595830409,-0.36874835076427953,1.250265004022526,0,-0.004519580011802
2016-02-25,73.00573534638883,0.5292283185840712,0.6591766693483507,1,0.0354721574509405
2016-02-26,73.32101608751259,0.5292283185840712,0.37568833467417534,1,0.0471105127216246
2016-02-29,73.25931786826372,0.5002399839098958,0.40217666934835067,1,0.0675859479221715
2016-03-01,72.91638358398701,0.7616633145615451,0.9719533386967014,1,0.0357743152332096
2016-03-02,73.1792488213734,0.7957333065164929,0.7696650040225261,1,0.0156794411945316
2016-03-03,72.30285092656685,0.7177866452131942,1.4797416733708766,1,0.0074896734560702
2016-03-04,72.33230985226412,0.7177866452131942,1.4532533386967013,1,0.0001068697192345
2016-03-08,73.19285593717893,1.0367449718423174,0.9984416733708767,1,0.0033209993511714
2016-03-09,73.20128230833858,1.1868333065164927,1.1409533386967012,1,0.0009223287129787
2016-03-10,72.3202782633306,1.100744971842318,1.847030008045052,0,-0.0034188067487854
2016-03-11,72.34973718902785,1.100744971842318,1.8205416733708766,0,-0.0015257565947299
2016-03-14,72.52435726383939,1.2577566371681415,1.8205416733708766,0,-0.0034814303698385
2016-03-15,73.00016718443617,0.977598310539019,1.1125533386967013,1,0.019084612037152
2016-03-16,72.3999024513642,0.6065516492357205,1.2812416733708767,1,0.0270357846591209
2016-03-17,73.10077758008705,0.6984866452131944,0.7429766693483506,1,0.026578568555099
2016-03-18,72.95036339228909,0.5632399839098956,0.7429766693483506,1,0.0146404413857388
2016-03-21,72.39162809452424,0.06084666130329852,0.7429766693483506,0,-0.0116390064070227
2016-03-22,70.66046540101068,-0.6375950120675782,1.601130008045052,0,-0.0154000914472354
2016-03-23,72.23115823553033,0.06084666130329852,0.887265004022526,1,0.0024204468284515
2016-03-28,73.05354469992477,0.288728318584071,0.37568833467417534,1,0.0160618296489362
2016-03-29,72.25936042601013,0.17089332260659706,0.9719533386967014,1,0.0151602669716743
2016-03-30,72.7349275173758,0.0022399839098956598,0.37568833467417534,1,0.0030463428747988
2016-03-31,72.73975609700557,0.03306999195494775,0.40217666934835067,0,-0.0176257365801208
2016-04-01,70.07961689599883,-0.039130008045052234,2.7218716814159283,0,-0.0128790746351779
2016-04-04,69.61537330567613,0.16318165728077239,3.341613354786805,0,-0.027750429054624
2016-04-05,69.34474898541512,0.07124666130329849,3.4930133547868056,0,-0.0063331433970225
2016-04-06,70.75131484893186,0.2665466613032985,2.4235833467417534,1,0.0074645032002031
2016-04-07,72.3640597294951,2.3724299275945318,3.0793483507642794,1,0.0213047375231742
2016-04-08,71.09590429088958,2.154329927594531,4.00152502011263,1,0.0383347870830187
2016-04-11,71.76594699666877,2.261318262268707,3.506036685438455,1,0.0312226618405037
2016-04-12,71.39525538076896,2.1532949316170567,3.7313250201126293,1,0.0263461157066223
2016-04-13,71.7644622847082,2.1532949316170567,3.3993483507642788,1,0.0078160588230287
2016-04-18,70.33986666393653,2.019794931617057,4.546790024135156,0,-0.0019476419461337
2016-04-20,70.2109151265177,1.0686933226065976,3.711636685438455,0,-0.0075714701774722
2016-04-21,70.58593114271153,1.062404987932422,3.368148350764279,1,0.0063749452102914
2016-04-22,70.98376102779895,0.0,1.948030008045052,1,0.0101517321027244
2016-04-25,70.63163484292215,0.13103499597747392,2.395683346741753,0,-0.0009934851125706
2016-04-26,69.88684287565944,0.07115832662912325,3.0054950120675783,0,-0.0142738052626472
2016-04-27,69.0013383478494,-0.006788334674175389,3.723760016090104,0,-0.0220460220369805
2016-04-28,69.40737029573893,-0.006788334674175389,3.3586716814159283,0,-0.0128574802973638
2016-04-29,68.04553869443758,0.1137233306516493,4.703690024135157,0,-0.0184174371495727
2016-05-02,68.93264657516634,-0.04206500402252611,3.750248350764279,0,-0.0090597348409118
2016-05-03,69.50226239404665,0.07853499597747382,3.3586716814159283,0,-0.0017505955525099
2016-05-04,69.3646638454962,-0.006788334674175389,3.397071681415929,1,0.0204854138471271
2016-05-05,69.77069579338573,-0.006788334674175389,3.031983346741754,1,0.0194971388323312
2016-05-06,69.33712151705744,0.29513499597747395,3.723760016090104,1,0.0148119481500683
2016-05-09,68.52233657390312,0.0,4.1612483507642795,1,0.0043573606422625
2016-05-10,68.96494518919704,0.0,3.7632716814159286,0,-0.0092850941230563
2016-05-11,68.5950969440903,0.05902333065164922,4.154848350764279,1,0.0015149974889354
2016-05-12,68.96494518919704,0.0,3.7632716814159286,0,-0.0012222037281957
2016-05-13,68.52945431561024,0.0,4.154848350764279,1,0.0070449540818737
2016-05-16,68.66840041428955,0.19953499597747393,4.2294483507642795,0,-0.0098887610156523
2016-05-17,68.97829095489789,0.0,3.751271681415929,0,-0.0180370544357724
2016-05-18,68.5428000813111,0.0,4.14284835076428,0,-0.0178324341820785
2016-05-19,68.916592735649,-0.028988334674175387,3.777760016090104,0,-0.00444881546258
2016-05-20,74.48352864228265,1.9418032984714402,0.7429766693483506,1,0.0236166185659092
2016-05-23,74.88160502498677,1.9324499597747389,0.37568833467417534,1,0.0428654230472186
2016-05-24,74.85499876118168,1.935014963797265,0.40217666934835067,1,0.0512891002080069
2016-05-25,74.33787628739138,1.935014963797265,0.8671533386967014,1,0.0302380082119367
2016-05-26,74.91593145099013,1.9898032984714402,0.40217666934835067,1,0.0111463129696105
2016-05-27,74.94539037668739,1.9898032984714402,0.37568833467417534,1,0.0028524926605027
2016-05-30,75.86763280192187,2.8455366049879336,0.40217666934835067,1,0.0049337039662737
2016-05-31,75.62419121883957,2.6266432823813366,0.40217666934835067,1,0.0074111041305415
2016-06-01,75.48001060235009,2.961978278358811,0.8671533386967014,1,0.002576156726613
2016-06-02,76.2120258510416,3.1552016090104598,0.40217666934835067,1,0.0057626907992108
2016-06-03,76.24148477673887,3.1552016090104598,0.37568833467417534,1,0.0063357160131542
2016-06-06,75.14683726580314,2.9362016090104595,1.1409533386967012,1,0.0003108874642907
2016-06-07,75.58944588109703,2.9362016090104595,0.7429766693483506,0,-0.0117301256777027
2016-06-08,74.46435891183926,2.3225432823813366,1.1409533386967012,0,-0.0198313958184863
2016-06-09,75.04399702855396,2.445754947707161,0.7429766693483506,0,-0.0116170244913337
2016-06-10,74.99318487773536,2.4000666130329855,0.7429766693483506,1,0.004463679774129
2016-06-13,72.86004407082125,0.48202831858407125,0.7429766693483506,1,0.003710465234084
2016-06-14,72.86004407082125,0.48202831858407125,0.7429766693483506,1,0.0075373305503405
2016-06-15,74.51165299140983,1.9670916331456163,0.7429766693483506,1,0.0038795799369948
2016-06-16,74.44995477216095,1.9381032984714408,0.7694650040225259,1,0.0096757301817879
2016-06-17,74.58918262074769,2.036803298471441,0.7429766693483506,1,0.0040918836370432
2016-06-20,73.8487539744553,1.8889916331456162,1.260930008045052,1,0.003870632582814
2016-06-21,74.61610212889252,2.211673290426389,0.8936416733708767,0,-0.0161023806010307
2016-06-22,75.2373938691873,2.2523616251005643,0.37568833467417534,0,-0.0133757454841548
2016-06-23,75.47155273675811,2.4893966210780385,0.40217666934835067,0,-0.017392485156737
2016-06-24,75.50101166245537,2.4893966210780385,0.37568833467417534,1,0.0141661772671978
2016-06-27,74.93887317654226,2.5018966210780382,0.8936416733708767,1,0.0235689944401818
2016-06-28,76.20395907114202,3.639413274336285,0.8936416733708767,1,0.0243689213853505
2016-06-29,76.68729821894105,3.556059935639583,0.37568833467417534,1,0.0201156728134034
2016-06-30,76.5469452496538,3.4563482703137587,0.40217666934835067,1,0.0057989659428906
2016-07-01,77.85145671569175,4.602826548672566,0.37568833467417534,1,0.0011460287761472
2016-07-04,77.86622232555933,4.616103218020918,0.37568833467417534,0,-0.0056907167513421
2016-07-05,76.66242128578406,4.29495655671762,1.1369533386967015,1,0.0157050571265702
2016-07-07,77.16632218214649,4.354068222043445,0.7429766693483506,1,0.0217281865815644
2016-07-08,77.11670744606621,4.30945655671762,0.7429766693483506,1,0.0233108574009614
2016-07-11,77.03896836085877,4.239556556717622,0.7429766693483506,1,0.0114015877371044
2016-07-12,76.63391139827927,4.269321560740146,1.1369533386967015,1,0.0023853561064397
2016-07-13,77.97519046671762,5.369948189863239,1.0315533386967013,0,-0.001268484214203
2016-07-14,75.7389888720552,3.097153258246181,0.7694650040225259,0,-0.0042647729988107
2016-07-15,75.91201302019198,3.2262415929203563,0.7429766693483506,1,0.0028584391585728
2016-07-18,72.5269522440125,1.5184782783588116,2.0789300080450515,1,0.0001645239386041
2016-07-19,74.1087202030292,1.6312782783588111,0.7694650040225259,1,0.0014821543743495
2016-07-20,74.62051734409793,1.6976899436846358,0.37568833467417534,1,0.0081156158595448
2016-07-21,74.59105841840068,1.6976899436846358,0.40217666934835067,1,0.0094207091188262
2016-07-22,74.60551633124325,1.6842016090104601,0.37568833467417534,1,0.0086962138053787
2016-07-25,74.54757346515875,1.6585899436846359,0.40217666934835067,1,0.0035429569570229
2016-07-26,74.54757346515875,1.6585899436846359,0.40217666934835067,1,0.0055545541163156
2016-07-27,72.79222904229282,0.39125164923572053,0.7131766693483508,1,0.0024054705597157
2016-07-28,72.66052487359356,0.29931665325824663,0.7396650040225261,0,-0.0050204857551589
2016-07-29,72.84815706996342,0.4415399839098959,0.7131766693483508,0,-0.0109001943444403
2016-08-01,72.75195634220314,0.3550399839098959,0.7131766693483508,0,-0.0099432678726283
2016-08-02,72.11154864462925,0.37547497988736983,1.309441673370877,1,0.0069629110537065
2016-08-03,72.46781572104803,0.4668399839098959,1.080465004022526,1,0.0192980108252546
2016-08-04,72.34390955589973,0.3554283185840712,1.080465004022526,1,0.0147599657983313
2016-08-05,72.28528642797139,0.3027166532582466,1.080465004022526,0,-0.0124983882018481
2016-08-08,72.21478927274401,0.3836166532582467,1.2247533386967013,0,-0.0137777773988374
2016-08-09,71.90253727602048,0.3546283185840713,1.4765300080450519,0,-0.0041222172824806
2016-08-10,72.37525913173793,0.3836166532582467,1.080465004022526,1,0.0056688340607206
2016-08-11,72.31356091248907,0.3546283185840713,1.1069533386967014,1,0.009394580661565
2016-08-16,65.48156496890037,1.2556266291230904,8.15102003218021,1,0.0028134939079371
2016-08-17,66.46120349182169,1.3135266291230905,7.328066693483508,1,0.0005911946941485
2016-08-18,65.0030080538108,1.3135266291230905,8.639220032180209,0,-0.0046978420315843
2016-08-19,73.22355486667647,2.2232366049879353,2.157330008045052,0,-0.0019171696445725
2016-08-22,70.4837099678979,0.8553032984714408,3.2529600160901033,0,-0.0042911916546332
2016-08-23,70.40109783506956,0.902433306516493,3.374371681415928,0,-0.0069804964024706
2016-08-24,71.27765329151062,0.8676449718423177,2.551418342719227,0,-0.004965895097231
2016-08-25,72.05739262614144,1.1746683024939673,2.157330008045052,1,0.0175529625575485
2016-08-26,71.93171257288114,1.4557499597747396,2.551418342719227,1,0.0246170708396833
2016-08-29,74.71494418374623,3.1459482703137582,1.7390416733708767,1,0.0192387751905019
2016-08-30,72.79643104377026,3.0297366049879337,3.347883346741753,1,0.0074399340560808
2016-08-31,72.59784236386149,2.0547082864038626,2.551418342719227,1,0.0176887945821741
2016-09-01,71.77071070850468,2.934136604987933,4.174571681415928,1,0.0161992170347339
2016-09-02,67.42441927879243,2.5181016090104595,7.666555028157682,1,0.0160851113138168
2016-09-06,67.1231701125281,3.2720716009654076,8.69139670152856,0,-0.0085684168530705
2016-09-07,66.03961445750663,1.39242662912309,7.786043362831858,0,-0.0229515761333222
2016-09-08,68.64430941037575,1.5916382944489147,5.6432133547868055,0,-0.0255569905253911
2016-09-09,69.12878665243409,1.6089732904263885,5.2249250201126305,0,-0.0141007773840588
2016-09-12,65.02013324086437,1.7970016090104606,9.10729670152856,1,0.0073447998006413
2016-09-14,67.22645708756319,2.1459016090104597,7.472355028157683,1,0.0093299792848404
2016-09-15,66.13964650085471,2.3355482703137596,8.639220032180209,1,0.003807419068241
2016-09-16,68.77083095549995,2.1390899436846356,6.076901689460982,0,-0.0003075696327716
2016-09-19,72.37380958259527,2.306643282381338,3.0047950120675777,1,0.0066814574320394
2016-09-20,72.63627630804528,2.542643282381338,3.0047950120675777,1,0.0063212089545765
2016-09-21,73.70737967293773,2.239984955752215,1.7390416733708767,0,-0.0061828061782568
2016-09-22,71.44601751628169,2.303696621078039,3.8360833467417534,0,-0.0183288816822245
2016-09-23,71.38715898536623,1.4881849557522133,3.073495012067578,0,-0.0098312761676098
2016-09-26,71.73078650504551,1.7019732904263885,2.9783066773934026,0,-0.0152247039539208
2016-09-27,71.93608886741023,1.886573290426389,2.9783066773934026,0,-0.0110005122577983
2016-09-28,71.06627116161347,2.5344199517296886,4.408260016090105,0,-0.0008064862519407
2016-09-29,69.70939232821485,2.5990316170555134,5.6929250201126305,1,0.0204956369105479
2016-09-30,69.70160729822268,2.303331617055513,5.40422502011263,1,0.0153041575092017
2016-10-03,65.55732813637024,0.9128382944489145,7.740108366854384,0,-0.0032726499535968
2016-10-04,66.64843717625517,0.9235799678197912,6.769766693483508,0,-0.0081927548295928
2016-10-05,64.1838931630477,0.7842099758648435,8.846420032180207,0,-0.0040280239533197
2016-10-06,62.84358532206097,0.8637216411906682,10.131085036202732,0,-0.0157615700647236
2016-10-07,63.90408991574537,0.7227099758648435,9.036508366854383,0,-0.0132170201328691
2016-10-10,63.95289277546487,1.0298799678197916,9.299796701528557,0,-0.0218707206018061
2016-10-13,69.18886854520545,2.1077732904263886,5.669701689460981,1,0.0121210092054162
2016-10-14,64.94346183480756,1.5843616251005646,8.963596701528557,1,0.0087806856748912
2016-10-17,70.34666749291831,1.1272683024939667,3.64814835076428,1,0.0207907696690736
2016-10-18,69.46884975394504,1.185656637168142,4.495836685438455,1,0.0017442919173935
2016-10-19,70.75106459345676,1.0728216411906684,3.230083346741754,1,0.0057404414301892
2016-10-20,70.12449386736073,0.9277216411906684,3.6483716814159295,0,-0.0009315324381116
2016-10-21,67.06345156887524,0.6703449718423177,6.143366693483508,0,-0.0089899671231847
2016-10-24,68.66490453230067,1.0442683024939665,5.077325020112631,0,-0.0108173437953581
2016-10-25,68.31926217420747,1.0719683024939666,5.415813354786806,0,-0.006151450788445
2016-10-26,68.88944704021743,1.1577683024939667,4.988925020112631,1,0.0012759912411882
2016-10-27,66.03618720117,0.8728566371681421,7.269555028157682,0,-0.0118220213055255
2016-10-28,67.82499061105787,0.9328032984714406,5.721078358809332,0,-0.0178770686215971
2016-11-01,62.936914867055485,0.4234399839098957,9.606885036202732,0,-0.0225683669931765
2016-11-02,63.24731513431438,0.2756516492357203,9.179996701528557,0,-0.0019928229720708
2016-11-03,65.09240061581814,0.24982831858407095,7.495143362831858,1,0.0068826063745646
2016-11-04,60.21253248193265,0.30125164923572034,11.934356717618662,0,-0.0002075211604915
2016-11-07,65.0122537275752,0.17753998390989567,7.494920032180207,1,0.0033719514055714
2016-11-08,62.59682027111221,0.32690498793242173,9.81615004022526,0,-0.0293669800122943
2016-11-09,60.11184979224389,0.5919983105390191,12.315633386967017,0,-0.0391272640093522
2016-11-10,64.60937471235886,0.7158633145615451,8.395496701528561,0,-0.0497958598710895
2016-11-11,58.95730389728882,0.2210516492357204,12.982810056315365,0,-0.0264239478841368
2016-11-15,68.85242739288555,0.2902049879324218,4.154648350764279,0,-0.0042453200008753
2016-11-16,67.32116388766252,0.2631166532582464,5.504413354786805,0,-0.0227555998267528
2016-11-17,64.57775081285719,0.22903998390989577,7.937108366854384,0,-0.0096566840354151
2016-11-18,65.42572963507038,0.31589831053901896,7.26149670152856,0,-0.0050660053464814
2016-11-21,68.15075890867548,0.9097566371681419,5.405113354786805,1,0.0045801798891936
2016-11-22,70.42919623707921,0.8142099758648434,3.2608833467417537,1,0.0138989368739923
2016-11-23,69.9635791495101,0.7871216411906681,3.6524600160901044,1,0.0115841445895997
2016-11-24,65.66875418534275,0.40436331456154495,7.131443362831858,1,0.0219345568721673
2016-11-25,65.98954931525489,0.35068664521319426,6.78932003218021,1,0.0134895672964529
2016-11-28,68.98698977079178,0.4621983105390187,4.205648350764279,1,0.0080883785119763
2016-11-29,68.64453371873331,0.4155866452131942,4.466960016090104,0,-0.0068211701449451
2016-11-30,61.433879499429814,0.15208664521319415,10.687003378921965,0,-0.0117103443288512
2016-12-01,62.85202466677939,0.4042516492357202,9.664026709573614,0,-0.0060908424990781
2016-12-02,63.5860547538848,0.25690997586484343,8.85667337087691,1,0.0018840133191462
2016-12-05,64.14767608690339,0.39839831053901886,8.49317337087691,1,0.0144241490524252
2016-12-06,62.3661071807516,1.1175449718423174,10.814238374899436,1,0.0144593464547767
2016-12-07,65.66955120921551,1.1045683024939668,7.830931697506035,1,0.0084497072176033
2016-12-08,58.86862684941604,0.4479516492357204,13.289445052292837,0,-0.0030421460555765
2016-12-09,63.27891308669849,0.3766399839098957,9.252573370876911,0,-0.0096448127269379
2016-12-12,61.129052941438374,0.48722164119066824,11.296226709573611,0,-0.0021072757791863
2016-12-13,60.82079170086634,0.40583330651649296,11.492015044247784,0,-0.0100665530339827
2016-12-14,67.1075055692468,0.5639799678197915,5.997390024135156,0,-0.0095906622099858
2016-12-15,65.63869283915432,0.5279449718423177,7.282055028157682,0,-0.0087706893842123
2016-12-16,70.32705290361821,1.9331432823813364,4.471660016090103,0,-0.0096477763288584
2016-12-19,69.78133527472647,1.8977316170555114,4.926936685438455,0,-0.0155753314161812
2016-12-20,68.5154560246395,1.1534782783588104,5.320913354786806,0,-0.0120301547637317
2016-12-21,68.3731605109762,1.6643966210780374,5.959778358809333,0,-0.0191683154706666
2016-12-22,67.41570006309577,1.6941732904263884,6.850466693483507,1,0.0067137608968836
2016-12-23,71.40832870173556,1.687719951729687,3.2539950120675782,1,0.0061296273214934
2016-12-26,71.89276702311756,1.670219951729687,2.800906677393403,1,0.0244018890220943
2016-12-27,72.08471064622263,1.8428082864038622,2.800906677393403,1,0.0188615617713953
2016-12-28,70.35054515542642,1.802354947707161,4.3197483507642795,1,0.0178426933629417
2016-12-29,67.4866087038183,1.7775316170555113,6.8700666934835075,1,0.0108801780229655
2016-12-30,62.694967211634115,1.681019951729687,11.082015044247786,1,0.0005740002478026
2017-01-02,64.4523542989607,2.6488182622687058,10.469638374899434,1,0.0114628715895903
2017-01-03,67.96159189556634,2.847371600965407,7.51282003218021,1,0.0062728172563789
2017-01-04,65.089510822706,2.768348270313758,10.016261705551084,1,0.0055459139927738
2017-01-05,66.31580318186191,2.851583266291232,8.996861705551085,1,0.0017871810775355
2017-01-06,63.875274120671975,2.742306596942882,11.082015044247786,1,0.0164640744523875
2017-01-09,65.27251646907169,3.0509882542236544,10.13435004022526,1,0.0205676215139269
2017-01-10,64.7478573418351,2.8289232502011283,10.384038374899436,1,0.0133922949286884
2017-01-11,63.5493816347814,2.456164923572005,11.088903378921962,1,0.0038288784350332
2017-01-12,66.12631925602741,2.6616065969428817,8.977261705551086,0,-0.0010948993072482
2017-01-13,73.18182152281457,2.829288254223654,2.800906677393403,1,0.0019800985815357
2017-01-16,67.6386836860849,0.7100065969428816,5.665801689460981,1,0.0026472157387848
2017-01-17,67.6913809397297,1.08427827835881,5.992690024135157,0,-0.0058098907406402
2017-01-18,69.58296714531686,1.1190666130329854,4.326636685438455,0,-0.0030341814633422
2017-01-19,66.94117837214878,1.2675016090104594,6.850466693483507,1,0.0048134727995858
2017-01-20,69.38963705140658,1.1117549477071613,4.493160016090104,1,0.029898228065249
2017-01-23,69.58709506330007,1.2631016090104596,4.466960016090104,1,0.0293279595112407
2017-01-24,69.7049437396479,1.3690666130329858,4.466960016090104,1,0.0183480660952281
2017-01-25,69.69902895999392,1.5284249396621088,4.631636685438455,0,-0.0048298718050344
2017-01-27,63.529880139124685,1.0756182622687063,9.725891713596138,1,0.0086590603632915
2017-01-30,52.33571312988524,-0.005820112630729957,18.70981842316975,1,0.0116889682358709
2017-01-31,57.07383627636352,-0.08241842316974901,14.372881737731296,1,0.0207668316310979
2017-02-01,53.65689579789251,0.1285599356395829,17.656241753821394,1,0.0096647239075014
2017-02-02,53.98372989573156,0.21987160096540725,17.453676749798873,1,0.0038908665259009
2017-02-03,56.563709234936574,0.27688326629123217,15.190870072405472,1,0.003209597272725
2017-02-06,57.59652879103571,1.0653666130329855,15.050681737731294,0,-0.0025768738536784
2017-02-07,59.058019870866296,-0.2880467417538203,12.383151729686244,1,0.0028755532474021
2017-02-08,55.94992077472652,-0.397911745776346,15.067970072405473,1,0.0040969438383567
2017-02-09,57.16708243269062,0.6537366049879334,15.025193403057118,1,0.0015821797537545
2017-02-10,58.972327099402634,1.1885782783588104,13.936828399034594,0,-0.0078604146530034
2017-02-13,62.68842218544223,1.4019299275945307,10.808810056315364,0,-0.0030768292577131
2017-02-14,62.36483183518777,0.4946049074819001,10.19244505229284,1,0.0033382567619726
2017-02-15,63.52762801879446,0.836258246178602,9.488556717618664,1,0.0175533793124382
2017-02-16,63.4793886588898,1.4201599356395826,10.115833386967015,1,0.0146843191907174
2017-02-17,62.7969103049259,1.190313274336284,10.49964505229284,1,0.0118545949527558
2017-02-20,64.15579655049444,2.495659935639583,10.583133386967015,1,0.0067681963541049
2017-02-21,62.98122458074412,0.870518262268706,10.01412172164119,0,-0.001252488993837
2017-02-22,61.69427385544323,1.3083949316170567,11.609175060337893,0,-0.0053126792184602
2017-02-23,62.345638036556025,1.6130765888978291,11.328175060337891,1,0.0007044891906269
2017-02-27,52.735739483209386,1.1080215607401462,19.463971761866453,1,0.0003427649930025
2017-02-28,54.23831147110481,1.6945232502011276,18.69941842316975,1,0.0020194469980009
2017-03-01,54.44174913044611,1.4974699115044268,18.319441753821398,1,0.0019710491186666
2017-03-02,57.82715840325607,2.4433815768302507,16.221323411102176,1,0.0052839171162562
2017-03-03,59.77668747492776,2.6098932421560757,14.634893403057122,1,0.0030019352747766
2017-03-06,56.56131252653065,0.7643049074818998,15.680446741753821,0,-0.0040748053218061
2017-03-07,56.77383087175788,0.20822823813354896,14.933281737731296,0,-0.0013813199671946
2017-03-08,57.24702353344957,0.5243049074819002,14.823881737731297,1,0.0180669274959571
2017-03-09,63.15357956166666,2.819458246178601,11.808086725663717,1,0.0175222950992899
2017-03-10,60.694824260911005,2.7373815768302507,13.936828399034594,1,0.0242323855309868
2017-03-14,63.608002883780536,0.008886564762672466,8.588915044247788,1,0.008006816473215
2017-03-15,64.5468293644585,-0.17502172164118984,7.560850040225262,1,0.0046179313491468
2017-03-16,65.23068864191278,-0.18471005631536536,6.936261705551085,0,-0.0035239048898369
2017-03-17,64.91506128308772,-0.3112983909895404,7.09347337087691,0,-0.0142494371121546
2017-03-20,62.388346365727934,-1.2921050683829436,8.384591713596137,0,-0.0044528340238988
2017-03-21,60.31544125536127,-1.549640064360418,9.990933386967018,0,-0.0014811160446438
2017-03-22,63.83985040001484,-0.8952100563153651,7.476350040225261,1,0.0016320301924314
2017-03-23,62.059465935042645,-0.40224505229283936,9.57016838294449,1,0.0015945371249122
2017-03-24,63.89611207182798,-0.33723338696701455,7.983738374899436,1,0.003922905785848
2017-03-27,60.167510833022234,0.20287658889782934,11.876463395012067,1,0.0141119146104335
2017-03-28,52.02848995296071,0.02762493966210855,19.01950675784392,1,0.0079838231304603
2017-03-29,53.65932954804556,0.5048599356395823,18.030353419147218,1,0.0102331206084496
2017-03-30,56.27061954241247,-0.15458672566371628,15.022935076427999,1,0.0099139046913549
2017-03-31,55.06972305876451,0.5137899436846345,16.77111174577635,1,0.0095684647647804
2017-04-03,55.03166722671433,-0.5882934030571194,15.703246741753821,0,-0.0042904902239016
2017-04-05,57.14162168938882,0.5411199517296865,14.935470072405472,0,-0.0090749053394893
2017-04-06,57.152913695999445,0.8912849557522129,15.275481737731294,0,-0.0026974520314429
2017-04-07,59.93485152989998,0.06178994368463492,11.944575060337893,1,0.0005597293881787
2017-04-10,58.01442733998028,-0.4692400643604179,13.14031673370877,0,-0.00334383706951
2017-04-11,53.47646661082639,-0.7061283990345936,16.9837884151247,0,-0.0106333615105654
2017-04-12,63.14918107787841,0.8012616251005633,9.793845052292841,0,-0.0107382262516192
2017-04-13,62.53175035814738,0.31479163314561615,9.86254505229284,0,-0.0051823521976086
2017-04-17,60.939029583977366,-0.38018004827031276,10.599686725663718,0,-0.0003173613075657
2017-04-18,58.821690482176315,-0.5845683829444878,12.299128399034592,1,0.0015638249398848
2017-04-19,61.299150254715904,0.14376162510056395,10.799821721641191,1,0.0124937151516212
2017-04-20,60.292768306157804,0.45921496379726534,12.02017506033789,1,0.0184573910842812
2017-04-21,61.44333087120538,0.37890329847144094,10.90532172164119,1,0.0251701722429305
2017-04-24,60.407697573890374,-0.4452450522928389,11.012375060337893,1,0.0133837483564546
2017-04-25,60.701513875178605,-0.45664505229283875,10.736786725663718,0,-0.0002740366420258
2017-04-26,61.726843124751774,0.2853266291230902,10.556821721641192,0,-0.0040770134129483
2017-04-27,52.61251921669249,-0.01591504424778678,18.450830088495575,0,-0.0032378969110992
2017-04-28,55.61026736925436,0.18376162510056387,15.955046741753824,1,0.0059848174371477
2017-05-02,58.992588577185025,-0.31029171359613744,12.41974006436042,0,-0.0030646668179031
2017-05-03,58.96587109866578,0.09556162510056404,12.849616733708771,1,0.0002254912497473
2017-05-04,54.87221315263593,-0.21499171359613722,16.219923411102176,0,-0.0046100179359336
2017-05-05,56.68771552016949,-0.1425033789219618,14.659981737731295,1,0.0130534791657821
2017-05-08,56.042295734213795,-1.6022400643604182,13.780581737731294,1,0.0115658203995627
2017-05-09,53.66446027738551,-0.5507033789219622,16.970176749798878,1,0.0089808406377684
2017-05-10,58.07222194960351,0.04021496379726547,13.597805068382947,1,0.0040418668804966
2017-05-11,59.81077670848761,0.3595149637972655,12.353863395012064,1,0.0094906084253424
2017-05-12,64.46600964061572,1.0371616251005644,8.845703378921964,1,0.0131932286968216
2017-05-15,57.406612979903294,-0.5133100563153649,13.642770072405469,0,-0.0016900800585532
2017-05-16,57.700527522346924,-1.2717867256637159,12.620016733708768,0,-0.0089070633193149
2017-05-17,61.65263696328035,0.46160329847144077,10.799821721641191,0,-0.0092280764541719
2017-05-18,60.00805863787304,0.4473032984714407,12.264263395012065,0,-0.0046025719549429
2017-05-19,61.22736299090956,-0.19856339501206594,10.52204505229284,0,-0.0071693288672766
2017-05-22,58.622569796885024,-0.25672172164118956,12.806016733708768,1,0.0075470064777599
2017-05-23,59.52838214939774,-0.4569150442477867,11.791351729686244,1,0.0220173530069994
2017-05-24,61.56068834177621,0.13592662912309028,10.556821721641192,1,0.0257693354752588
2017-05-25,62.425082473696,0.530591633145616,10.174256717618663,1,0.0119995377401379
2017-05-26,55.226824981900876,0.06647329042638861,16.182535076428,1,0.0027216423661954
2017-05-29,55.4735585384173,-0.20175004022526094,15.692458407079647,1,0.0011653921510428
2017-05-30,55.47018317631577,-0.39927337087691034,15.49797007240547,1,0.0030034180596068
2017-05-31,58.80215749208726,0.3933799678197911,13.29464006436042,1,0.0055813809133528
2017-06-01,54.16420730864717,-0.31888004827031347,16.75264674175382,1,0.0021866446846529
2017-06-02,57.788715243371904,-0.06199171359613759,13.750516733708771,1,0.0010767495630678
2017-06-05,54.61945548068057,-0.7040383748994363,15.958146741753824,0,-0.0028826741349455
2017-06-06,58.78132141986045,-0.6016083668543842,12.31838672566372,1,0.003221899251312
2017-06-07,57.88578162065723,-0.3940550281576827,13.331175060337895,0,-0.0049273191913254
2017-06-08,56.32734280449948,-0.18159002413515674,14.944928399034595,0,-0.0041913103480858
2017-06-09,55.309190617112506,-0.464243362831858,15.57775840707965,0,-0.0051953825173746
2017-06-12,59.11205912732515,-0.5164333869670147,12.106175060337891,0,-0.0039959520621722
2017-06-13,60.10941416316163,-0.0650267095736119,11.660798390989543,0,-0.0019640588862729
2017-06-14,64.09088983595171,0.8601683024939664,9.00600337892196,1,0.0040880543764086
2017-06-15,63.85174294818745,0.6868366049879335,9.04770337892196,1,0.0078465216904297
2017-06-16,61.575431672911805,0.03700659694288161,10.444645052292842,1,0.0047394563176076
2017-06-19,60.965027879976475,0.19221995172968692,11.148710056315366,0,-0.0028567670581866
2017-06-20,63.462526700870114,-0.39162003218020885,8.319215044247786,0,-0.0081702307727738
2017-06-21,69.20604383703773,0.5750749798873694,4.121560016090104,0,-0.0127659085460691
2017-06-22,67.27785501692863,0.5671749798873694,5.847413354786804,0,-0.0145129042647277
2017-06-23,69.0449326368763,0.4505983105390188,4.141948350764279,0,-0.0074270286705041
2017-06-27,63.01894497919539,0.8373983105390187,9.947085036202736,1,0.000998302968005
2017-06-28,64.4908976684023,1.214744971842317,9.000908366854384,1,0.0129540574954365
2017-06-29,66.64994783533331,1.4712266291230898,7.31605502815768,1,0.0114242718857906
2017-06-30,66.09289740022541,2.3168132743362846,8.66252003218021,1,0.0121827328205237
2017-07-03,69.13258826304595,4.168909895414322,7.781443362831858,1,0.0061743471654961
2017-07-04,68.45569659190828,4.4180515687852,8.639220032180209,1,0.0054463257904381
2017-07-05,68.53897046570687,4.3281282381335515,8.474420032180209,1,0.0137518171621094
2017-07-06,68.1824031185071,4.14582823813355,8.612731697506034,1,0.0114591759875131
2017-07-07,69.48292203893719,4.030539903459376,7.328066693483508,1,0.015430012679096
2017-07-10,74.99705323507028,3.917563234111024,2.256995012067578,1,0.0122720895292612
2017-07-11,75.25433921587441,4.07572823813355,2.1838183427192277,1,0.0101971156653745
2017-07-12,73.6923415288631,3.9978049074819006,3.5103833467417536,1,0.0101206769986613
2017-07-13,73.79991765190144,4.547909895414325,3.963760016090104,0,-0.0065470583296987
2017-07-14,75.0707162965296,4.379409895414325,2.6526066773934027,1,0.0013393344247482
2017-07-17,72.71048613790231,3.437811584875303,3.8332366854384543,0,-0.0043104277358304
2017-07-18,74.81420515033906,3.5986649235720045,2.1025066773934027,1,0.0089250126434403
2017-07-19,74.31916251043424,3.5453415929203556,2.494306677393403,1,0.0067250832338688
2017-07-20,72.4521417831207,3.5453415929203556,4.173060016090105,1,0.0091996505233038
2017-07-21,72.16267582924402,3.0990649235720045,3.987060016090104,1,0.0105739878365969
2017-07-24,66.43227281364855,2.15997827835881,8.200531697506033,1,0.0054185488521226
2017-07-25,69.56014772910848,2.436513274336284,5.66460168946098,1,0.0050002481672338
2017-07-26,67.16252160047206,2.3838016090104595,7.767743362831857,1,0.005617559025181
2017-07-27,67.83437899396877,1.303056637168142,6.082890024135155,1,0.0093468835750519
2017-07-28,64.58707244904502,1.064021641190668,8.763708366854384,1,0.006668018336843
2017-07-31,64.95103740893013,1.145961625100564,8.518385036202735,0,-0.0063163606089503
2017-08-01,65.54177847618867,1.2106799678197913,8.051931697506033,0,-0.0047817226492975
2017-08-02,66.28178821074192,1.253391633145616,7.429255028157683,0,-0.0023933791323519
2017-08-03,64.78852121708998,1.195368302493967,8.713920032180209,0,-0.0035113730419348
2017-08-04,67.69553668375964,1.417403298471441,6.322078358809332,0,-0.0158555872541116
2017-08-07,65.60265184551804,1.0961149637972656,7.882631697506033,0,-0.0238621016728498
2017-08-08,71.49114474311867,1.6141732904263888,3.1059833467417537,0,-0.0271991209876965
2017-08-09,72.36901437632703,1.9501432823813363,2.6526066773934027,0,-0.0115622893793797
2017-08-10,72.6936760741177,1.8744666130329852,2.285006677393403,1,0.0078154123801796
2017-08-11,70.97875815511752,1.696043282381336,3.6485716814159286,1,0.0197151930245348
2017-08-14,71.90422213867745,1.4735849557522132,2.5939716814159284,1,0.0044061798454819
2017-08-16,72.02339984428059,1.0627916331456158,2.0760183427192276,0,-0.0145486533120956
2017-08-17,70.57209229230448,1.8548732904263887,4.173060016090105,0,-0.0140929748761113
2017-08-18,71.6327340478206,1.810184955752213,3.1746833467417535,1,0.0015337815794099
2017-08-21,73.07092381083899,2.1132849557522126,2.1846183427192276,1,0.0104735958488443
2017-08-22,66.06654139189544,1.8252266291230899,8.194631697506033,1,0.0149659649729077
2017-08-23,67.0798835205262,2.2083082864038626,7.666555028157682,0,-0.0057459868859941
2017-08-24,64.10231900439406,1.81162662912309,9.947185036202734,1,0.0027708215453465
2017-08-28,66.29456305038393,1.8542549477071617,8.018631697506034,1,0.0005143540180062
2017-08-29,69.44442698481792,1.8927849557522136,5.2249250201126305,1,0.0180425673898533
2017-08-30,69.42119608311438,1.871896621078038,5.2249250201126305,1,0.0028741385378954
2017-08-31,64.72975904840072,2.0637966210780387,9.635185036202733,1,0.0034524269197626
2017-09-01,65.17271428139593,2.0087082864038632,9.181808366854384,0,-0.0058520271981822
2017-09-04,69.28788856149639,1.7785199517296877,5.251413354786806,1,0.0017185122219576
2017-09-05,67.26691329640488,2.491366613032987,7.781443362831858,0,-0.0017498873072916
2017-09-06,67.63703586517505,2.515078278358811,7.472355028157683,1,0.0090201266626286
2017-09-07,72.17067219403496,2.29897827835881,3.179783346741753,1,0.0162966606599977
2017-09-08,72.17056097932078,2.272389943684635,3.153295012067578,1,0.0144400708367775
2017-09-11,73.2326355525624,2.3567782783588105,2.282706677393403,1,0.0080179002296036
2017-09-12,72.0401580138301,2.7345132743362845,3.732671681415929,0,-0.0007582346876505
2017-09-13,73.45472945783814,3.57955325824618,3.3057833467417534,1,0.0072952617888044
2017-09-14,71.82260163310352,2.8151832662912333,4.008960016090104,1,0.0060244867558461
2017-09-15,70.36208365965373,2.7538065969428827,5.260825020112629,1,0.0055125704758867
2017-09-18,71.85015138778625,2.1477899436846357,3.316795012067578,0,-0.0030776843035819
2017-09-19,71.74925369491314,2.0570666130329864,3.316795012067578,0,-0.0182135559263397
2017-09-20,71.0302765148975,1.979666613032986,3.8858716814159284,0,-0.0268381606871658
2017-09-21,64.13254900684655,1.838808286403863,9.947185036202734,0,-0.025049575690477
2017-09-22,64.50479762874481,1.7466316170555123,9.52029670152856,0,-0.0232140636553607
2017-09-25,66.78488277805837,2.0314549477071617,7.754955028157683,0,-0.0105542548474193
2017-09-26,66.45727760346408,1.7368849557522137,7.754955028157683,0,-0.0084333743299918
2017-09-27,67.31928987946591,2.0850849557522135,7.328066693483508,1,0.0126307799305269
2017-09-28,64.88903149265629,2.207008286403863,9.635185036202733,1,0.014829687765636
2017-09-29,65.66167903269753,2.448366613032986,9.181808366854384,1,0.0101742478377416
2017-10-03,69.94920274640575,2.3731482703137594,5.251413354786806,1,0.0121175723617141
2017-10-04,67.63619804169676,2.370036604987935,7.328066693483508,1,0.0074207835143314
2017-10-05,65.18813232706057,2.4759482703137596,9.635185036202733,1,0.0128859670128479
2017-10-06,72.60837250941725,2.6660532582461802,3.153295012067578,1,0.000510906870789
2017-10-09,73.09735766052161,2.9307415929203566,2.9783066773934026,1,0.0107194649588311
2017-10-10,75.76119656259922,4.086698230088496,1.7390416733708767,1,0.0149127830547044
2017-10-11,73.27132708899245,3.994733226065971,3.8858716814159284,1,0.0243437288437889
2017-10-12,72.25303773977377,4.363791552695092,5.170536685438455,1,0.0135805558276367
2017-10-13,75.04025643840477,4.25083322606597,2.551418342719227,1,0.0042594392679
2017-10-16,71.54419040392114,2.8551349155269525,4.299248350764279,0,-0.0082739192355327
2017-10-17,70.30122881119794,2.5952882542236546,5.157025020112629,0,-0.0048581584631863
2017-10-18,71.01590753803713,2.614611584875303,4.533736685438454,0,-0.0003085429695046
2017-10-19,72.1924739463986,3.025158246178602,3.886360016090104,1,0.0145585907574658
2017-10-23,66.795485217652,2.3123765888978296,8.026343362831858,1,0.0154859843726942
2017-10-24,66.17941502160859,2.3448182622687064,8.612731697506034,1,0.0112369215691098
2017-10-25,69.00989624405317,2.498036604987933,6.220890024135157,1,0.0066121543969038
2017-10-26,64.8790017685779,2.1979899436846346,9.635185036202733,0,-0.0008220861138744
2017-10-27,62.59190633441298,2.327258246178602,11.820921721641193,1,0.0113132150030257
2017-10-30,60.40641301262618,1.1476115848753028,12.606386725663716,1,0.0057871617610388
2017-10-31,58.846850954697125,0.506189943684635,13.367263395012067,1,0.0112759639599459
2017-11-01,63.116031666810656,1.0252899436846352,10.047680048270315,1,0.0010817383535463
2017-11-02,56.5312586065862,1.6446699115044265,16.587835076427996,0,-0.0070906407857893
2017-11-03,59.48562380491994,0.1671849557522132,12.453898390989544,0,-0.0143915105252817
2017-11-06,63.22831406013501,0.3392849557522131,9.260715044247789,0,-0.0137617624099934
2017-11-07,60.06028320661439,-0.2201567176186635,11.54984505229284,0,-0.0027476930391398
2017-11-08,61.757675547695435,0.07460828640386258,10.318380048270315,0,-0.0076188617819418
2017-11-09,60.72559002660442,0.265961625100564,11.43774505229284,0,-0.0119393188653553
2017-11-10,61.37629434567615,0.3274732904263887,10.914168382944492,0,-0.0199323617752276
2017-11-13,62.355847601000846,0.4174732904263885,10.123391713596142,0,-0.0009980577842827
2017-11-14,60.929103648369164,-0.39891174577634647,10.589880048270315,1,0.0094772621695707
2017-11-15,62.125768425563756,-0.1772167337087679,9.735580048270313,1,0.017701571102048
2017-11-16,60.865824354933515,0.07014328238133638,11.115833386967012,1,0.0109193871309924
2017-11-17,62.73866162074562,0.7085732904263888,10.070280048270314,1,0.005691888206394
2017-11-20,55.507582814710474,0.15494328238133637,16.018558407079645,1,0.0048432108232159
2017-11-21,52.45558782874937,-0.7484633950120667,17.859388415124698,1,0.0060627894889794
2017-11-22,57.419612127902845,-0.2643633950120666,13.880028399034595,1,0.0055202544982758
2017-11-23,59.319709972246294,0.17856661303298538,12.614463395012068,1,0.0020753904838213
2017-11-24,56.802207355289354,0.574154947707161,15.273693403057122,0,-0.0027372191925149
2017-11-27,52.60454325170433,-0.792075060337891,17.681841753821395,0,-0.0167752562979865
2017-11-28,57.075880819753365,-0.30348004827031283,14.149981737731295,0,-0.024249616298945
2017-11-29,54.5851809489123,-0.4999683829444882,16.193035076427996,0,-0.0227985305316029
2017-11-30,57.891201436675786,-0.20964006436041738,13.51071673370877,0,-0.0106465556775319
2017-12-01,54.56375355082389,-0.38167007240546924,16.330600080450523,0,-0.007706116217227
2017-12-04,62.50478817146783,0.6681599356395831,10.240156717618666,1,0.0038384925754755
2017-12-05,60.64218265935971,0.04732992759453075,11.294110056315361,1,0.0144626464290984
2017-12-06,61.82590018278984,0.23801826226870615,10.420445052292838,1,0.0273163621070865
2017-12-07,62.03567153352425,0.6924366049879338,10.68624505229284,1,0.0071985943131683
2017-12-08,64.50346117324553,0.2904716009654076,8.065338374899437,0,-0.0071070655869382
2017-12-11,61.104520747053485,0.32985824617860193,11.160921721641188,0,-0.006819196897058
2017-12-12,60.70075201412375,0.08719324215607549,11.281310056315363,1,0.0090505833268146
2017-12-13,61.55553721263348,1.1487482703137584,11.574275060337891,1,0.0190271850380396
2017-12-14,63.161635246936676,1.0414599356395828,10.02284505229284,1,0.0203817765442491
2017-12-15,61.51731827163404,0.5624299275945308,11.022321721641191,1,0.0106799491361925
2017-12-18,63.17879380735177,0.8059999195494787,9.771956717618664,1,0.0049498277887171
2017-12-19,51.67695133608709,0.04439991954947803,19.35237176186645,1,0.0028440289829682
2017-12-20,53.0322731634873,0.32299991954947804,18.412318423169747,1,0.0083239657386945
2017-12-21,57.307166625629215,0.11099493161705631,14.35649340305712,1,0.0048205988421141
2017-12-22,54.10609202844021,0.10311826226870568,17.22690008045052,0,-0.0014400910413582
2017-12-26,52.603201248890244,-0.7703700724054692,17.704753419147224,0,-7.596547372866473e-05
2017-12-27,58.574308158248414,0.40458326629123204,13.510716733708769,0,-0.0046386282921086
2017-12-28,55.882650725139406,0.3501899436846348,15.876558407079644,0,-0.0033172282355996
2017-12-29,56.252864108821,0.09228326629123201,15.28577007240547,0,-0.0024625051068893
2018-01-02,61.516526795076054,0.589418262268706,11.050021721641187,1,0.0111090826089418
2018-01-03,64.97282064042021,1.1525782783588099,8.505415044247789,1,0.0171268925240507
2018-01-04,64.9140862977777,0.6290016090104595,8.03465004022526,1,0.0125061937068696
2018-01-05,62.654214400397024,0.3561299275945308,9.793768382944489,1,0.0069227615374463
2018-01-08,61.772732123170805,-0.2751884151246967,9.95504505229284,1,0.0025946204414354
2018-01-09,58.627277856627444,-1.1022417538213998,11.956263395012066,1,0.0041513786122362
2018-01-10,62.119088116469335,0.35635325824617986,10.275156717618664,1,0.0102322665952881
2018-01-11,63.85708680178258,1.0866182622687064,9.442680048270313,1,0.0046132347939927
2018-01-12,65.48027110246299,1.9599465808527776,8.856503378921964,1,0.0099955186693818
2018-01-15,62.9683032740972,0.22515824617860192,9.380380048270313,1,0.0069995716826546
2018-01-16,61.27249388613214,0.15570490748190047,10.835733386967012,1,0.0179906357924038
2018-01-17,52.89322515526699,-0.36484505229283926,17.84950008045053,1,0.0163324284551686
2018-01-18,55.964551101691576,0.19353161705551136,15.646258407079646,1,0.0243565899451471
2018-01-19,53.40876467594132,0.09880828640386236,17.84960008045053,1,0.017406618546914
2018-01-22,55.24693444536357,-0.6757333869670145,15.42224674175382,1,0.0093893142315672
2018-01-23,51.883147174023605,-0.8480033789219624,18.274565084473053,1,0.00420454295223
2018-01-24,54.20960331183283,-0.8782500402252608,16.152458407079646,0,-0.0032842977436342
2018-01-25,53.12465742814775,-0.8399267095736119,17.166323411102177,0,-0.0037968399283984
2018-01-29,57.334508803371584,-0.7695733708769107,13.45134006436042,0,-0.0102496461099808
2018-01-30,55.86405379968403,-0.5202200321802092,15.022870072405471,0,-0.0265074379932029
2018-01-31,55.388140090617085,0.0899333065164929,16.06094674175382,0,-0.0332976127376812
2018-02-01,60.94985266354297,0.3403099758648436,11.310445052292838,0,-0.0482218808291703
2018-02-02,61.16588353270345,-0.42942003218020836,10.34646838294449,0,-0.0267375714509102
2018-02-05,59.719728899326455,-0.016716733708768805,12.05949839098954,0,-0.0084450260414895
2018-02-06,62.054919105320295,1.067819951729687,11.044321721641191,0,-0.0041330261379826
2018-02-07,61.542069137588896,0.36711995172968737,10.804756717618664,1,0.0060000798569616
2018-02-08,60.72542503872596,1.3065782783588107,12.478510056315363,0,-0.0072066827543798
2018-02-09,61.938366084866225,1.3933316170555123,11.474633386967016,1,0.008623678175136
2018-02-12,59.58338708599344,0.1224666130329859,12.321275060337891,0,-0.008331773779731
2018-02-14,59.58892930082856,1.0247382944489147,13.218563395012065,0,-0.0117342445012668
2018-02-15,55.556426474035504,1.0673499597747393,16.88704674175382,0,-0.0177083825189335
2018-02-16,52.242841506779,0.6630199517296874,19.46216508447305,0,-0.0052614661120096
2018-02-19,46.98638737714248,-0.6829333869670142,22.84261343523733,1,0.0004142362458143
2018-02-20,49.189925308672166,-0.05655004022526078,21.487660096540633,1,0.0125316666032885
2018-02-21,50.747409539322675,-0.022461705551085287,20.12131842316975,1,0.0176505591561662
2018-02-22,50.07134826541931,0.23593829444891445,20.987606757843928,1,0.0163924003006212
2018-02-23,55.4468206600953,-0.2070683829444881,15.711181737731296,1,0.00017156010126
2018-02-26,50.13598996147179,0.07856162510056408,20.77210675784393,0,-0.011810440523186
2018-02-27,50.14818465935459,0.6031032984714407,21.28568342719228,0,-0.0186921330121524
2018-02-28,51.268038989731444,0.12159163314561616,19.797241753821403,0,-0.0234895406535459
2018-03-01,49.24656697154815,-0.18876170555108518,21.30451842316975,0,-0.0295132894055781
2018-03-05,57.87830240876084,-1.4453150442477871,12.286640064360416,0,-0.0112808516152002
2018-03-06,59.06574933823777,-1.1273617055510856,11.536886725663717,0,-0.002187917517076
2018-03-07,63.4379093283614,-0.9260200321802088,7.806950040225262,1,0.0259739713033966
2018-03-08,65.10806882748504,1.729176588897829,8.960403378921963,1,0.0178238347808756
2018-03-09,68.50932248394278,1.6345815768302518,5.807531697506033,1,0.0178367195627175
2018-03-12,63.37298767185787,0.7099999195494783,9.501345052292839,0,-0.0058946688148853
2018-03-13,65.49134067964528,1.0319232502011277,7.9185267095736105,0,-0.0224720929617878
2018-03-14,64.27989919795355,1.1759182622687057,9.151803378921963,0,-0.030887379421445
2018-03-15,63.17851205744434,1.078446580852777,10.044656717618665,0,-0.0230233020900104
2018-03-16,65.50068271563588,0.9131465808527777,7.791350040225261,0,-0.0039213038689422
2018-03-19,53.794707470698114,0.5638865647626732,17.967653419147226,1,0.002028799745811
2018-03-20,58.11289495108595,0.8168865647626731,14.337905068382947,0,-0.0125533394219154
2018-03-21,62.022689027469056,1.4272399034593741,11.432721721641194,0,-0.002425331097814
2018-03-22,64.36547332845905,1.6672515687851983,9.56619171359614,1,0.0068378355876719
2018-03-23,62.13941258311638,1.14012823813355,11.040656717618667,1,0.0115008663839414
2018-03-26,64.46116432956876,1.7488932421560759,9.56179171359614,1,0.0079784323391791
2018-03-27,62.06881163941882,0.8133699115044264,10.777380048270315,1,0.0059571915575823
2018-03-28,62.96581762970905,1.351311584875304,10.508768382944494,1,0.0014524187296931
2018-04-02,67.07351448736952,2.9149415124698344,8.378915044247787,1,0.0110387522013456
2018-04-03,69.85485177970808,2.6808298471440097,5.643931697506033,1,0.0084173781204378
2018-04-04,72.10483666215688,4.906341512469833,5.846343362831859,1,0.0244748962604015
2018-04-05,71.52485192774085,4.392241512469834,5.853743362831858,1,0.0074394623151142
2018-04-06,69.87330599601694,4.357964843121485,7.304473370876911,1,0.0082463266265532
2018-04-09,66.66012939478576,3.002018181818185,8.837691713596138,1,0.0076111318567943
2018-04-10,68.13104965713276,2.937683185840711,7.450761705551085,1,0.0075038002607462
2018-04-11,68.96387178378598,3.275436524537413,7.03967337087691,1,0.0106181322733663
2018-04-12,65.21953925497584,2.6511715205148865,9.78216838294449,1,0.0085732423708096
2018-04-13,66.49228044398004,2.153041512469835,8.13963837489944,1,0.0043414581586306
2018-04-16,64.02899683437559,2.909934835076432,11.111421721641193,1,0.0035034275996517
2018-04-17,62.849727899512416,3.3046581657280805,12.566498390989544,1,0.0014540978986318
2018-04-18,64.91254584425081,3.8343348350764317,11.241368382944492,1,0.0055421748707038
2018-04-19,62.63773968073853,3.8113465004022564,13.263798390989544,1,0.0046318128667782
2018-04-20,64.28093153534064,3.2306115044247825,11.205568382944493,1,0.0006151051077325
2018-04-23,63.46768328785481,0.3525282381335491,9.058726709573614,1,0.0031222758533097
2018-04-24,64.87503508061475,0.8001999195494784,8.240961705551086,1,0.0073169970667853
2018-04-25,63.378718942759804,1.199123250201127,9.985315044247791,1,0.0158427332468758
2018-04-26,61.643244822511036,1.5797815768302503,11.926445052292841,1,0.009397398066117
2018-04-27,61.9553318313561,-0.49622011263073,9.569826709573613,0,-0.001183794784966
2018-04-30,64.31417739810742,1.1158399034593742,9.060903378921962,0,-0.0113403470259371
2018-05-02,68.5905611195247,2.0178282381335504,6.117731697506034,0,-0.0002379447186332
2018-05-03,67.32687654821808,1.1389716009654078,6.375131697506033,1,0.0035658492412869
2018-05-04,64.7491344768553,-0.1062817377312939,7.447685036202736,1,0.01155914452507
2018-05-07,62.67764178441135,0.04068326629123209,9.457256717618666,1,9.798409399365217e-05
2018-05-08,64.80714963697767,-0.32242839903459275,7.17937337087691,1,0.0082418942410792
2018-05-09,66.12069553145406,0.25389662107803795,6.574608366854384,1,0.0060236952558429
2018-05-10,61.57536868404715,0.5254499597747394,10.933145052292838,1,0.0079281402703478
2018-05-11,63.17584666216256,0.3379966210780381,9.306603378921963,0,-0.0060703002491644
2018-05-14,63.2895191946777,1.4093599356395825,10.275756717618663,0,-0.0115314480189244
2018-05-15,63.142029962809765,0.5993782783588101,9.598391713596138,0,-0.0192030949652533
2018-05-16,59.58238615356587,0.8297432823813361,13.029451729686247,0,-0.0211130348064744
2018-05-17,55.88257288378675,0.8908316170555116,16.417270072405472,0,-0.0137612094597558
2018-05-18,56.00397300474417,0.17070160901045972,15.587981737731296,0,-0.0157944952950457
2018-05-21,56.04754322558273,0.7529666130329855,16.13107007240547,0,-0.0002710342827407
2018-05-22,60.53317371859589,-0.41235172968624234,10.932445052292842,1,0.0064753310779369
2018-05-23,56.43965293439776,-0.04725172968624186,14.978281737731297,1,0.0244626053167076
2018-05-24,58.9501749714793,-0.37178173773129564,12.396386725663717,1,0.0112971507180809
2018-05-25,56.72561191165598,-0.38628173773129454,14.382128399034595,1,0.0008671269894637
2018-05-28,61.95362102158158,0.3337716009654075,10.401356717618663,1,0.0044341210024332
2018-05-29,61.29800473421264,0.5618782783588102,11.218968382944489,1,0.0058979518821964
2018-05-30,67.97514711713677,2.5794366049879325,7.2326967015285595,1,0.0013322131533928
2018-05-31,64.60990662826856,1.1801716009654073,8.859326709573613,0,-0.0134089860071394
2018-06-01,65.7713478355024,0.7498532582461798,7.384685036202735,0,-0.0010804061693997
2018-06-04,65.50054555380414,2.2367649235720037,9.115091713596138,1,0.0130722037578048
2018-06-05,68.12443618423424,1.8378832662912319,6.356908366854384,1,0.0163387028507674
2018-06-06,68.51060704520697,2.163024939662108,6.334820032180208,1,0.0095289381391674
2018-06-07,65.29081500267525,1.678618262268706,8.745526709573612,1,0.0068946004956776
2018-06-08,66.55407699385714,1.6944415929203558,7.625473370876911,1,0.0082361322660159
2018-06-11,63.65638692123371,-0.3329083668543841,8.203615044247787,1,0.001954156676508
2018-06-12,64.05598881550392,-0.28655502815768275,7.890661705551085,0,-0.0023221950783307
2018-06-13,65.60916904566318,0.2939399839098957,7.074596701528559,0,-0.0052501557805867
2018-06-14,59.818962129345365,-0.6306316975060335,11.356356717618667,0,-0.0090713264663106
2018-06-15,56.29059560190184,-0.9156967015285593,14.24386339501207,0,-0.0042288649040427
2018-06-18,58.29799524562017,-1.0541617055510861,12.300421721641193,0,-0.005454740452162
2018-06-19,58.856168922499364,-0.8593617055510858,11.993333386967016,1,0.010347338086562
2018-06-20,59.88828039070794,-1.5330683829444887,10.391591713596139,0,-0.0008915926198377
2018-06-21,55.573566513577035,-0.9724450522928397,14.831840064360417,1,0.0026080604269708
2018-06-22,58.83887132132336,-1.4328033789219625,11.435445052292842,0,-0.0139999727665581
2018-06-25,58.32755241247284,-0.8538967015285598,12.474110056315368,0,-0.016238053816194
2018-06-26,61.78233738819525,1.1211599356395823,11.342756717618666,0,-0.0051062673062008
2018-06-27,61.331663871930964,1.133819951729687,11.760645052292842,0,-0.0013221623497009
2018-06-28,60.718789197622655,1.873788254223654,13.051686725663718,1,0.0104092254636753
2018-06-29,65.72773126774354,1.647499919549479,8.321550040225262,1,0.0051759082606815
2018-07-02,65.42769991602036,1.823476588897829,8.767303378921964,1,0.0086373951352958
2018-07-03,65.94609209858689,1.3071415929203551,7.78485004022526,1,0.0067761191255129
2018-07-04,66.16310537930138,1.893671600965408,8.176250040225261,1,0.0076771193051049
2018-07-05,64.34533979680802,1.0610716009654073,8.978115044247787,1,0.01820578467938
2018-07-06,66.5815729753756,1.093488254223654,6.99979670152856,1,0.0161736783129427
2018-07-09,66.36435766503553,1.2520182622687064,7.353638374899437,1,0.0155698173183283
2018-07-10,67.89330051374888,0.7692016090104593,5.4960550281576825,1,0.0065236970620948
2018-07-11,66.25032554126032,1.041243282381336,7.245396701528559,0,-0.0010463717218945
2018-07-12,64.79429507705383,0.4282249396621088,7.941585036202735,0,-0.0013753193657213
2018-07-13,58.886345151787566,0.07685993563958265,12.902421721641192,0,-0.0034955613826355
2018-07-16,63.02483372225899,0.5429232502011274,9.64731504424779,1,0.0018498266209968
2018-07-17,62.81635802741834,1.3600465808527762,10.651891713596141,1,0.0001952925420353
2018-07-18,63.77967393447367,0.7857699115044265,9.211438374899437,1,0.0094538709662662
2018-07-19,59.4477940706837,0.40889324215607575,12.729621721641191,1,0.0160427859253077
2018-07-20,61.498280155707576,1.4507232502011282,11.927733386967017,1,0.0110017277897738
2018-07-23,62.44455426437677,1.7505999195494788,11.376756717618665,1,0.007419575158103
2018-07-24,63.07237429944627,2.008023250201128,11.06966838294449,1,0.0128545248820422
2018-07-25,64.31688735085311,1.2912999195494788,9.233926709573613,1,0.0167074756710582
2018-07-26,64.39721032160409,1.6296999195494788,9.500103378921963,1,0.0168004022568277
2018-07-27,65.22927246613166,2.4292582461786028,9.551503378921964,1,0.005997927331971
2018-07-30,64.99216824282804,1.5243748994368485,8.859815044247787,0,-0.00663441280309
2018-07-31,67.71283419546283,2.8999399034593747,7.789061705551085,1,0.0003785661193321
2018-08-01,69.61951222881608,3.5494982300884974,6.724208366854384,1,0.0035982496275549
2018-08-02,67.39247461923419,3.5568498793242176,8.734026709573612,1,0.0127905817896715
2018-08-03,71.10180037072436,5.66157980691875,7.503473370876911,1,0.0078208966515823
2018-08-06,71.74254913868474,6.037528157683029,7.303285036202736,1,0.0073148223155765
2018-08-07,73.68620977762276,5.733874818986326,5.251966693483507,1,0.0035102439966817
2018-08-08,70.93394587260386,5.526274818986329,7.51909670152856,0,-0.0082655064257945
2018-08-09,72.03656746959857,5.1965564762671,6.197943362831857,0,-0.0031083855324074
2018-08-10,72.6935721067019,5.841398149637978,6.252031697506034,0,-0.0038966410683844
2018-08-13,64.99297072454277,5.103503137570398,12.438221721641193,1,0.010076093397739
2018-08-14,60.734151591193786,2.179524859211588,13.343610056315368,1,0.0101493681246579
2018-08-16,61.90570966903185,3.137921560740146,13.248586725663717,1,0.0161922343118804
2018-08-17,63.45434306946874,2.3691632341110234,11.087356717618666,1,0.0097166053901752
2018-08-20,66.64282445683858,2.6550165728077246,8.506250040225263,1,0.0004630260783711
2018-08-21,65.28723385308973,2.0563865647626725,9.126515044247787,1,0.0104072452500666
2018-08-23,61.42793125694149,2.7099098954143215,13.250175060337892,1,0.0133571155610574
2018-08-24,65.13285297732861,3.865614883346744,11.074556717618666,1,0.0115963276353418
2018-08-27,66.86390445612798,3.4232448913917963,9.075691713596138,0,-0.0012966035515371
2018-08-28,65.98143797789136,2.058799919549478,8.504726709573614,0,-0.0049532532204124
2018-08-29,68.34370337473533,2.402339903459374,6.724208366854384,0,-0.009413906702946
2018-08-30,68.52335405880223,2.830051568785199,6.990385036202735,0,-0.0134932706646579
2018-08-31,70.43767253407194,3.767468222043446,6.206520032180209,0,-0.0175801085531371
2018-09-03,63.9998624265933,1.1129549477071607,9.34063837489944,0,-0.0039317935098196
2018-09-04,65.53836786179642,0.7460016090104594,7.590320032180207,1,0.0059543045918985
2018-09-05,65.8513724144016,0.7877549477071606,7.350631697506032,0,-0.0033907879077692
2018-09-06,62.86992647790295,1.206836604987933,10.45051504424779,0,-0.0218546753999
2018-09-07,65.91439778397657,0.9059132743362843,7.412120032180208,0,-0.0190954885382222
2018-09-10,57.82890267586494,0.6992016090104597,14.475575060337897,1,0.0067180135292956
2018-09-11,56.33959306500294,-0.393828399034593,14.721675060337896,1,0.0079637751168538
2018-09-12,57.09911172145689,-0.6215633950120673,13.811010056315371,0,-0.0080357890647562
2018-09-14,61.74121576999772,0.9255966210780379,11.184168382944494,0,-0.0246918527254386
2018-09-17,56.06147843821597,-0.44725671761866387,14.918316733708771,0,-0.0208392215913892
2018-09-18,58.160042653124435,0.008773290426388192,13.487398390989544,0,-0.028006487415777
2018-09-19,58.496469042429176,-0.3817900241351567,12.794333386967018,0,-0.0149676811641085
2018-09-21,57.35716511063069,-0.07197835880933195,14.128563395012073,0,-0.0080462120191875
2018-09-24,58.644723803737556,-0.4523200321802089,12.590498390989545,1,0.0009250420460089
2018-09-25,60.564250849699874,-0.4769733708769103,10.839880048270315,0,-0.0124558954521678
2018-09-26,63.783375603946546,-0.06879002413515656,8.353550040225263,0,-0.0041247265227702
2018-09-27,65.84603598705047,-0.3018666934835073,6.265808366854384,0,-0.0109271184982196
2018-09-28,65.30040362575535,-0.12399002413515647,6.93429670152856,0,-0.0307692285318805
2018-10-01,66.36512140501958,0.14228664521319412,6.243220032180209,0,-0.0649098251001611
2018-10-03,66.54693151557609,-0.15260168946098118,5.784855028157683,0,-0.0481270635525908
2018-10-04,64.06582205727152,-0.1695016894609812,7.998873370876911,0,-0.0285374121103513
2018-10-05,65.7722876579945,0.3458216411906682,6.979808366854385,1,0.0138283101940739
2018-10-08,63.97319684230916,-0.4160867256637164,7.8355733708769115,0,-0.0110190740200853
2018-10-09,65.00629626938651,-0.23432839903459368,7.0884083668543845,1,0.0165069420515967
2018-10-10,63.363884796712796,1.2299616251005632,10.02949171359614,1,0.0049970064785427
2018-10-11,61.32883160984153,0.2643732904263881,10.893745052292841,1,0.0336352638364995
2018-10-12,69.48719275553971,1.8206916331456164,5.114378358809332,0,-0.0018589719841283
2018-10-15,73.5598811358966,3.6885549477071597,3.320236685438455,0,-0.0200765292509824
2018-10-16,71.44197298696591,3.539066613032985,5.0750900241351555,0,-0.0326001024395645
2018-10-17,73.1707927452378,4.039766613032985,4.021301689460982,0,-0.0297354170114183
2018-10-19,71.95995923135204,3.2134316170555097,4.283701689460981,0,-0.0076772442958722
2018-10-22,70.51472956797919,2.634866613032985,5.004631697506032,0,-0.0118164471399049
2018-10-23,72.63505849350416,2.8495899436846335,3.3128366854384543,0,-0.0115777828696619
2018-10-24,72.86643144590583,3.09603161705551,3.3512366854384545,1,0.0025493772232343
2018-10-25,73.09173948326304,3.392208286403861,3.4448250201126305,1,0.0072331088402606
2018-10-26,73.00368337675499,3.2216549477071594,3.35344835076428,1,0.0349359118547576
2018-10-29,70.03344238981397,-0.17254835076427977,2.6299716814159293,1,0.0125636004237558
2018-10-30,69.2806689102483,-0.37783668543845517,3.10154835076428,1,0.0341793344480729
2018-10-31,67.31967174945794,0.21690498793242174,5.459543362831858,1,0.0131418493494444
2018-11-01,69.67901406930106,0.16732831858407093,3.288536685438455,1,0.0143040967466822
2018-11-02,69.75616370757609,-0.2232783588093319,2.8285600160901048,1,0.004292866639741
2018-11-05,70.9642575637402,1.6264699115044265,3.5920366854384547,1,0.0057984358925383
2018-11-06,70.93092464392042,2.5868282381335495,4.582366693483507,0,-0.004549745619755
2018-11-07,71.33490283271972,2.9235815768302507,4.5558783588093315,0,-0.0015013529157523
2018-11-09,70.47665145719704,2.6875515687851994,5.091555028157682,0,-0.0008411502516131
2018-11-12,70.47358933943528,2.319074899436849,4.725831697506032,1,0.0127496525364301
2018-11-13,70.73198004113718,2.3422332260659724,4.516655028157682,1,0.0093771114149266
2018-11-14,71.22723956315556,3.3075515687851986,5.036655028157682,1,0.0175358411319912
2018-11-15,71.41556499492803,3.048686564762673,4.608455028157682,1,0.0037136493281118
2018-11-16,71.31515850783188,2.428739903459375,4.078790024135156,0,-0.0077200867398397
2018-11-19,71.58295611331826,3.5996865647626715,5.008943362831857,0,-0.0222318534201244
2018-11-20,69.46151513012435,1.285479967819791,4.602255028157682,0,-0.0025934014385082
2018-11-21,69.85071473549733,1.5144566371681418,4.481278358809331,1,0.00803832259273
2018-11-22,70.60986637444722,1.7688566371681418,4.053078358809331,1,0.0190167382263369
2018-11-26,71.95102501247104,1.743456637168142,2.8217600160901046,1,0.0214181210476707
2018-11-27,69.52378239650288,1.9408566371681415,5.201643362831858,1,0.0177304428880586
2018-11-28,70.8460085859996,2.2641983105390184,4.3360900241351565,1,0.014334476403513
2018-11-29,70.73468265711169,1.184544971842317,3.3565366854384546,1,0.0009940999152632
2018-11-30,70.3688844886355,0.7907449718423174,3.2916483507642793,0,-0.0086659375688816
2018-12-03,70.11463467847557,1.1191983105390186,3.8487133547868053,0,-0.0263083653613049
2018-12-04,69.83625682265475,1.6025449718423173,4.582366693483507,0,-0.0163059188959483
2018-12-05,69.5165997870019,1.695321641190668,4.962566693483507,0,-0.0276868942804908
2018-12-06,71.57349552584232,3.1183149637972654,4.536078358809331,0,-0.0049171978435206
2018-12-07,71.58563090324603,2.461861625100564,3.868713354786806,1,0.0040968174026894
2018-12-10,68.01650789617982,1.053149959774739,5.669220032180208,1,0.0284887687628991
2018-12-11,68.50522427093553,2.058961625100564,6.23559670152856,1,0.0240053485212281
2018-12-12,69.29838909154903,2.208956637168142,5.672408366854383,1,0.013941809891936
2018-12-13,70.71482711750969,1.9154333065164924,4.105278358809331,1,0.0107972155259689
2018-12-14,70.2012375674554,1.3622566371681422,4.0139016894609805,1,0.0148674817184931
2018-12-17,68.51305564784799,0.9042382944489145,5.073831697506033,1,0.0058012850400772
2018-12-18,68.87999933682745,0.6681149637972652,4.507766693483506,0,-0.0142828576208265
2018-12-19,68.46062162323707,0.9651799678197914,5.181920032180208,0,-0.0280914231400735
2018-12-20,69.48010096095014,0.7530149637972652,4.053078358809331,0,-0.0204651183056961
2018-12-21,68.94300618552887,0.8469799678197913,4.629978358809333,1,0.0023962340455622
2018-12-24,70.65758491307174,0.5240449718423174,2.7653600160901046,1,0.0182504113047532
2018-12-26,69.8586443535652,1.2551099758648432,4.214801689460981,1,0.0122915165247064
2018-12-27,70.3066042486982,0.4617449718423173,3.01864835076428,1,0.001177436014447
2018-12-28,69.7722305206522,0.5189449718423174,3.5563366854384553,0,-0.0174301916742688
2018-12-31,71.09478283857464,2.5180748994368463,4.366278358809331,0,-0.0125245385416809
2019-01-02,70.06262502344578,2.999739903459375,5.776020032180209,0,-0.0019198403247944
2019-01-03,72.0597669663426,2.766898230088498,3.7474250201126305,1,0.0120982737056391
2019-01-04,71.45283489773499,2.725633226065972,4.2518900241351565,1,0.0118430667204124
2019-01-07,66.37413525470961,1.8919632341110237,7.984791713596136,1,0.004612528670146
2019-01-08,68.69716968349701,1.8973748994368482,5.901420032180208,0,-0.0006667562095593
2019-01-09,68.6915681481828,2.288526548672569,6.297608366854384,0,-0.010888021329755
2019-01-10,69.96164761029083,1.9778032180209197,4.844878358809331,1,0.0060069094037915
2019-01-11,69.66862278556057,2.027891552695095,5.158443362831857,1,0.0087940525927158
2019-01-14,69.0993331845788,2.156873209975867,5.799308366854384,1,0.0154881392744874
2019-01-15,67.26253136508818,1.7160032180209197,7.01002003218021,1,0.0018491545274858
2019-01-16,66.95844438941964,2.3272448913917967,7.894685036202736,1,0.0065485781211391
2019-01-17,68.46800805182002,2.337156556717621,6.547255028157684,1,0.0016080304180352
2019-01-18,66.5226328452491,2.174056556717622,8.133361705551089,0,-0.0069416451469154
2019-01-21,60.650568230913834,2.5327049074818992,13.77194505229284,0,-0.0102744162590777
2019-01-22,62.16923852631769,2.4352049074818995,12.30891504424779,0,-0.0131041855268428
2019-01-23,60.893729943017924,1.739493242156076,12.76009171359614,0,-0.0158147440324462
2019-01-24,62.207594629148865,2.2906932421560753,12.12991504424779,0,-0.0183802030446814
2019-01-25,60.60695908939897,1.8778282381335503,13.156280048270313,0,-0.0120146926288477
2019-01-28,58.191295777263655,1.5619399034593746,15.012463395012064,1,0.0157639649192696
2019-01-29,62.278162199484896,3.252709895414322,13.028480048270314,1,0.0224136070764463
2019-01-30,70.49700929720561,3.707421560740146,6.093120032180209,1,0.0241571194371783
2019-01-31,72.01859712229553,3.62795655671762,4.645501689460981,1,0.0095014337397362
2019-02-01,69.4777598151649,1.605998230088498,4.908166693483507,1,0.0153764398812057
2019-02-04,66.41353872636148,0.32189831053901896,6.379296701528559,1,0.0142985333137893
2019-02-05,66.57200672050027,0.15740997586484362,6.072320032180207,1,0.000845600300867
2019-02-06,67.67341792919784,0.8390683024939662,5.763631697506033,0,-0.0158217525140956
2019-02-07,68.30812030298733,0.858191633145616,5.212055028157682,0,-0.0217352215066722
2019-02-08,65.35880244532613,0.5445849557522133,7.550361705551086,0,-0.0182165653147303
2019-02-11,68.3786693524498,1.0407032984714402,5.331131697506033,0,-0.0152132188425172
2019-02-12,69.20697059649822,0.8743266291230899,4.419978358809332,0,-0.0177395575609134
2019-02-14,68.76336659609153,2.1068082864038624,6.0513316975060345,0,-0.0132739508951511
2019-02-15,70.6155827928612,1.8544199517296875,4.1335016894609815,1,0.0010298302156438
2019-02-18,71.80433647286148,3.1809899436846356,4.391190024135156,1,0.0138961117704712
2019-02-19,72.90988302578624,2.9757016090104598,3.191836685438455,1,0.0175083926541012
2019-02-20,70.52574725092636,2.054808286403863,4.414666693483507,1,0.0133840831531753
2019-02-21,72.23459470756731,2.005231617055512,2.8285600160901048,1,0.0042034452404846
2019-02-22,70.1766053424587,1.1786199517296871,3.852413354786805,1,0.0013889984315104
2019-02-25,69.16634197353407,0.517606596942881,4.099790024135157,0,-0.0080839841145331
2019-02-26,69.46761520798674,1.1073115848753035,4.418601689460981,1,0.0025992235401508
2019-02-27,71.85771210942087,1.7523532582461803,2.914560016090104,1,0.0165920269948647
2019-02-28,70.27995530635843,-0.019693403057118475,2.561171681415929,1,0.0238504358813228
2019-03-01,70.4365585974738,0.15951826226870608,2.599571681415929,1,0.017763688012271
2019-03-05,67.9069595237895,0.21098326629123215,4.925555028157683,1,0.0043545749773766
2019-03-06,69.98907693455902,0.6265249396621089,3.4689366854384556,1,0.01035513875854
2019-03-07,68.24882800784476,0.09911327433628436,4.506290024135156,1,0.0217366805648736
2019-03-08,67.63855949781197,-0.3617167337087674,4.594190024135156,1,0.0273779115279243
2019-03-11,67.9888005798626,-0.0021400643604169156,4.6388433628318575,1,0.015565830271354
2019-03-12,68.21276106709094,-0.16851673370876774,4.271090024135156,1,0.0110569345031802
2019-03-13,70.76727223675017,0.653483266291232,2.796171681415929,1,0.0105684660585701
2019-03-14,70.33857843428676,0.33290659694288166,2.8610600160901045,1,0.0165376119067722
2019-03-15,69.63663938427167,-0.015650040225260675,3.1436600160901045,1,0.0082099476740655
2019-03-18,68.71971298658556,0.7402149637972655,4.723990024135157,0,-0.0004624963540868
2019-03-19,68.19627722120488,0.179161625100564,4.633590024135157,0,-0.0155683420875239
2019-03-20,68.26789949713276,0.08947329042638869,4.479501689460982,0,-0.0032863450763722
2019-03-22,67.44942594753716,0.09020997586484353,5.216178358809331,0,-0.0010348464700622
2019-03-25,63.26141157696769,2.029168302493967,10.920838374899436,1,0.0188234180276243
2019-03-26,62.91255696572223,1.8283799678197918,11.033726709573612,1,0.0160591554421164
2019-03-27,61.28063859685719,0.4726099758648437,11.145315044247784,1,0.0231590888718305
2019-03-28,61.99018847328559,0.19094497184231773,10.225650040225261,1,0.0063711906115471
2019-04-01,54.85109166211611,-0.34251335478680567,16.11139340305712,0,-0.0061159378590448
2019-04-02,56.01484985747406,-0.25914835076427967,15.148351729686242,0,-0.0040420686237192
2019-04-03,56.08541930673927,-0.22218334674175344,15.121863395012067,0,-0.0033937778961199
2019-04-04,56.4524278635126,-0.07827168141592888,14.93577506033789,1,0.0063558580010632
2019-04-05,56.17889898712429,-0.35070667739340283,14.909286725663716,0,-0.0070236092649897
2019-04-08,54.1071375183317,-1.4136133547868057,15.709228399034595,0,-0.0006723790402099
2019-04-09,56.23461755892533,-0.4697066773934031,14.740186725663717,0,-0.0024447373148011
2019-04-10,57.45656699691367,-0.13195333869670156,13.979210056315367,1,0.0091129820574674
2019-04-11,58.946792272606594,-0.4017300080450523,12.369480048270315,1,0.0162893801671057
2019-04-12,59.74490798219363,-2.1847783588093317,9.86879670152856,1,0.0093477199335692
2019-04-15,59.608473475020006,-1.772678358809332,10.40357337087691,0,-0.0082371798119812
2019-04-16,64.79974092966275,-1.6719550281576825,5.8365083668543845,0,-0.0180802850093249
2019-04-18,66.77413020307425,-2.1350550281576823,3.598113354786806,0,-0.0022701195279121
2019-04-22,67.08202254721304,-0.08088004827031281,5.3754433628318585,1,0.0040755341795847
2019-04-23,66.41258226192501,-0.27642670957361126,5.781831697506034,1,0.0153192369461633
2019-04-24,66.47332034835185,-0.4610133547868057,5.542631697506034,1,0.0018743908394392
2019-04-25,65.18976350602604,-1.1918733708769098,5.96589670152856,1,0.0070999226202616
2019-04-26,64.48499031499232,-1.2109783588093315,6.58049670152856,0,-0.0036136043651899
2019-04-30,61.73404058674073,-1.7052433628318582,8.55978004827031,0,-0.0128415567230805
2019-05-02,61.6892803774078,-1.857743362831858,8.44752670957361,0,-0.019537582144852
2019-05-03,63.252966684934464,-1.4360900241351562,7.46317337087691,0,-0.0305853059915765
2019-05-06,61.738928486849595,-0.6042600160901044,9.656368382944486,0,-0.0258922195944629
2019-05-07,64.96626273014236,-1.1201250201126305,6.238608366854384,0,-0.0192306864143009
2019-05-08,68.6881373129334,-0.29874167337087687,3.71342502011263,0,-0.0187719467314589
2019-05-09,68.41676598410551,-0.653471681415929,3.6027016894609813,0,-0.0070814122154366
2019-05-10,67.83386372000344,-0.3322183427192275,4.448078358809331,0,-0.0108666199732106
2019-05-13,68.44279022722215,-0.8066483507642798,3.42612502011263,1,0.0097209907981534
2019-05-14,69.15820853638424,-0.8576366854384552,2.7318600160901045,1,0.0163597589269612
2019-05-15,68.73879190211754,-0.36789501206757846,3.5987250201126306,1,0.058423634442597
2019-05-16,69.06853055608389,-0.6366950120675784,3.033436685438455,1,0.0393672765744227
2019-05-17,67.9484019020436,-0.41941834271922757,4.257890024135156,1,0.0285825709813652
2019-05-20,70.31035960186259,0.8326099758648438,3.386136685438455,0,-0.0145795908568926
2019-05-21,69.2525964553562,-0.8785666934835076,2.626060016090104,1,0.0114635360281548
2019-05-22,69.48198051646152,0.17655164923572036,3.4749250201126305,1,0.0157931494331089
2019-05-23,69.52451643151099,0.24128664521319415,3.5014133547868056,1,0.0230403055525792
2019-05-24,67.72555356195697,-0.329006677393403,4.548678358809331,1,0.0014342847066741
2019-05-27,64.84172819738532,-0.88614835076428,6.584561705551085,1,0.0017720510781684
2019-05-28,67.7910590286053,-0.7664833467417538,4.052301689460981,0,-0.0004989193677915
2019-05-29,68.83567289172164,-0.7677600160901046,3.1117483507642794,1,0.0189945856005272
2019-05-30,68.86810866758405,-0.2405300080450523,3.609813354786805,1,0.0063210676286415
2019-05-31,68.63939189476378,-0.06269501206757822,3.9933016894609814,0,-0.0066522310988351
2019-06-03,68.87088903543838,-0.18271834271922766,3.66512502011263,0,-0.0181897565832402
2019-06-04,67.6793864820161,-0.8452833467417538,4.073913354786805,0,-0.0082650448460869
2019-06-06,69.86421251551788,0.010174979887369262,2.9648600160901037,1,0.01023556408028
2019-06-07,69.58060202081607,0.28373998390989547,3.4934366854384544,1,0.002990305821878
2019-06-10,69.59868367230608,-0.11837835880933206,3.0750600160901045,0,-0.0007257701137692
2019-06-11,68.74202267614336,-0.4533666934835078,3.5103483507642803,0,-0.0119637055334351
2019-06-12,67.17232522673652,0.33075164923572,5.705878358809333,0,-0.0198536104371915
2019-06-13,69.04770003117187,0.5071399839098953,4.1960016894609815,0,-0.0188562938897056
2019-06-14,69.33616505262098,0.28373998390989547,3.7132250201126302,0,-0.0112143553985917
2019-06-17,71.62433362377848,1.917384955752213,3.2894366854384547,1,0.0135809336380641
2019-06-18,71.87934153713488,1.4833016090104594,2.626060016090104,1,0.002784470273071
2019-06-19,72.44602685277034,2.6941316170555116,3.3273483507642796,1,0.0007011213953944
2019-06-20,71.61701939976057,2.2853849557522135,3.664013354786806,0,-0.0029879572936464
2019-06-21,69.05295673824115,2.611519951729687,6.295655028157683,1,0.0104745428259601
2019-06-24,67.98175513219333,2.6276549477071605,7.274973370876908,1,0.012055606223425
2019-06-25,68.81593778253419,1.879189943684635,5.7764433628318566,0,-0.0006444692467808
2019-06-26,69.77169851526969,2.7120849557522133,5.7499550281576814,1,0.0015223623589474
2019-06-27,69.9763521102229,2.8281016090104574,5.681955028157682,1,0.0057890389170775
2019-06-28,69.19798627283849,2.894401609010458,6.448131697506033,1,0.0107908039509127
2019-07-01,67.99378117381207,1.6019382944489144,6.238443362831857,1,0.0068158173514306
2019-07-02,68.77852517058069,0.8107082864038622,4.74160168946098,0,-0.0083595713923842
2019-07-03,67.87401035289095,1.3148566371681416,6.059055028157681,0,-0.0305152248107307
2019-07-04,67.59176038187678,1.4026449718423173,6.400631697506032,0,-0.0332631458074997
2019-07-05,67.32474682670441,0.8618799678197913,6.099955028157681,0,-0.0267926219541352
2019-07-08,68.0989513727441,0.8941266291230895,5.436066693483507,1,0.0021001239272564
2019-07-09,68.12732409841716,0.3831732904263879,4.899601689460981,0,-0.0002942652909361
2019-07-10,68.67596668323895,1.600544971842317,5.623655028157682,1,0.0077489044896098
2019-07-11,68.18537817921585,1.185914963797265,5.650143362831857,1,0.0068572680566164
2019-07-12,68.3401371671106,1.2985799678197911,5.623655028157682,1,0.011618030852521
2019-07-15,67.65968474619018,0.7502316170555109,5.687143362831857,1,0.0007375379077278
2019-07-16,68.30603871785037,1.0280316170555115,5.383766693483507,0,-0.021086612812067
2019-07-17,62.565765418740185,0.057158326629123124,9.57432670957361,0,-0.0296370085081308
2019-07-18,62.40900456599032,0.007581657280772314,9.665703378921961,0,-0.0231910759557769
2019-07-19,61.85637865126103,-0.5158066773934029,9.639215044247786,0,-0.0130408559281738
2019-07-22,59.94604905321361,-0.36726001609010445,11.50545671761866,0,-0.0083236646045363
2019-07-23,60.07326571266959,-0.7075600160901044,11.050768382944486,0,-0.0041343659586422
2019-07-24,53.43318377668287,-0.014718342719227562,17.714116733708764,0,-0.007310644523152
2019-07-25,52.51373836124708,-0.5219600160901043,18.03360506838294,0,-0.0149302942856257
2019-07-26,55.440609367518746,-0.1262600160901044,15.797575060337891,0,-0.014846962571971
2019-07-29,55.655188898080176,-0.4404950120675784,15.290398390989541,0,-0.0188735912828135
2019-07-30,56.708281026591266,-1.4552366854384555,13.328756717618663,0,-0.0079745925323073
2019-07-31,59.157073349991585,-0.6259183427192276,11.956215044247786,0,-0.0232397199982525
2019-08-01,58.60569674423577,-0.16415333869670157,12.91375671761866,0,-0.0028958099426266
2019-08-02,58.61647159795184,-0.41654167337087683,12.65168004827031,0,-0.0129824706920499
2019-08-05,57.90554079803304,-0.451406677393403,13.256056717618662,1,0.015515233553915
2019-08-06,58.20169260831891,-0.6566950120675784,12.78448004827031,1,0.0146344738662309
2019-08-07,57.86961844535492,-0.29611834271922755,13.443645052292837,1,0.0064596771666478
2019-08-08,57.00492958996893,-0.5610483507642798,13.956210056315362,0,-0.0002764953999262
2019-08-09,57.810674646842855,-0.16820667739340284,13.62455671761866,0,-0.0055827868858965
2019-08-13,56.73896886145923,-0.5216783588093319,14.234721721641188,1,0.0116517657123435
2019-08-14,56.7368242874576,0.016281657280772355,14.774610056315364,0,-0.0011249003290859
2019-08-16,55.404190261748845,-0.16051834271922755,15.796063395012066,0,-0.011754397508111
2019-08-19,65.67297291823736,0.05020997586484349,6.773496701528558,0,-0.0286825273657778
2019-08-20,66.89503357093987,0.07310997586484347,5.697566693483506,0,-0.0171794936134295
2019-08-21,67.6020718558626,0.652763314561545,5.641478358809332,1,0.0126636673728218
2019-08-22,67.47860312332699,0.6331216411906682,5.732855028157682,1,0.0333261946788953
2019-08-23,66.36897499933934,-0.07430168946098109,6.023166693483507,1,0.0198173837443969
2019-08-26,68.8427183393909,-0.24781335478680577,3.6253600160901045,0,-0.0099563899155518
2019-08-27,70.1403327036937,-0.4863133547868058,2.220095012067578,0,-0.0074202956090494
2019-08-28,69.44571154608211,-0.11613668543845501,3.2148483507642793,0,-0.0227257537099377
2019-08-29,69.40800975797721,0.4524399839098956,3.81732502011263,0,-0.0095123222470332
2019-08-30,70.15743382255891,0.06383998390989576,2.754871681415929,0,-0.0160351657087491
2019-09-03,70.06260471311585,0.5881266291230903,3.3644250201126304,1,0.0136406932905552
2019-09-04,70.33946448361455,0.9548683024939673,3.4822250201126304,1,0.0145006362714467
2019-09-05,70.71510144117313,0.9158616251005642,3.105460016090104,1,0.0171639593568562
2019-09-06,69.88939705622703,0.6449966210780385,3.5770366854384545,1,0.0033380486100439
2019-09-09,69.34341807723062,0.45003829444891463,3.873001689460981,1,0.0065990696451379
2019-09-11,67.55270549632823,0.06236331456154509,5.095466693483507,0,-0.0029220682158692
2019-09-12,64.9979978443582,0.3168866452131942,7.647085036202734,0,-0.0151559753252803
2019-09-13,64.77900309859135,0.09348664521319433,7.620596701528559,0,-0.0214686194243864
2019-09-16,67.52707976514797,0.0769099758648435,5.133055028157682,0,-0.0275211649988106
2019-09-17,67.98903419339332,-0.528471681415929,4.112301689460981,1,0.0413424920803445
2019-09-18,70.78051609291005,1.5376566371681424,3.6684366854384556,1,0.0677193820295821
2019-09-19,70.9726228249644,1.4880799678197918,3.446125020112631,1,0.0792950999832132
2019-09-20,70.04876962056719,0.8828099758648438,3.6715483507642803,1,0.0146165388816962
2019-09-23,71.25653546937639,0.5023333065164928,2.205095012067578,0,-0.0025030870073875
2019-09-24,70.2386390847793,0.9885216411906682,3.606536685438455,0,-0.006562623658796
2019-09-25,71.0456593977442,1.30747497988737,3.1998483507642796,1,0.0029893561983747
2019-09-26,71.35059717044982,1.1216866452131944,2.7398716814159294,0,-0.0184296418982521
2019-09-27,71.0505787922854,0.8519216411906683,2.7398716814159294,0,-0.0173838184120953
2019-09-30,67.12620261478676,0.6011983105390186,6.0177967015285585,0,-0.0264660556299551
2019-10-01,68.56356198057085,0.12762164119066788,4.25180168946098,0,-0.0207689476059536
2019-10-03,71.49226431650439,1.3270566371681423,2.817860016090104,0,-6.187216329157184e-05
2019-10-04,74.33795224981482,3.885789943684635,2.817860016090104,1,0.0053370825458573
2019-10-07,70.61971625815919,3.746831617055512,6.022196701528559,1,0.0159288657105076
2019-10-09,72.11672008410191,3.846173290426388,4.7754900241351566,1,0.0024586793349365
2019-10-10,72.73075504192866,4.406378278358809,4.783578358809331,1,0.0170988839059384
2019-10-11,71.52621441983051,3.8332782783588093,5.293555028157682,1,0.0139621619839579
2019-10-14,72.93927520476043,4.767659935639583,4.957366693483507,1,0.021389976998322
2019-10-15,74.22837793030695,4.84112992759453,3.8717250201126303,1,0.0202300950929396
2019-10-16,72.08201366703572,2.9496016090104584,3.9101250201126305,1,0.0107885925840695
2019-10-17,72.16564158477959,2.835519951729686,3.72084835076428,1,0.0015308028491224
2019-10-18,71.30016125283562,2.8499782783588095,4.513513354786807,0,-0.0068188584434202
2019-10-22,71.96052827848169,2.4599666130329854,3.5297250201126302,0,-0.0003840801005259
2019-10-23,73.27466174096129,2.9742199517296863,2.862360016090104,1,0.0156260193389551
2019-10-24,72.46406403626926,2.2115616251005634,2.8285600160901048,1,0.0223258813111998
2019-10-25,71.33219851676165,1.9216082864038624,3.5563366854384553,1,0.0250254414205887
2019-10-29,68.65111945505791,0.9718032984714405,5.017255028157682,1,0.0087636687240802
2019-10-30,66.3736181912879,1.5039916331456156,7.5972850362027335,1,0.0081731264623983
2019-10-31,68.24607546603717,1.8049032984714404,6.214555028157681,1,0.0033410902851731
2019-11-01,68.80704803164427,0.9797849557522127,4.885031697506033,1,0.0063253014617875
2019-11-04,68.5712932373987,1.1941032984714406,5.311331697506033,1,0.0059073328569329
2019-11-05,67.10287347192782,-0.38493169750603307,5.0526433628318586,0,-0.0007596950672505
2019-11-06,64.26431992226888,-0.3418550281576823,7.648038374899436,0,-0.0044054595005779
2019-11-07,65.62952688567175,-0.06386669348350704,6.698485036202734,0,-0.0143886771262051
2019-11-08,62.64166386911256,-1.1787850362027343,8.270138374899435,0,-0.0030319300777828
2019-11-11,66.14435277114073,-0.34373169750603316,5.955708366854382,0,-0.0015120399035148
2019-11-13,67.46899231098776,-0.30100836685438376,4.807366693483507,1,0.0037133946008911
2019-11-14,69.3154123690616,0.28467996781979144,3.73282502011263,1,0.0057113735686215
2019-11-15,67.71999094731909,-0.23870836685438374,4.643978358809331,1,0.0086756729145762
2019-11-18,68.7100039330909,0.597184955752213,4.589690024135157,1,0.0070348130422272
2019-11-19,67.83668667691967,0.955249959774739,5.733008366854384,0,-0.0021547305492436
2019-11-20,69.92272254980281,0.6312499597747393,3.5333250201126303,1,0.0062020275360089
2019-11-21,71.17549143717606,1.0898382944489144,2.8654716814159293,1,0.0057735485983108
2019-11-22,68.35489535073417,0.6393499597747394,4.951155028157682,1,0.0155155495795257
2019-11-25,69.23796612839116,1.0299849557522127,4.547766693483506,1,0.0063901410019021
2019-11-26,68.7311402760987,1.2214549477071612,5.194955028157683,1,0.0015232168963284
2019-11-27,67.5512986257203,-0.18030168946098102,4.854066693483507,0,-0.0043480309836872
2019-11-28,63.803249664422125,-0.6143083668543841,7.790161705551084,0,-0.0130006159018101
2019-11-29,63.50323128625771,-0.9396500402252606,7.734585036202732,0,-0.0010664233300051
2019-12-02,66.16426020497784,-0.8035200321802086,5.4780200321802095,0,-0.0024764624192823
2019-12-03,66.13955756487249,-0.47444336283185795,5.829308366854383,0,-0.0060797069651357
2019-12-04,67.37649504215673,-0.6695666934835071,4.521978358809331,0,-0.0088154794912819
2019-12-05,66.65056322938324,-0.6933316975060333,5.150943362831857,0,-0.0135372661055087
2019-12-06,66.98243715217804,1.1790065969428816,6.724873370876909,0,-0.0009525148999872
2019-12-09,68.78908126325402,1.449518262268706,5.370920032180209,1,0.0028691783975544
2019-12-10,68.76219324954151,1.4532299275945308,5.398808366854383,1,0.0192041318541249
2019-12-11,71.26054098854301,3.1141949316170567,4.813355028157683,1,0.0120014293052483
2019-12-12,71.92557903218439,3.0819949316170563,4.183178358809332,1,0.0160090920310829
2019-12-13,70.81186745820465,2.7165532582461798,4.819143362831857,1,0.0111032946636801
2019-12-16,70.34266000534964,3.1238716009654066,5.648355028157684,1,0.0169250533365341
2019-12-17,72.01706239502907,3.489676588897827,4.508601689460981,1,0.0087409709945526
2019-12-18,71.7881954868183,3.3487765888978265,4.573490024135157,1,0.0033572428651256
2019-12-19,71.45062733486867,2.5462716009654067,4.074513354786806,0,-0.0036895963079038
2019-12-20,71.49065165841246,2.5822599356395823,4.074513354786806,0,-0.0119066835251492
2019-12-23,57.863114129295724,2.9305599356395815,16.676171761866453,0,-0.0013831909845681
2019-12-24,60.83740152448173,3.278753258246179,14.350000080450522,1,0.0033755099397292
2019-12-26,55.31296628060679,2.7841882542236513,18.822795092518117,1,0.0034492728167967
2019-12-27,59.95578951166777,2.742699919549477,14.606658407079653,0,-0.0051825253234065
2019-12-30,58.30375980041082,2.7162065969428797,16.065606757843934,1,0.0021476857475145
2019-12-31,57.312679135488374,2.2021532582461782,16.442695092518107,1,0.0047714590568632
2020-01-01,58.360564572236065,2.76988326629123,16.068206757843928,0,-0.01567318039599
2020-01-02,47.866327411385434,2.6178065969428803,25.35214513274336,0,-0.018841616514668
2020-01-03,53.95967969142327,2.0770415929203545,19.332471761866458,0,-0.0166010739811904
2020-01-06,56.52777757708526,2.663218262268704,17.609513435237332,1,0.018411066557699
2020-01-07,62.99408468798274,2.9223882542236526,12.054428399034597,1,0.0167714417666148
2020-01-08,63.55613790629925,2.971764923572003,11.598428399034596,1,0.0249818985625213
2020-01-09,54.168711459834796,2.845529927594529,19.913006757843934,1,0.0119131369631998
2020-01-10,59.070711321840875,2.263364923572004,14.923151729686243,1,0.0070325207212609
2020-01-13,55.577069732337094,2.63522992759453,18.436365084473053,1,0.0021024879073962
2020-01-14,49.081639218814075,1.4271132743362838,23.06869010458568,0,-0.000805190487227
2020-01-15,51.083467032194164,2.1764149637972654,22.018025100563154,0,-0.0096671808731808
2020-01-16,49.80489633113261,1.9422499597747391,22.933501769911505,0,-0.0151397265341024
2020-01-17,53.815313776725404,1.418861625100564,18.804100080450525,0,-0.020070790366194
2020-01-20,51.75964506812647,3.028808286403862,22.262425100563156,0,-0.0036222273664123
2020-01-21,51.130071544747736,2.759319951729687,22.559025100563158,1,0.0064214881096517
2020-01-22,42.43928109430876,1.3509849557522124,28.965115124698332,1,0.0009989309793385
2020-01-23,40.59110754792568,1.8770616251005636,31.15299847144008,0,-0.0102781255646492
2020-01-24,50.87477633416915,1.8082149637972655,21.837471761866453,0,-0.0097425676518551
2020-01-27,52.3655632307477,2.105356637168142,20.79415510860822,0,-0.0068889271728304
2020-01-28,53.8777830727295,2.105356637168142,19.434425100563157,0,-0.0078025535429504
2020-01-29,48.3322170331616,2.1343449718423173,24.44977345132742,0,-0.0353766743662386
2020-01-30,45.633845917596645,2.1343449718423173,26.876045132743354,0,-0.0046761649119251
2020-01-31,52.57324744903039,2.420091633145616,20.922148431214804,1,0.0105650377235931
2020-02-03,56.90832659241385,2.6039149637972647,17.208035076428004,1,0.0360730804856709
2020-02-04,56.47358827470873,2.53280329847144,17.527823411102176,1,0.009859702766371
2020-02-05,56.848270646760035,2.53280329847144,17.190923411102176,0,-0.0047801456241161
2020-02-06,55.81544554334612,2.3780916331456154,17.9648884151247,0,-0.0024787759873485
2020-02-07,58.44432043611126,2.44860329847144,15.67161673370877,1,0.0084652278898907
2020-02-10,55.44933413053018,2.029191633145616,17.945181737731296,1,0.0118277106292212
2020-02-11,51.746775745187456,-0.09997666934835076,19.14521174577635,1,0.0004582733908005
2020-02-12,51.38912219796351,-0.006788334674175389,19.559988415124696,0,-0.0128182560959088
2020-02-13,52.50756965773243,0.06292333065164923,18.624035076427994,0,-0.0150744667280912
2020-02-14,42.055182602772646,-0.006788334674175389,27.952708447304907,1,0.0010272553591432
2020-02-17,39.09157736746211,0.07372333065164927,30.69798012872084,1,0.0029055028076849
2020-02-18,31.374327151538505,-0.10626500402252609,37.457046822204326,0,-0.0136934962022707
2020-02-19,30.97496808649941,-0.09997666934835076,37.82242349155267,0,-0.0274221113409192
2020-02-20,25.996452501141775,-0.09997666934835076,42.298913515687865,0,-0.0338720097742383
2020-02-24,30.009930185567097,0.11643499597747387,38.9065601769912,0,-0.0167162829851574
2020-02-25,30.76487606518117,-0.028988334674175387,38.082318503620314,0,-0.0518515334367893
2020-02-26,25.115376162095888,0.14542333065164925,43.33654352373295,0,-0.047858329763107
2020-02-27,23.636965593222907,0.14542333065164925,44.66587353177802,0,-0.0287769567241655
2020-02-28,39.18655473336648,0.12194666130329851,30.660803459372485,1,0.0043869974936458
2020-03-02,37.78874145890793,0.0,31.795716814159295,1,0.0121643782379249
2020-03-03,39.50023212157151,0.0,30.256810136765885,0,-0.0281589968151811
2020-03-04,37.705715961655244,0.0,31.870370152855998,0,-0.0737162888229742
2020-03-05,32.60553890523554,-0.006288334674175333,36.449965164923604,0,-0.074650109704699
2020-03-06,31.45289663398021,0.0,37.492665164923594,0,-0.1361991916012705
2020-03-09,30.45533956851812,0.05801166532582469,38.44764183427196,0,-0.0486456970447797
2020-03-11,31.180754228397056,-0.006788334674175389,37.73057683024944,0,-0.1284846478475335
2020-03-12,31.067811973031645,-0.035776669348350776,37.80314183427196,0,-0.0671797821107798
2020-03-13,32.83813521949314,-0.006788334674175389,36.240323491552715,0,-0.1617062055995949
2020-03-16,45.893484138815616,-0.006788334674175389,24.501455108608198,0,-0.1070786595424484
2020-03-17,34.99818077153695,0.10023499597747387,34.40511681415928,0,-0.0250231828326212
2020-03-18,36.14921414255876,0.10023499597747387,33.37015181013676,0,-0.106892799276421
2020-03-19,48.85720792561148,1.5808782783588105,23.424255108608204,0,-0.0575838358552076
2020-03-20,49.89178651733463,1.5808782783588105,22.494001769911502,0,-0.0501297571455684
2020-03-23,52.22753091797016,1.6245016090104598,20.43741343523733,1,0.127074369963989
2020-03-24,52.704034073969495,1.6861016090104597,20.07056009654063,1,0.1044852504976142
2020-03-25,43.330802311313775,1.692889943684635,28.505398471440056,0,-0.0044279981621647
2020-03-26,54.01844186011253,1.692889943684635,18.895483427192282,0,-0.0050698516872199
2020-03-27,53.86130844254382,1.7257016090104593,19.06958342719228,0,-0.0480698901571512
2020-03-30,71.56504132863591,1.3686415929203553,2.7940066773934027,0,-0.0241137508071823
2020-03-31,70.40363716314918,0.1800632341110241,2.6497183427192277,1,0.0223644236733399
2020-04-01,71.64802047896829,1.6024532582461801,2.953206677393403,1,0.0582371326608258
2020-04-03,71.77687010684615,1.8645098954143218,3.099406677393403,1,0.1197191925378709
2020-04-07,70.76189867817911,0.31149823008849825,2.4590183427192276,1,0.0226760456289759
2020-04-08,73.90545298940832,1.0547315366049905,0.37568833467417534,1,0.0199791075245492
2020-04-09,73.86494676526075,1.6201748994368481,0.9775533386967012,0,-0.0131569943801407
2020-04-13,74.12234950809385,2.2075098954143217,1.3334416733708767,1,0.0298917143695523
2020-04-15,74.75366354622305,2.7497748994368485,1.3080533386967015,1,0.0370138721750358
2020-04-16,74.09930211514235,2.1431865647626727,1.2898416733708766,0,-0.0012629179530234
2020-04-17,75.09673499233148,2.7023632341110235,0.952165004022526,0,-0.0086106291992718
2020-04-20,73.45770997638887,1.9221798873692708,1.645730008045052,1,0.0056040952556907
2020-04-21,74.37732037970311,2.393169911504426,1.2898416733708766,1,0.0190732988089411
2020-04-22,74.43644026072323,2.4645399034593747,1.3080533386967015,1,0.0102872653227096
2020-04-23,73.21426284599177,2.347246580852778,2.289695012067578,1,0.0071677992657428
2020-04-24,73.43278866471358,2.0088716009654077,1.754830008045052,1,0.0426572403007918
2020-04-27,73.5329986694989,1.5721999195494787,1.2280533386967012,1,0.0603666656580441
2020-04-28,73.18068897587007,1.07132823813355,1.043965004022526,0,-0.0093604761763604
2020-04-29,73.20852602777504,1.5839349155269526,1.5315416733708767,0,-0.037079883795048
2020-04-30,74.06531675952547,2.316439903459374,1.4936533386967012,0,-0.0615955643315541
2020-05-04,73.35173720626928,1.1082282381335502,0.9270650040225259,0,-0.0102150132126118
2020-05-05,72.70953709970982,1.3152399034593745,1.7115183427192273,1,0.004973706012522
2020-05-06,70.64749211065588,1.256358246178602,3.5067483507642794,0,-0.0034251604249892
2020-05-07,72.62060612797636,1.9847415929203551,2.4609833467417532,0,-0.0002718041287472
2020-05-08,73.86088559400062,1.8162349155269522,1.177265004022526,1,0.014172455697518
2020-05-11,72.26618890209302,2.5267399034593736,3.321660016090104,0,-0.0104940863330472
2020-05-12,69.70112351868967,-0.27113338696701444,2.830195012067578,0,-0.0065127266101758
2020-05-13,69.0925065874251,-0.148678358809332,3.499895012067578,0,-0.0615678733651782
2020-05-14,70.12292200887433,-0.18945671761866356,2.532606677393403,0,-0.0292610149693613
2020-05-15,70.84626250986028,0.36724328238133613,2.4389066773934025,0,-0.0077238702107414
2020-05-18,71.31703439495769,0.38025494770716084,2.028618342719227,1,0.0315707080894044
2020-05-19,70.94418147363906,0.04499991954947852,2.028618342719227,1,0.0178760058442301
2020-05-20,70.09496819494039,-0.048880048270313226,2.698318342719227,0,-0.0041446598821677
2020-05-21,71.7530628212418,0.7723149637972652,2.028618342719227,1,0.0226596453912406
2020-05-22,73.05826573322595,0.7020616251005637,0.7847766693483507,1,0.0486729436135538
2020-05-26,71.53682061728254,-0.022998390989540207,1.4277416733708768,1,0.0592617497107142
2020-05-27,74.1731060962918,1.9512599356395826,1.0315533386967013,1,0.053426562899139
2020-05-28,74.35087355646174,1.8225249396621086,0.7429766693483506,1,0.0502437559220419
2020-05-29,73.72423053632784,1.2590716009654077,0.7429766693483506,1,0.0490123216173541
2020-06-01,70.88544158368177,-0.044505068382943325,1.9919300080450524,1,0.0204436678884594
2020-06-02,70.6796758415868,0.25805494770716136,2.4795066773934034,1,0.0162071013495505
2020-06-03,70.89152877745819,0.8455216411906682,2.8764833467417534,1,0.0104702128075536
2020-06-04,71.32540332456747,0.5729683024939668,2.2138066773934026,1,0.00174837846363
2020-06-05,73.26430213059878,0.8455216411906682,0.7429766693483506,0,-0.0025668505526684
2020-06-08,72.73502942691678,1.0377849557522127,1.4111416733708766,0,-0.0264546842182172
2020-06-09,71.52915977556333,-0.04648672566371598,1.4111416733708766,0,-0.007367831307485
2020-06-10,71.50002894669379,0.30141995172968694,1.7852416733708767,0,-0.0303537880680611
2020-06-11,70.82168405802788,0.2737316170555115,2.367495012067578,1,0.0012111426591509
2020-06-12,71.86883733869665,0.8776149637972652,2.029818342719227,0,-0.0092425125490294
2020-06-15,76.53578852594572,4.455281576830254,1.4111416733708766,1,0.0279289806170405
2020-06-16,76.52418327499532,4.936311584875305,1.9026066773934027,1,0.0327833152237416
2020-06-17,77.12147858414612,5.356011584875307,1.7852416733708767,1,0.0426017813611002
2020-06-18,76.64901807853335,4.557093242156079,1.4111416733708766,1,0.0369011820633056
2020-06-19,72.55605900469368,-0.1585917135961376,0.37568833467417534,1,0.0059271111780637
2020-06-22,72.45486104103958,0.3077916331456163,0.9330650040225259,0,-0.0021650388794947
2020-06-23,73.44296297686769,1.006166613032986,0.7429766693483506,0,-0.0084396779840081
2020-06-24,73.53439444547728,1.2855666130329855,0.940165004022526,1,0.0006887286438987
2020-06-25,73.93917708439332,1.452343282381336,0.7429766693483506,1,0.0012821137203823
2020-06-26,73.67334054415657,1.4034016090104595,0.9330650040225259,1,0.0045212095437277
2020-06-29,70.26755303153527,-0.600086725663715,1.9919300080450524,1,0.0229399297375045
2020-06-30,62.604649769095474,0.6809283185840712,10.163133386967013,1,0.0291993991070226
2020-07-01,61.93899078408936,0.7162049879324219,10.796945052292838,1,0.0314836536775794
2020-07-02,62.17170386037591,0.6027933226065972,10.47428672566372,1,0.0232267418160442
2020-07-03,65.98213130276677,0.5316816572807725,6.976985036202737,1,0.0092338232504552
2020-07-06,66.27132848029481,0.5248933226065972,6.710161705551086,1,0.0046160131274745
2020-07-07,66.99949756091054,0.5248933226065972,6.0554200321802085,0,-0.002930309918228
2020-07-08,68.0111659215139,0.5248933226065972,5.145766693483506,1,0.0090151225785827
2020-07-09,63.15338316882867,0.49590498793242177,9.484710056315366,0,-0.0192435726137553
2020-07-10,68.0247341166431,0.5248933226065972,5.133566693483506,0,-0.0140139063563498
2020-07-13,61.69425909242807,0.6927049879324219,10.993498390989537,0,-0.0058256693089819
2020-07-14,66.55270913339834,0.14445832662912317,6.076720032180209,1,0.0273715833204954
2020-07-15,67.36012795829964,0.3627816572807725,5.569043362831857,1,0.0373419109004858
2020-07-16,66.36164780176264,0.33781665325824645,6.4418733708769125,1,0.038567115958841
2020-07-17,70.00859704056211,-0.10457666934835075,2.7202833467417533,1,0.0209590005048237
2020-07-20,67.84408250014863,0.3736466613032986,5.1447550281576815,1,0.0173808711764622
2020-07-21,63.213453966970455,0.0,8.934791713596141,1,0.0028537708798809
2020-07-22,63.65918956782001,0.0,8.534003378921962,0,-7.186360291279272e-05
2020-07-23,63.16595785777429,0.4384466613032987,9.415945052292843,1,0.0075591051001902
2020-07-24,69.00508627476977,0.4384466613032987,4.16562502011263,1,0.0007768898010965
2020-07-27,63.14534421497583,-0.028988334674175387,8.967045052292839,0,-0.0026670940229694
2020-07-28,61.97685013382874,0.11643499597747387,10.163133386967013,0,-0.0203010458168636
2020-07-29,59.940881282126526,0.14542333065164925,12.022786725663716,0,-0.0281763602803036
2020-07-30,58.628219558048734,0.14542333065164925,13.2030817377313,0,-0.0006216944527052
2020-07-31,64.05567002384937,0.2524466613032985,8.429950040225261,1,0.0025433946364894
2020-08-03,64.36419628291166,1.581844971842318,9.481933386967015,1,0.0279353211325935
2020-08-04,67.77028594524317,1.625933306516493,6.46339670152856,1,0.0106503676007891
2020-08-05,68.45995433495203,1.7241799678197913,5.9415200321802075,1,0.0150638917149853
2020-08-06,65.92574911106628,1.6951916331456158,8.191191713596139,1,0.0108647253797236
2020-08-07,66.31912852865754,1.9078732904263886,8.050161705551082,1,0.0083783559889869
2020-08-10,68.39309943924565,2.3874316170555123,6.664885036202735,1,0.0026849102994228
2020-08-11,68.38384267085168,2.3516082864038625,6.637385036202735,0,-0.0128085516641308
2020-08-12,71.23473550646912,1.6726849557522137,3.395048350764279,0,-0.0054354947506023
2020-08-13,68.5935157804307,1.761973290426389,5.859220032180209,1,0.0074848933135967
2020-08-14,72.05292918508651,1.769308286403863,2.755983346741753,1,0.020366581386747
2020-08-17,62.397048939480236,1.4230199517296873,11.091891713596137,1,0.0057714716951349
2020-08-18,62.35916364262331,1.438231617055512,11.141168382944487,0,-0.0012084221895501
2020-08-19,61.20510152720126,1.4878199517296873,12.228445052292837,1,0.0050754540130386
2020-08-20,58.88830809596638,0.7893782783588108,13.613175060337891,1,0.0140492864721132
2020-08-21,61.96253305120346,1.4298082864038626,11.489380048270313,1,0.0155317852751916
2020-08-24,56.71160628391409,1.4008199517296873,16.181823411102172,1,0.0080606020628848
2020-08-25,58.61616569038326,1.5147316170555118,14.583228399034594,1,0.015169074395838
2020-08-26,60.61336695375914,1.652531617055512,12.92522172164119,0,-0.014134541747391
2020-08-27,57.765347179836645,1.328573290426389,15.16209340305712,0,-0.0077292553534833
2020-08-28,57.31015832828233,1.6598082864038626,15.902616733708768,0,-0.0097142585796185
2020-08-31,55.930669534544904,1.6873966210780382,17.170588415124698,1,0.0122148850493255
2020-09-01,51.86335838114468,1.7512799678197917,20.8916417538214,0,-0.0119629037490542
2020-09-02,54.30803576012057,1.7650566371681427,18.707258407079642,0,-0.0157233127313466
2020-09-03,60.41588487367733,0.6180633145615447,12.068321721641189,0,-0.0183942012057287
2020-09-04,59.529477654595134,0.6470516492357201,12.894333386967013,0,-0.0049398977592434
2020-09-07,58.15410380528213,0.6470516492357201,14.131016733708767,1,0.0082616467771105
2020-09-08,61.53286059504444,0.6622633145615447,11.108180048270315,1,0.0129139966405303
2020-09-09,64.95008470235209,0.5492633145615448,7.922543362831857,1,0.0142664311864808
2020-09-10,62.22991550280908,0.5492633145615448,10.368415044247788,1,0.0063166673905044
2020-09-11,66.44967053490916,1.566433306516493,7.591343362831858,1,0.0121463195148854
2020-09-14,63.05506381418431,0.6470516492357201,9.724261705551086,1,0.0066256997114405
2020-09-15,61.47778336441089,0.6444516492357201,11.139891713596139,0,-0.0014635155206489
2020-09-16,64.67047793736054,0.5766516492357201,8.201343362831858,0,-0.0309802462407942
2020-09-17,59.999615624769035,0.305593322606597,12.130145052292841,0,-0.0319792576854097
2020-09-18,63.22397301789666,0.6561399839098957,9.58147337087691,0,-0.032967008636101
2020-09-21,66.75091773277147,5.499111584875303,11.253151729686241,0,-0.0403571253209086
2020-09-22,70.46036221469258,5.42879991954948,7.8474500402252625,0,-0.0093137464552795
2020-09-23,71.65427436060675,7.588049879324221,8.933180048270314,1,0.0085602104157513
2020-09-24,71.55453507232286,10.021874818986332,11.456686725663717,1,0.0378518899403353
2020-09-25,73.03849340334575,10.021874818986332,10.122368382944488,1,0.0176972750134053
2020-09-28,71.42183739744003,9.24365816572808,10.797786725663716,1,0.0167285139294368
2020-09-29,74.7429126712225,9.22988149637973,7.797826709573611,1,0.0247265163324351
2020-09-30,74.5177881426173,9.24365816572808,8.014026709573614,1,0.0362196644901838
2020-10-01,62.949635754587554,8.381134835076432,17.553141753821407,1,0.0278047606445688
2020-10-05,68.71667117915372,4.905158246178603,8.891668382944488,1,0.0283891470420112
2020-10-06,72.47753577969944,4.699969911504426,5.304855028157682,1,0.0213609743930934
2020-10-07,73.84204950769973,4.607446580852777,3.985413354786805,1,0.0162320102263326
2020-10-08,71.63697496997436,4.5369349155269525,5.8976200321802095,1,0.0084059209847834
2020-10-09,74.76570622978615,4.536009895414322,3.083460016090104,1,0.0047602689821098
2020-10-12,72.13121315976242,4.957546580852778,5.8738316975060325,0,-0.0212279214167834
2020-10-13,72.96850982210015,4.988746580852778,5.152166693483507,0,-0.0145211112175127
2020-10-14,72.04156112657964,4.758234915526955,5.755131697506034,0,-0.0082201091106502
2020-10-15,71.99293247043896,4.503709895414322,5.544331697506034,1,0.0183615136877952
2020-10-16,74.40930199153564,4.5734215607401465,3.4413366854384546,1,0.0147850170674911
2020-10-19,65.58114284821858,4.050929927594534,10.85678672566372,1,0.001968910373326
2020-10-20,68.18836424508137,3.9168716009654103,8.378415044247788,1,0.0028161170909989
2020-10-21,66.27837571742046,3.8753366049879365,10.054268382944487,0,-0.0143345321511174
2020-10-22,60.39857054108414,3.6485849557522156,15.114411745776348,0,-0.0005927894278698
2020-10-23,70.56802181587116,3.6485849557522156,5.970431697506034,0,-0.0169700119961504
2020-10-26,67.47415435581442,6.299218181818191,11.402951729686242,0,-0.0082727432305876
2020-10-27,69.53642920054072,6.299218181818191,9.548633386967012,0,-0.0209936402388412
2020-10-28,61.34430512865402,6.510018181818191,17.12547674979888,0,-0.0051669541738914
2020-10-29,59.4903484171339,6.510018181818191,18.79248342719228,1,0.0121529495301678
2020-10-30,62.24842886065137,6.510018181818191,16.31252341110218,1,0.0225988242341613
2020-11-02,73.61496194544293,6.514153177795666,6.096308366854385,1,0.0379331254967847
2020-11-03,74.48572126318818,6.505653177795667,5.304855028157682,1,0.0373885028156286
2020-11-04,76.72103322961003,6.453064843121491,3.2423600160901036,1,0.045355348620599
2020-11-05,74.6572903148675,6.775398149637986,5.420331697506034,1,0.0412802939799508
2020-11-06,75.55304699618428,6.599874818986336,4.439378358809331,1,0.0388331545784258
2020-11-09,74.33798177584514,6.947199839098964,5.879243362831858,1,0.0182695420326772
2020-11-10,74.4974507024115,6.894488173773139,5.683143362831857,1,0.0070096002966112
2020-11-11,78.06887584511381,8.005681496379735,3.583048350764279,1,0.009760705981506
2020-11-12,75.2026798469315,7.618091472244582,5.772631697506034,1,0.019310718855409
2020-11-13,77.0200339439297,7.4705798069187574,3.99102502011263,1,0.0040601586080978
2020-11-17,67.95738792568689,7.073823250201132,11.743051729686243,0,-0.0011774650889694
2020-11-18,66.6532322930506,6.905476588897833,12.747351729686244,0,-0.0009124405710231
2020-11-19,66.7124633887849,7.060011584875307,12.848628399034594,1,0.0219509062409778
2020-11-20,73.13937454374732,7.011511584875307,7.021296701528559,0,-5.054933518975244e-05
2020-11-23,77.47362883721127,6.719481576830255,2.832071681415929,1,0.0046732573391501
2020-11-24,77.58350154857092,6.304698230088502,2.3184950120675776,0,-0.0066246529369104
2020-11-25,78.3087530995006,6.436751568785203,1.798430008045052,1,0.0193055371090726
2020-11-26,79.15026294741814,7.383581576830254,1.9886066773934026,1,0.0097124409356051
2020-11-27,79.23277129177629,7.4117932421560795,1.942630008045052,1,0.0126386349142804
2020-12-01,76.49888376171357,3.5767332260659708,0.5657766693483507,1,0.0113397959636649
2020-12-02,77.58631895817238,4.3644248592115895,0.37568833467417534,1,0.0182857056635669
2020-12-03,78.5867620588882,5.263984875301695,0.37568833467417534,1,0.0195317751914187
2020-12-04,79.3986461143008,5.993999839098955,0.37568833467417534,1,0.0202002937776816
2020-12-07,79.36953013791923,5.967819871279162,0.37568833467417534,1,0.0091339810445091
2020-12-08,79.40357481401517,5.998431536604989,0.37568833467417534,1,0.0089866363634627
2020-12-09,78.13743976113832,4.859971520514888,0.37568833467417534,1,0.0021449214030584
2020-12-10,78.84653923139527,5.497566532582468,0.37568833467417534,1,0.0066220387922729
2020-12-11,77.9104283402506,5.359316572807727,1.0791533386967014,1,0.0124171756729051
2020-12-14,78.76900781260102,5.4278532582461825,0.37568833467417534,1,0.01337438911287
2020-12-15,76.90058764092353,5.006871600965408,1.6347183427192273,1,0.0141027790727064
2020-12-16,75.67984859123231,4.910071600965408,2.6355600160901034,0,-0.026235164161935
2020-12-17,77.40835510516447,4.910071600965408,1.0813533386967014,0,-0.0201719634336006
2020-12-18,75.8228466454714,3.849531617055513,1.4464416733708767,0,-0.0116551308124673
2020-12-21,72.5405185602125,3.1231716009654087,3.67142502011263,1,0.0310871801914398
2020-12-22,71.86867235081817,1.8373966210780384,2.9897483507642795,1,0.0297686532815981
2020-12-23,71.15513726555307,2.544843282381336,4.338778358809331,1,0.0240807460744169
2020-12-24,73.27526970876724,2.3647016090104596,2.252295012067578,1,0.0167829348867024
2020-12-28,76.8222423773665,4.228773209975866,0.9270650040225259,1,0.0077939863112048
2020-12-29,76.64681230512342,3.8869448913917943,0.7429766693483506,1,0.0061464679697753
2020-12-30,76.0449034195272,3.370019871279164,0.7672650040225261,1,0.0107382006653248
2020-12-31,76.08083874576408,3.546019871279164,0.9109533386967014,1,0.015453844921334
2021-01-01,80.57009467740825,7.438898069187455,0.7672650040225261,1,0.0090716854296754
2021-01-04,79.43514297195051,6.755281415929207,1.1041533386967013,1,0.000314818583971
2021-01-05,80.64143341397234,7.111466452131944,0.37568833467417534,1,0.0103515334904528
2021-01-06,79.65431013183984,6.615459774738541,0.7672650040225261,1,0.0236468005406671
2021-01-07,78.81211447476369,6.228666452131943,1.1377416733708767,1,0.0296947339432669
2021-01-08,78.9566546825132,6.412531456154469,1.1916416733708766,1,0.0150528054870612
2021-01-11,78.42733196352533,6.630149798873696,1.8852066773934024,1,0.0076237415915725
2021-01-12,79.88621508962403,7.1944564762671,1.1377416733708767,0,-0.0089492150749445
2021-01-13,79.51040759687221,7.266333145615451,1.5475300080450518,0,-0.0196601025147511
2021-01-14,78.63068068688442,6.868193161705553,1.9404066773934026,0,-0.0051139060679172
2021-01-15,78.11387888367784,6.944981496379728,2.4818833467417534,1,0.0145127450880806
2021-01-18,73.82316331662014,5.531994851166536,4.9269433628318575,1,0.0214093620981054
2021-01-19,73.19292259442918,2.541146580852777,2.5027833467417535,0,-0.0103312961091092
2021-01-20,72.8940182423357,2.985659935639583,3.216060016090104,0,-0.0281008394536783
2021-01-21,74.09522797032344,3.6052415929203536,2.7555600160901044,0,-0.0436271489293798
2021-01-22,72.92607957445007,3.586929927594529,3.7885016894609804,0,-0.0393353879348917
2021-01-25,75.17189019199535,3.4318932421560735,1.6141183427192274,0,-0.0433669762088253
2021-01-27,74.49695958610731,3.0171215607401454,1.8062183427192273,1,0.0222107846430907
2021-01-28,76.09913173205288,3.956868222043446,1.3053533386967013,1,0.0583540436955978
2021-01-29,75.9738798062321,3.292869831053907,0.7539766693483507,1,0.0813372164541091
2021-02-01,74.28184062391935,1.6766531777956593,0.6591766693483507,1,0.0421252370238113
2021-02-02,74.86749918768744,2.289343201930815,0.745265004022526,1,0.018693839745814
2021-02-03,75.34382626117876,2.3480615446500424,0.37568833467417534,1,0.0217926583318321
2021-02-04,74.58094709511124,2.9986399034593747,1.7122183427192275,1,0.0142412242576496
2021-02-05,74.9056143402167,2.952891552695096,1.3745416733708766,1,0.0121377080144243
2021-02-08,75.72295167448222,4.494551568785199,2.181283346741753,1,0.003796749924781
2021-02-09,75.02223222846463,3.386714883346743,1.7035066773934024,1,0.0035675863503308
2021-02-10,76.47925807778392,4.345451568785198,1.3521416733708769,1,0.0136880366801171
2021-02-11,76.4089703784261,4.2640399034593734,1.333930008045052,1,0.0091942228858231
2021-02-12,75.16370110275203,3.609329927594529,1.7989183427192272,1,0.0030027481883223
2021-02-15,69.20258499679595,2.0550599356395836,5.604655028157682,0,-0.0128642275587236
2021-02-16,70.74575590267955,2.784643282381337,4.946678358809331,0,-0.0218987335010491
2021-02-17,70.44381350101266,3.2851132743362834,5.718643362831857,0,-0.0356877180674707
2021-02-18,71.44249568717524,3.041548270313757,4.5771016894609815,0,-0.0275709585908761
2021-02-19,71.89590510330277,3.1115599356395816,4.2394250201126304,1,1.668682991988634e-05
2021-02-22,66.61599764253437,1.0112882542236543,6.886643362831856,1,0.0283261669838901
2021-02-23,67.70738843232674,2.2961132743362844,7.190131697506032,0,-0.0122209890895538
2021-02-24,66.41531995124464,2.6383765888978292,8.69417337087691,0,-0.0148236533167661
2021-02-25,66.9214581154493,2.605899919549479,8.206596701528559,0,-0.0118769604904218
2021-02-26,67.44891801034298,2.8960832662912326,8.022508366854384,1,0.0481339606168936
2021-03-01,67.20045315477647,0.8984432019308161,6.248278358809332,1,0.021393268882164
2021-03-02,67.87827722216224,1.9018932421560761,6.642255028157681,1,0.0012727250086899
2021-03-03,65.36092107221022,2.4658666130329863,9.469738374899432,0,-0.0191650072470658
2021-03-04,65.31341011052608,1.913469911504427,8.960061705551084,1,0.0011696818507035
2021-03-05,68.87741536181109,2.4063032180209185,6.248278358809332,1,0.0157211610379874
2021-03-08,67.47890330463517,2.8965332260659706,7.995996701528558,1,0.004985479101941
2021-03-09,65.40235593474752,2.0694465808527758,9.036061705551084,0,-0.0112496565697015
2021-03-10,63.63316711415975,0.49687160096540783,9.05427337087691,0,-0.0175738478793202
2021-03-12,65.82843623616426,0.7189316170555121,7.302431697506031,0,-0.0208159840683421
2021-03-15,65.07992971534271,0.4960333065164931,7.752561705551083,0,-0.0252087543422409
2021-03-16,64.4397778205587,0.46263330651649315,8.294761705551085,0,-0.0112260890402042
2021-03-17,67.08096417323559,-0.09330836685438348,5.363966693483506,1,0.0010251989342378
2021-03-18,68.12521844509186,0.07346830249396707,4.591790024135155,1,0.0174929390642325
2021-03-19,70.47798612323994,0.12040329847144093,2.5232066773934028,0,-0.0132864647136958
2021-03-22,69.70108459801335,-0.4936683829444879,2.607695012067578,0,-0.0283213417791551
2021-03-23,66.95468169948413,-0.42004505229283856,5.1507783588093305,0,-0.0209713350792563
2021-03-24,70.21573806935987,0.6783532582461803,3.3169600160901043,1,0.0201200888140481
2021-03-25,71.47904086014728,1.1050016090104597,2.607695012067578,1,0.0252153587404267
2021-03-26,70.65665994306762,0.3965482703137586,2.6386950120675783,1,0.0245155624123251
2021-03-30,70.36283433660621,1.4311932421560762,3.937536685438454,0,-0.014062620450905
2021-03-31,71.49790844088051,2.385531617055512,3.871260016090103,0,-0.0004902261266141
2021-04-01,71.87838319376921,1.6719748994368482,2.8155950120675777,0,-0.0032540181779701
2021-04-05,70.98368864428828,1.596664923572005,3.5447600160901036,1,0.0159940518916338
2021-04-06,75.19776251026514,2.384591633145617,0.5435533386967013,1,0.0102547280807507
2021-04-07,75.15446106577524,2.440479967819792,0.6383766693483507,0,-0.0348990182818803
2021-04-08,74.20823885134114,2.317914963797266,1.3666183427192273,0,-0.0251216467791414
2021-04-09,74.34819330869199,2.417091633145617,1.3399533386967013,0,-0.0172289695294941
2021-04-12,71.672851065205,2.035344971842318,3.363771681415929,1,0.0212288877165933
2021-04-13,69.94344186000068,2.076821641190669,4.960266693483507,0,-0.010071367078534
2021-04-15,73.67005232858087,2.1975099758648438,1.7301300080450521,0,-0.0197424156185112
2021-04-16,73.67005232858087,2.1975099758648438,1.7301300080450521,0,-0.0145881859427342
2021-04-19,73.91809263562064,2.7429266291230885,2.0525183427192273,0,-0.0012612890511436
2021-04-20,74.17645184289019,2.497056637168143,1.5743416733708768,1,0.0131058739011108
2021-04-22,74.38930937957474,2.7677382944489137,1.653630008045052,1,0.0169933061794312
2021-04-23,71.95213903854197,0.4975283185840711,1.574830008045052,1,0.0358322105399881
2021-04-26,72.49728762030406,0.634028318584071,1.2211533386967013,1,0.0279052412590924
2021-04-27,71.91721207097665,0.14544666130329842,1.2541533386967014,0,-0.001499104745107
2021-04-28,71.54341941663873,0.1744349959774738,1.6192416733708768,0,-0.0156213450279651
2021-04-29,73.33956854497684,0.9374866452131942,0.7672650040225261,0,-0.0271116315008966
2021-04-30,73.50586048978411,1.0870099758648437,0.7672650040225261,0,-0.00090601549159
2021-05-03,71.24319337206111,1.1814782783588103,2.8962366854384545,1,0.006175308590648
2021-05-04,72.755956314055,1.1814782783588103,1.5360183427192273,1,0.0222829069100389
2021-05-05,73.96632832713969,1.1094683024939664,0.37568833467417534,1,0.0219560785011489
2021-05-06,73.89763655445665,1.0741916331456158,0.40217666934835067,1,0.0085172219214211
2021-05-07,73.46274255404626,0.6566633145615451,0.37568833467417534,0,-0.008580777692124
2021-05-10,73.93686940144242,1.1094683024939664,0.40217666934835067,0,-0.017863314989587
2021-05-11,73.93686940144242,1.1094683024939664,0.40217666934835067,1,0.0048633294731414
2021-05-12,73.69487915695916,1.2326799678197915,0.7429766693483506,1,0.0276216536406767
2021-05-14,74.39091827980828,1.8585316170555117,0.7429766693483506,1,0.0237220355595468
2021-05-17,73.65249892461499,1.4303616251005637,0.978765004022526,0,-0.0011465276891904
2021-05-18,73.65249892461499,1.4303616251005637,0.978765004022526,1,0.0044380822695456
2021-05-19,73.93945883430077,1.688384955752213,0.978765004022526,1,0.0110859168583649
2021-05-20,73.38117949002219,2.053354947707161,1.8457183427192274,1,0.0200840236301712
2021-05-21,74.60759049013625,2.053354947707161,0.7429766693483506,1,0.0082784890420628
2021-05-24,72.9748342977929,1.576173290426388,1.7339066773934027,1,0.0091795290491928
2021-05-25,73.88983112466173,1.4344616251005635,0.7694650040225259,1,0.0148285747123632
2021-05-26,75.02431757146,2.716636604987934,1.0315533386967013,1,0.0182201467322713
2021-05-27,74.26358297939413,2.243701609010459,1.2426416733708767,1,0.0153338041459598
2021-05-28,74.63401879250408,1.7098299275945306,0.37568833467417534,1,0.0090643391041785
2021-05-31,73.83486877712794,1.0177532582461803,0.40217666934835067,1,0.006878131816198
2021-06-01,74.10272758202258,1.2586016090104597,0.40217666934835067,1,0.0061065764844734
2021-06-02,73.42656806696384,0.6241366049879338,0.37568833467417534,1,0.0112010134347182
2021-06-03,73.58347162886022,0.7917065969428816,0.40217666934835067,1,0.0031657225110491
2021-06-04,73.86684859950408,1.0200199517296864,0.37568833467417534,0,-0.0022296339605758
2021-06-07,73.79857573856019,0.9851199517296875,0.40217666934835067,0,-0.0008828368214577
2021-06-08,73.708033987664,0.9037082864038628,0.40217666934835067,1,0.0037572037369452
2021-06-09,73.73749291336125,0.9037082864038628,0.37568833467417534,1,0.0112252825910487
2021-06-10,73.82803466425744,0.9851199517296875,0.37568833467417534,1,0.0083209895745698
2021-06-11,72.95891762010727,1.0269199517296865,1.198965004022526,0,-0.0020147693157791
2021-06-14,72.69405606518055,1.110143282381336,1.5203416733708768,0,-0.0076468673510211
2021-06-15,72.67533307252303,0.8102199517296874,1.2372533386967013,0,-0.0117836343804004
2021-06-16,72.64187041711551,0.8102199517296874,1.2673416733708767,0,-0.0013359122759907
2021-06-17,72.72127029679156,0.35724827031375883,0.7429766693483506,1,0.0051709759372493
2021-06-18,73.49804020750122,1.0556899436846354,0.7429766693483506,1,0.0002295164544682
2021-06-21,73.43634198825235,1.02670160901046,0.7694650040225259,1,0.0027872085570889
2021-06-22,74.48385298125197,1.942094931617055,0.7429766693483506,1,0.0055385165493482
2021-06-23,74.13538766624255,1.6287683024939665,0.7429766693483506,1,0.0081107307283415
2021-06-24,73.00156108148532,0.6357633145615449,0.7694650040225259,0,-0.00266337918111
2021-06-25,73.43894260521307,0.6352633145615448,0.37568833467417534,0,-0.0087930817628389
2021-06-28,73.31716061426363,0.552249959774739,0.40217666934835067,0,-0.0085538723225185
2021-06-29,73.28492132071202,0.5232616251005636,0.40217666934835067,0,-0.0016682214118697
2021-06-30,73.34661953996088,0.552249959774739,0.37568833467417534,1,0.0071524285411892
2021-07-01,72.46623831524684,0.7515749798873694,1.3666183427192273,1,0.0087783218294348
2021-07-02,73.56829829135589,0.7515749798873694,0.37568833467417534,1,0.0099646889553194
2021-07-05,73.53883936565863,0.7515749798873694,0.40217666934835067,0,-0.0067454255402833
2021-07-06,72.85931746205712,0.6352633145615448,0.8968650040225261,0,-0.0081535170605926
2021-07-07,73.43894260521307,0.6352633145615448,0.37568833467417534,0,-0.0118491516136603
2021-07-08,73.32546467607955,0.5332283185840708,0.37568833467417534,1,0.0053550749796263
2021-07-09,73.32546467607955,0.5332283185840708,0.37568833467417534,1,0.0104078609406607
2021-07-12,72.21433144032854,0.48160498793242157,1.3231533386967014,1,0.0146507010574049
2021-07-13,72.44300186622851,0.5400166532582462,1.1759533386967014,1,0.0069984451763312
2021-07-14,72.60359591349538,0.5400166532582462,1.0315533386967013,0,-0.0064259460165397
2021-07-15,71.66820787325643,0.5400166532582462,1.8726183427192273,0,-0.0185134723035268
2021-07-16,72.859573264847,0.48160498793242157,0.7429766693483506,0,-0.0062587908203736
2021-07-19,70.97753855112,0.4918816572807724,2.4455066773934027,1,0.0065583963478591
2021-07-20,71.67033392638452,1.0883283185840709,2.4190183427192276,1,0.0122297198779358
2021-07-22,72.8612933797947,0.9367283185840712,1.1965533386967013,0,-0.0049159915921317
2021-07-23,72.89075230549196,0.9367283185840712,1.170065004022526,0,-0.0092918716591419
2021-07-26,73.67843047389103,1.3041782783588105,0.829265004022526,0,-0.0029111273007351
2021-07-27,73.52030909745352,1.4204899436846352,1.0877533386967013,1,0.0010536505838395
2021-07-28,74.38211191758577,1.7460132743362848,0.6383766693483507,1,0.0111254512435864
2021-07-29,74.59218353910119,1.69870160901046,0.40217666934835067,1,0.022082303275073
2021-07-30,74.62164246479846,1.69870160901046,0.37568833467417534,1,0.0309657070338457
2021-08-02,74.7112240828726,1.7792499597747393,0.37568833467417534,1,0.0254490540335237
2021-08-03,74.62190569383232,1.6989382944489146,0.37568833467417534,1,0.0066391028858624
2021-08-04,74.34890694389735,1.4534683024939667,0.37568833467417534,0,-3.382840694656599e-05
2021-08-05,74.62190569383232,1.6989382944489146,0.37568833467417534,0,-0.0008902615193806
2021-08-06,74.34890694389735,1.4534683024939667,0.37568833467417534,1,0.0027090662607921
2021-08-09,74.85444080868162,2.678089943684637,1.1457533386967014,1,0.0065077714183493
2021-08-10,75.28790941761052,2.9235599356395854,1.001465004022526,1,0.0151789608280186
2021-08-11,75.57538648019086,2.9235599356395854,0.7429766693483506,1,0.0170987533292747
2021-08-12,77.58066552862309,4.726629847144016,0.7429766693483506,1,0.0151735832157501
2021-08-13,77.45118565420732,4.610206516492365,0.7429766693483506,1,0.0024019626056125
2021-08-16,77.69558924904088,4.829964843121489,0.7429766693483506,0,-0.0068184388560161
2021-08-17,79.05843833524135,6.055386403861643,0.7429766693483506,0,-0.0071366206424257
2021-08-18,79.72401205265082,6.653844730490764,0.7429766693483506,1,0.0033590996067889
2021-08-20,78.63664727130067,5.6761280772325176,0.7429766693483506,1,0.0111319973869063
2021-08-23,78.42559135930206,6.109996379726487,1.3666183427192273,1,0.0084779137175213
2021-08-24,79.49819240971385,6.109996379726487,0.40217666934835067,1,0.004836522098293
2021-08-25,78.96014304878533,5.599714722445716,0.37568833467417534,1,0.017661345031429
2021-08-26,79.21347719411432,5.853991391794066,0.40217666934835067,1,0.0293366137847241
2021-08-27,78.43805859139191,5.443964762670976,0.6893766693483507,1,0.021968561019175
2021-08-30,78.8387522330011,5.490564762670978,0.37568833467417534,1,0.0177436662003208
2021-08-31,78.8387522330011,5.490564762670978,0.37568833467417534,1,0.0111099999847884
2021-09-01,78.8387522330011,5.490564762670978,0.37568833467417534,1,0.0175049203269922
2021-09-02,78.00014694121084,5.603476427996803,1.2426416733708767,1,0.0073967891532399
2021-09-03,75.71141862809687,2.941274818986331,0.6383766693483507,1,0.0017244814249062
2021-09-06,74.22248909777053,1.339798230088499,0.37568833467417534,0,-0.0004921281186494
2021-09-07,72.45183972288332,0.1149866452131944,0.7429766693483506,0,-0.0003917344090835
2021-09-08,72.47342835099182,0.1343983105390189,0.7429766693483506,1,0.0015259046823297
2021-09-09,72.47342835099182,0.1343983105390189,0.7429766693483506,1,0.0086102908935179
2021-09-13,72.89521941493247,0.5136566371681419,0.7429766693483506,1,0.0156757000098327
2021-09-14,71.03351847302571,-0.4848483507642797,1.4184416733708767,1,0.0117346760494762
2021-09-15,69.65263023492435,-0.3912366854384549,2.7536950120675785,0,-0.0070196628930192
2021-09-16,69.66034297087865,-0.5468016894609808,2.591195012067578,0,-0.0038361583210776
2021-09-17,71.46009176967584,1.382963314561545,2.9026950120675785,0,-0.0021917473862456
2021-09-20,68.46534086708188,0.6573166532582465,4.869813354786806,1,0.0241949232455221
2021-09-21,70.8516582576905,0.3708949316170566,2.437706677393402,1,0.0164452869292752
2021-09-22,72.83575470566744,1.3621532582461795,1.6449416733708766,1,0.0174261332023319
2021-09-23,72.74939276698954,1.4746765888978293,1.8351183427192272,0,-0.0041803131025927
2021-09-24,73.72580051588504,1.8065599356395823,1.2890533386967014,0,-0.0079799099103279
2021-09-27,73.7697099281809,1.7902415929203555,1.2332533386967013,0,-0.013359561031696
2021-09-28,73.57544564856614,1.6155666130329855,1.2332533386967013,0,-0.0122760050909313
2021-09-29,74.16803101904533,1.9400082864038621,1.024865004022526,0,-0.0011326868908394
2021-09-30,73.12081841789748,1.206783266291232,1.2332533386967013,1,0.0115208615053351
2021-10-01,75.37648634539872,3.0266049074819,1.024865004022526,1,0.0064784943195137
2021-10-04,72.17418283903902,1.4363699115044266,2.314018342719227,1,0.0055860083924448
2021-10-05,72.15356552785497,0.9396549477071612,1.8358416733708767,1,0.0040820382853178
2021-10-06,72.442462434602,1.199419951729687,1.8358416733708767,1,0.0168553339358853
2021-10-07,70.89310430433018,0.4545616251005642,2.4841066773934033,1,0.011268260181902
2021-10-08,68.26823502020449,0.6912399839098957,5.080966693483507,1,0.0147852137072784
2021-10-11,71.76528346624212,1.3830799678197916,2.6283950120675783,1,0.0216409388077283
2021-10-12,70.36793545044304,0.7386149637972654,3.2403716814159287,1,0.0266049857960981
2021-10-13,69.89419414142446,1.0285099758648437,3.956236685438455,1,0.0140514333348239
2021-10-14,70.43832139095623,1.3552683024939667,3.7937366854384544,0,-0.0039311458993629
2021-10-18,68.2472877332635,0.3039399839098957,4.71250168946098,0,-0.0163118485996668
2021-10-19,69.36844326684891,0.07699831053901884,3.477460016090104,0,-0.0166343634591189
2021-10-20,69.52723193157146,0.9356399839098958,4.1933250201126295,0,-0.0077599861814238
2021-10-21,70.82399916722278,0.2272249396621086,2.318906677393403,1,0.0049552184582994
2021-10-22,68.31833165688856,-0.14902172164118976,4.1956600160901045,1,0.0052882574718419
2021-10-25,69.71976124375054,0.46061327433628446,3.545183346741754,0,-0.0149046812337518
2021-10-26,68.16178213893747,-0.618385036202735,3.867060016090105,0,-0.0332111307150852
2021-10-27,69.4882344875728,-0.2518433628318582,3.040906677393403,0,-0.0155672944470175
2021-10-28,70.90571048770813,1.0857849557522132,3.1039950120675783,1,0.0017736155624891
2021-10-29,70.3012510899299,1.3278316170555118,3.8895483507642794,1,0.0088759020888735
2021-11-01,69.96247621806873,0.434864923572005,3.301195012067578,0,-0.0007169468971361
2021-11-02,68.35904921583492,-0.6588983909895403,3.64917168141593,1,0.0099896540954686
2021-11-03,71.30820951186165,0.764831617055512,2.4211300080450524,1,0.0119895118024513
2021-11-04,70.03457860514406,0.8634732904263887,3.6649716814159286,1,0.0055880370267
2021-11-08,67.8640010286153,0.9494799678197916,5.702678358809331,0,-0.0108480940524989
2021-11-09,67.02994811386219,0.7822082864038629,6.2853550281576815,1,0.0032367859614524
2021-11-10,69.77305349164253,1.240808286403863,4.277460016090104,1,0.005107044273661
2021-11-11,69.09377996458691,1.3241966210780383,4.97162502011263,1,0.0070025486295899
2021-11-12,68.48018243937288,1.1055616251005642,5.304713354786805,0,-0.0113385694245409
2021-11-15,65.88500560500238,0.6811499597747397,7.213785036202734,0,-0.0192149301549339
2021-11-16,65.64599221068424,0.9007266291230902,7.648273370876909,0,-0.0329064088742548
2021-11-17,69.15948191354605,1.1891966210780385,4.777548350764278,0,-0.0223329998273548
2021-11-18,68.25681694639172,1.0717199517296878,5.471713354786805,0,-0.0198841964158787
2021-11-22,74.35124057396578,1.933743282381337,0.8538650040225261,1,0.0068492634610631
2021-11-23,72.15358592765774,1.7078916331456169,2.6040600160901044,0,-0.0276242739025621
2021-11-24,72.13780086448904,1.4812099758648438,2.3915716814159285,0,-0.0209529264499177
2021-11-25,73.48654805019422,1.5644333065164933,1.2620533386967014,0,-0.03204554691519
2021-11-26,74.03682548236708,1.5644333065164933,0.7672650040225261,1,0.0082150938639933
2021-11-29,73.71288296709653,1.8261449718423175,1.3202533386967015,1,0.0201831808587715
2021-11-30,72.04921463152768,1.8261449718423175,2.816160016090105,1,0.0124928848110624
2021-12-01,71.49251269305029,1.8539566371681424,3.3445366854384537,0,-0.0149448997205664
2021-12-02,73.40631589435463,1.824968302493967,1.5947300080450522,0,-0.0130112150235825
2021-12-03,74.154234847173,2.136391633145616,1.2336533386967015,1,0.0157533088507188
2021-12-06,73.86956409956457,1.8078149637972656,1.1610416733708766,1,0.0351250634010743
2021-12-07,73.89403133668279,1.8078149637972656,1.1390416733708766,1,0.0192925725441562
2021-12-08,71.75471064215164,1.8078149637972656,3.0626366854384544,0,-0.0058269870366961
2021-12-09,74.03205622321637,1.5623449718423177,0.7694650040225259,0,-0.011018501769188
2021-12-10,72.93500278817434,0.5494283185840712,0.7429766693483506,0,-0.0166935903235517
2021-12-13,72.40195808938361,0.0966233306516493,0.7694650040225259,0,-0.0069244412084432
2021-12-14,72.49452022600849,0.5494283185840712,1.1390416733708766,0,-0.0198023964146428
2021-12-15,71.98940894134894,0.5494283185840712,1.5932183427192272,0,-0.0358950451232307
2021-12-16,71.74063459930109,0.4664283185840712,1.7339066773934027,0,-0.0280771252532986
2021-12-17,72.3520282300344,0.4664283185840712,1.184165004022526,0,-0.001753060570085
2021-12-20,72.73446780603113,0.2603149637972654,0.6341766693483507,1,0.0272170878242907
2021-12-21,72.61092123214287,0.2603149637972654,0.745265004022526,1,0.0137916476665043
2021-12-22,72.74003784691301,0.0068349959774739455,0.37568833467417534,1,0.0076847304159166
2021-12-23,72.74003784691301,0.0068349959774739455,0.37568833467417534,1,0.0093658180357192
2021-12-24,73.53718411850478,0.7235983105390189,0.37568833467417534,1,0.0122658610916014
2021-12-27,73.08550224356894,0.5759516492357204,0.6341766693483507,1,0.0068649621316807
2021-12-28,72.7442102328873,0.5759516492357204,0.9410533386967013,1,0.0069852513026383
2021-12-29,72.90221484729584,0.15265832662912315,0.37568833467417534,1,0.023658295164613
2021-12-30,72.64520319015514,0.33962831858407105,0.7937533386967014,1,0.0343543490144798
2021-12-31,73.55552712009947,1.1316683024939667,0.7672650040225261,1,0.0323844248425415
2022-01-03,72.33749059690997,0.8282099758648437,1.5590183427192272,1,0.0067964391028592
2022-01-04,71.6105189310326,0.8282099758648437,2.212683346741753,1,0.0004183284051241
2022-01-05,72.68020245175833,0.7118983105390191,1.1345533386967013,1,0.0043447410361758
2022-01-06,72.7510981189221,0.802133306516493,1.1610416733708766,1,0.0173096902817777
2022-01-07,72.81279633817097,0.8311216411906683,1.1345533386967013,1,0.0221882493498173
2022-01-10,70.37069729742382,0.5856516492357204,3.08492502011263,1,0.0140373115545848
2022-01-11,71.34075838136744,0.5856516492357204,2.212683346741753,1,0.0110159052916422
2022-01-12,72.53979758823598,0.5856516492357204,1.1345533386967013,1,0.0052436494837247
2022-01-13,72.04913124286024,0.5856516492357204,1.5757416733708767,0,-0.0079597130253148
2022-01-14,72.04913124286024,0.5856516492357204,1.5757416733708767,0,-0.0175364324208125
2022-01-17,54.068664653471586,0.45280498793242185,17.610240064360404,0,-0.0305637804928547
2022-01-18,53.85541969948024,-0.2061133547868058,17.143063395012057,0,-0.0277598135434743
2022-01-19,53.419928825893436,-0.2061133547868058,17.53464006436041,0,-0.0449979723763713
2022-01-20,54.75646834015704,0.6173633145615449,17.156351729686232,0,-0.0273486822976476
2022-01-21,53.592684197681564,0.6173633145615449,18.202781737731286,0,-0.0292010047430787
2022-01-24,54.63364837503292,0.5935283185840711,17.24295172968623,0,-0.0027532020059854
2022-01-25,53.55556630919428,0.08053499597747382,17.699328399034584,1,0.0035761987168986
2022-01-27,54.92127557300375,0.7655516492357204,17.156351729686232,1,0.0269108406461326
2022-01-28,53.716688603985276,0.8345633145615451,18.308481737731288,1,0.0388817379909314
2022-01-31,51.71002854258984,0.5623283185840711,19.84055840707964,1,0.012627656867802
2022-02-01,52.145519416176626,0.5623283185840711,19.448981737731287,0,-0.0034508193243722
2022-02-02,51.33855842369079,0.5691166532582465,20.18135840707964,0,-0.0323744610286543
2022-02-03,50.70489590300517,0.42381665325824647,20.60582341110217,0,-0.0168522908232429
2022-02-04,51.20920273754797,0.45280498793242185,20.18135840707964,0,-0.0030017089385031
2022-02-07,51.34379848881573,0.6003166532582465,20.207846741753816,1,0.0225314641225285
2022-02-08,51.615234685437485,0.45280498793242185,19.816270072405466,1,0.0062353160176242
2022-02-09,51.55606845749708,0.45280498793242185,19.869470072405463,0,-0.0362069012753965
2022-02-10,50.27940138013523,0.45280498793242185,21.01740008045052,0,-0.0144975263813711
2022-02-11,51.55606845749708,0.45280498793242185,19.869470072405463,0,-0.0030290870050802
2022-02-14,48.77377103233647,0.0,21.91840008045051,1,0.0270490963368525
2022-02-15,48.556025595543076,0.0,22.114188415124687,0,-0.0043980867197616
2022-02-16,48.338280158749676,0.0,22.309976749798864,0,-0.0066929788479778
2022-02-17,49.43335767605412,0.6173633145615449,21.94268841512469,0,-0.0123501430193454
2022-02-18,49.17768802172749,0.544463314561545,22.099676749798864,0,-0.0124085920554038
2022-02-21,48.08832137552222,-0.035776669348350776,22.498953419147217,0,-0.0573291900335469
2022-02-22,48.523812249109014,-0.035776669348350776,22.107376749798863,0,-0.0257076253827342
2022-02-23,47.943740368167155,0.8725749798873697,23.537306757843922,0,-0.0159113027870147
2022-02-24,48.440523522822446,0.8725749798873697,23.090618423169744,1,0.021794317903885
2022-02-25,49.793941726522924,0.9415866452131944,21.94268841512469,0,-0.0096724016070149
2022-02-28,69.22072417930865,0.7053516492357204,4.238636685438455,0,-0.0332090112563125
2022-03-02,70.80268862063613,0.7053516492357204,2.8161950120675776,0,-0.0457622555270862
2022-03-03,70.16189538468464,0.5229516492357204,3.2099716814159285,0,-0.0298131979918611
2022-03-04,69.8076320520502,0.17792333065164923,3.1834833467417534,1,0.0061367392433756
2022-03-07,75.77186950677431,6.675954947707158,4.3187016894609815,1,0.0450966098940372
2022-03-08,76.71746335359968,6.675954947707158,3.468460016090104,1,0.0378063582572313
2022-03-09,76.93528108443094,6.586831617055509,3.1834833467417534,1,0.0316705002353644
2022-03-10,76.93528108443094,6.586831617055509,3.1834833467417534,1,0.0040952733141233
2022-03-11,76.51063735859807,6.20500828640386,3.1834833467417534,1,0.0205269394191992
2022-03-14,76.43169531133749,6.134026629123089,3.1834833467417534,1,0.0243437128248083
2022-03-15,79.14589783699142,6.134026629123089,0.7429766693483506,1,0.0269164814141174
2022-03-16,78.91181681077327,5.923549959774737,0.7429766693483506,1,0.0198397623450661
2022-03-17,77.4011150541136,5.053761625100565,1.2315533386967012,0,-0.0023977285201792
2022-03-21,78.23228748092778,5.936184955752213,1.3666183427192273,1,0.0061240103041602
2022-03-22,79.76771782481035,6.873519951729687,0.9233533386967014,0,-0.0094289687062794
2022-03-23,80.10228505840645,6.6266849557522125,0.37568833467417534,0,-0.0013723014891642
2022-03-24,80.26857700321375,6.776208286403861,0.37568833467417534,1,0.0059366766685982
2022-03-25,75.16000882792515,2.1827799678197914,0.37568833467417534,1,0.0199277905014469
2022-03-28,74.56755507196291,1.6765566371681424,0.40217666934835067,1,0.0139969275393989
2022-03-29,74.72069030713614,1.8142499597747395,0.40217666934835067,1,0.0197258919570059
2022-03-30,74.87001274759515,1.9220266291230903,0.37568833467417534,1,0.0312331567621427
2022-03-31,65.20728541555961,1.7282749798873693,8.870290024135157,1,0.0278177224340578
2022-04-01,64.99823512627452,1.3180283185840709,8.648013354786807,1,0.0077343873516263
2022-04-04,63.17454366949763,0.0720116653258247,9.041790024135157,0,-0.023190492642105
2022-04-05,63.20400259519489,0.0720116653258247,9.015301689460982,0,-0.0096834291674097
2022-04-06,63.20400259519489,0.0720116653258247,9.015301689460982,0,-0.0074797573276733
2022-04-07,63.12391502743103,0.0,9.015301689460982,0,-0.0062127277427837
2022-04-08,72.73676627328165,0.3711816572807726,0.7429766693483506,0,-0.0175103736576228
2022-04-11,72.41816206429147,0.6380816572807726,1.2963533386967012,0,-0.0287721505253433
2022-04-12,71.8257083083292,0.4399583266291234,1.6309416733708766,0,-0.0331527841674087
2022-04-13,70.98853583426444,0.4399583266291234,2.3836950120675784,0,-0.0195948740602739
2022-04-18,63.1044227474747,0.37251665325824634,9.405345052292834,1,0.012668596004867
2022-04-19,66.3207801074258,0.21419332260659718,6.3549967015285596,1,0.0124992105023466
2022-04-20,66.13781892905124,0.3734933226065972,6.678808366854384,0,-0.0107127643368
2022-04-21,58.969969401145846,0.1755933226065972,12.925963395012063,0,-0.011088934038163
2022-04-22,62.32246654480438,0.14119332260659723,9.87712670957361,0,-0.0078076183623446
2022-04-25,64.69823526898367,0.12890498793242178,7.728638374899436,1,0.0170243007504049
2022-04-26,65.44315697183411,1.3441866452131943,8.274115044247786,0,-0.0057283191677509
2022-04-27,67.82889055229793,1.2824749798873698,6.067243362831858,1,0.0018001910600752
2022-04-28,56.34587486216097,1.3612633145615451,16.471118423169752,0,-0.0334586440896386
2022-04-29,62.22490341442727,1.3612633145615451,11.184921721641192,0,-0.0248583179846146
2022-05-02,62.32574921306529,1.2950166532582463,11.027998390989543,0,-0.0393027360728743
2022-05-04,61.11691013779068,1.466028318584071,12.285951729686246,0,-0.0227879033811476
2022-05-05,57.228673195083715,0.15852333065164936,14.474600080450527,0,-0.0268888436667901
2022-05-06,61.35716174645269,0.15852333065164936,10.762421721641193,0,-0.0149887622263679
2022-05-09,61.2476930943442,0.3803699919549479,11.082698390989545,0,-0.0307624572994304
2022-05-10,61.046577970441774,0.065334995977474,10.948498390989542,0,-0.0286008589940543
2022-05-11,59.9690575254888,0.065334995977474,11.917363395012071,0,-0.0202947351741263
2022-05-12,60.883294370231965,0.2971466613032987,11.327128399034601,1,0.0281489117569518
2022-05-13,63.594972330821456,0.2971466613032987,8.888891713596141,1,0.0286162529168419
2022-05-16,62.23416760906522,0.5328816572807726,10.348210056315368,0,-0.0020788780285894
2022-05-17,64.80644718587472,0.5260933226065972,8.028526709573613,1,0.0004212086290135
2022-05-18,58.93835847520295,0.2048816572807725,12.983675060337891,0,-0.0015775692687893
2022-05-19,57.061530453239364,0.2048816572807725,14.671246741753823,1,0.0197754651270518
2022-05-20,63.756331907528775,0.2980699919549479,8.744726709573614,0,-0.0148863378339252
2022-05-23,61.36883186519695,0.2690816572807725,10.862486725663716,0,-0.002751288216687
2022-05-24,59.180237504972055,0.25506999195494784,12.81637506033789,1,0.013997568247958
2022-05-25,59.32772118952521,0.21601665325824637,12.644710056315365,1,0.0388947432639637
2022-05-26,56.841468028321884,1.5477633145615446,16.212000080450522,1,0.0253045890956108
2022-05-27,63.923839787947976,1.7577749798873694,10.053815044247786,1,0.0103604859180215
2022-05-30,64.04545679101894,1.322763314561545,9.509450040225262,0,-0.0020066454311248
2022-05-31,62.049217539394306,1.4273399839098957,11.408968382944488,0,-1.5074384550799415e-05
2022-06-01,59.85122737001451,1.5983516492357204,13.556328399034593,1,0.0028284544259902
2022-06-02,57.360147508110636,1.4273399839098957,15.625200080450519,0,-0.012810231966546
2022-06-03,61.826532308256965,1.4273399839098957,11.609198390989535,0,-0.0138463773985786
2022-06-06,60.27094060667662,0.2908466613032986,11.871433386967011,0,-0.0055344469834796
2022-06-07,61.30952292811001,0.2908466613032986,10.937580048270313,0,-0.0131554422467776
2022-06-08,58.05042019723987,0.2908466613032986,13.868040064360422,0,-0.0362217144576791
2022-06-09,56.18247637885141,0.42946999195494795,15.686246741753823,0,-0.0463290155523929
2022-06-10,59.90345381768507,0.42946999195494795,12.340486725663713,0,-0.031961759864487
2022-06-13,60.34171208556744,0.42946999195494795,11.946421721641189,0,-0.0265825833820332
2022-06-14,59.310012102854024,0.42946999195494795,12.874086725663716,0,-0.0282753094918017
2022-06-15,58.32809739141415,0.2840583266291232,13.611575060337888,0,-0.0220353413401488
2022-06-16,54.40935236473283,0.7696749798873697,17.62077674979888,1,0.0179492163742309
2022-06-17,63.831210904600034,0.7696749798873697,9.149003378921964,1,0.0078028715354694
2022-06-20,67.83430669993092,0.9023099758648435,5.6822083668543835,1,0.0133629539685631
2022-06-21,67.15666059398238,1.6170732904263883,7.006285036202732,1,0.0038579346817316
2022-06-22,65.99296171910353,1.6170732904263883,8.052638374899434,1,0.0268055933920487
2022-06-23,67.62947326461124,1.6686732904263886,6.632750040225263,1,0.0186939185992153
2022-06-24,71.65354417292986,1.7460732904263887,3.0918600160901044,1,0.0063400358726376
2022-06-27,72.44932249459004,2.868983266291233,3.4992366854384542,0,-0.0032772083246963
2022-06-28,71.57422580299203,2.966771600965408,4.383878358809331,0,-0.0062116030083214
2022-06-29,67.10257499060323,2.973559935639583,8.411403378921962,1,0.0022918062976628
2022-06-30,67.78110893533594,2.973559935639583,7.8012917135961395,1,0.0019372550857703
2022-07-01,71.53522835899336,3.2401182622687066,4.692290024135157,1,0.0149805034183653
2022-07-04,70.51677590082541,3.221218262268707,5.589143362831859,1,0.0186158825067513
2022-07-05,70.73548334937006,3.124594931617058,5.295866693483507,1,0.0255856261547447
2022-07-06,69.40983545085149,3.3598415929203562,6.7230850362027335,1,0.0140473901994454
2022-07-07,65.19590438349395,1.6906316170555113,8.842880048270315,0,-0.0046348153248936
2022-07-08,68.46999515366001,1.6590316170555113,5.867343362831858,0,-0.0157798674649047
2022-07-11,67.01584236603567,1.6906316170555113,7.206461705551088,0,-0.0172514319714901
2022-07-12,67.047735041886,1.5520082864038622,7.039161705551085,0,-0.0005668457677278
2022-07-13,65.85910555015867,0.19914995977473837,6.75507337087691,1,0.0193430468304489
2022-07-14,65.28582143516701,-0.058460096540627005,7.012938374899439,1,0.024902771417894
2022-07-15,69.31311757019665,-0.058460096540627005,3.391748350764279,1,0.0289642154566869
2022-07-18,67.2892005282851,3.81313145615447,9.083168382944486,1,0.0198736916841585
2022-07-19,69.429325672933,3.848954786806119,7.194673370876907,1,0.0229229637825668
2022-07-20,67.00460207471451,3.81313145615447,9.339068382944488,1,0.0066452041343164
2022-07-21,69.93422750172297,4.3335964601769925,7.225326709573614,0,-0.007337796719393
2022-07-22,74.51216620750033,5.142401448109418,3.917825020112631,0,-0.0046551097589695
2022-07-25,73.55689668054185,4.6083364440868895,4.24270168946098,1,0.0177951454797572
2022-07-26,71.98905650791441,4.784913113435239,5.829020032180208,1,0.0400979938052896
2022-07-27,74.1605571755181,4.82073644408689,3.912313354786805,1,0.041101252234882
2022-07-28,72.54822923829198,5.287176427996787,5.82849670152856,1,0.0242666549935138
2022-07-29,74.78096841379985,6.889028077232508,5.422755028157684,1,0.0133098322210147
2022-08-01,69.29646488910092,4.517544810941281,7.982726709573612,1,0.0024163331606862
2022-08-02,71.22358978791779,4.289423169750611,6.021808366854384,1,0.0029962935755941
2022-08-03,72.13950227961755,4.289423169750611,5.198255028157681,1,0.0078451993100699
2022-08-04,71.23844988108233,6.219379806918751,7.938403378921963,1,0.0087494382753522
2022-08-05,74.19924880142098,6.248368141592927,5.3051550281576825,1,0.014919050694119
2022-08-08,69.42332759408443,5.760356556717628,9.111468382944489,1,0.0098259753047321
2022-08-10,70.28164383740099,5.6439565567176295,8.223303378921962,1,0.016431365156828
2022-08-11,66.32411833830739,2.920543282381337,9.058345052292841,1,0.016024160923483
2022-08-12,71.69021908148963,2.02124995977474,3.334060016090104,1,0.0144920520341971
2022-08-16,64.52066053326614,1.9352316170555126,9.694633386967013,0,-0.003754532466864
2022-08-17,71.7118188042277,3.0226132743362855,4.316001689460981,0,-0.0256004182546416
2022-08-18,66.57931906558899,1.5976032984714412,7.505938374899437,0,-0.0213324912862178
2022-08-19,71.5886022060964,1.5126916331456166,2.9168716814159286,0,-0.0086813464798454
2022-08-22,68.0401651358665,1.2667216411906685,5.861520032180208,1,0.0018136048143383
2022-08-23,67.19520763180957,1.2667216411906685,6.621273370876911,0,-0.0010587312153443
2022-08-24,70.30570155742606,1.3322099758648438,3.8899250201126296,0,-0.0167282241269502
2022-08-25,68.58174187321625,1.3322099758648438,5.440043362831858,1,0.0134264064586741
2022-08-26,71.429140705774,1.3322099758648438,2.8797716814159284,0,-0.0009173345524016
2022-08-29,68.78602845066544,2.7175382944489144,6.641685036202734,1,0.0130007411800927
2022-08-30,67.49333348090381,2.7175382944489144,7.804026709573612,0,-0.005278755295917
2022-09-01,65.36281172235118,2.686649959774739,9.688821721641192,1,0.0064094041863309
2022-09-02,70.24653345055643,2.7156382944489144,5.326555028157683,1,0.0048316760117985
2022-09-05,65.2749650717127,2.700761625100565,9.781921721641192,1,0.0074976630361432
2022-09-06,64.81821921415994,2.63684995977474,10.128698390989543,1,0.0100172863030892
2022-09-07,68.53867583171348,1.263586645213195,5.410143362831858,1,0.0175450744006719
2022-09-08,67.4863158592813,1.263586645213195,6.356385036202736,1,0.015127641504397
2022-09-09,68.46182646421943,1.263586645213195,5.479243362831858,1,0.009509769718269
2022-09-12,64.0031618262714,0.9501633145615455,9.17488004827031,0,-0.0032920346648518
2022-09-13,68.55890393613431,1.0464749798873703,5.174843362831858,0,-0.0302936855540796
2022-09-14,68.07735719732084,1.005786645213195,5.567143362831857,0,-0.021417761375277
2022-09-15,67.41222091252406,1.0464749798873703,6.20589670152856,0,-0.0034263831143965
2022-09-16,71.18786409649609,0.9208749798873701,2.6853833467417534,1,0.0106386396539143
2022-09-19,65.53143738669972,0.009323330651649253,6.859873370876909,1,0.0004283438900965
2022-09-20,67.20960255578748,0.009323330651649253,5.350931697506032,0,-0.0278247841740573
2022-09-21,69.83840515451479,0.2513699919549478,3.2292600160901035,0,-0.0404291175093335
2022-09-22,67.8647943841025,0.18588165728077244,4.938366693483507,0,-0.035942108585079
2022-09-23,70.61308793277267,0.2513699919549478,2.532695012067578,0,-0.0274252656605089
2022-09-26,67.50965045998221,3.0752982300884972,8.147115044247787,0,-0.0117160208047096
2022-09-27,67.75118287205001,3.0752982300884972,7.929938374899437,1,0.0050994560938277
2022-09-28,69.75278449814336,4.664261544650046,7.719138374899437,1,0.0017039085849314
2022-09-29,68.1130402996806,4.63527320997587,9.164545052292842,1,0.0267641604453993
2022-09-30,73.06367436514213,4.557238213998396,4.635090024135156,1,0.0137949649072126
2022-10-03,67.21033641184997,4.51654987932422,9.85749839098954,1,0.0249881430250631
2022-10-04,69.49277746996393,4.557238213998396,7.845903378921964,0,-0.001929579654941
2022-10-06,69.96976440549629,4.52824987932422,7.388026709573613,0,-0.0202977359371613
2022-10-07,72.63274329483647,4.557238213998396,5.0225666934835065,0,-0.0110953349809231
2022-10-10,65.67082449690452,3.521803218020919,10.247021721641188,0,-0.0132331625573796
2022-10-11,69.57221260193073,3.176356556717621,6.393596701528559,1,0.0118324141450369
2022-10-12,71.46343921625783,3.1765682220434455,4.693290024135156,1,0.0109307209355076
2022-10-13,73.8697214822534,5.051804827031379,4.404890024135155,1,0.0273977828242162
2022-10-14,76.24312320300271,4.938893161705554,2.157906677393403,1,0.0188229933739625
2022-10-17,73.63806123262952,5.247481496379729,4.808866693483505,1,0.0144601560463509
2022-10-18,74.67517736297592,5.475863153660502,4.104713354786805,1,0.0050965152061756
2022-10-19,81.20982032368195,11.651851488334685,4.405001689460981,1,0.012399784332138
2022-10-20,80.14489308854816,11.651851488334685,5.3625433628318575,1,0.0052469860840222
2022-10-21,83.42690605053808,12.00885148833468,2.7684833467417533,1,0.0090986305867464
2022-10-24,80.38957288597435,11.628169831053908,5.1188550281576815,1,0.0031561887871559
2022-10-25,79.80344906354682,12.45637980691876,6.474085036202735,1,0.0199538140388285
2022-10-27,80.63453255437877,13.807934835076438,7.078361705551087,1,0.0227670508089781
2022-10-28,81.98689793141658,13.692111504424789,5.746543362831859,1,0.0165073661216218
2022-10-31,65.80631372374405,3.178118262268704,9.781510056315366,1,0.0022459519934625
2022-11-01,70.46061801748246,3.781876588897828,6.2002967015285595,0,-0.0015580815863759
2022-11-02,69.16811953003165,3.781876588897828,7.362461705551086,1,0.0066114531188322
2022-11-03,66.43553320317751,3.7465999195494772,9.78422172164119,1,0.0057609032087492
2022-11-04,71.66023369772464,3.178118262268704,4.517890024135157,0,-0.0049218048552047
2022-11-07,64.32057783622359,2.0416249396621087,9.980933386967015,1,0.0080377971896048
2022-11-09,73.06368554924451,2.550141592920355,2.627983346741753,1,0.0094365274202176
2022-11-10,70.56648887806108,2.550141592920355,4.873366693483507,1,0.0205982315325619
2022-11-11,72.07780602877068,2.550141592920355,3.514448350764279,1,0.0032617580643286
2022-11-14,58.01740240068906,0.1859699919549479,13.792851729686243,1,0.0008044054582508
2022-11-15,58.31013250195309,0.1859699919549479,13.529640064360416,0,-0.0052164248705341
2022-11-16,59.16533473327278,0.1859699919549479,12.76067506033789,0,-0.0136563637920312
2022-11-17,59.00338016231827,0.05904666130329861,12.779375060337891,0,-0.0054498728694103
2022-11-18,59.8397871069426,-0.0537533386967014,11.914510056315363,0,-0.0022091662003576
2022-11-21,58.478544952573664,0.009323330651649253,13.201563395012062,1,0.0176922832123905
2022-11-22,57.44470406424421,0.5768166532582466,14.698646741753816,1,0.014612462594072
2022-11-23,61.612143712691534,0.6353166532582466,11.009945052292837,1,0.016047045403153
2022-11-24,55.67615470589473,0.3029466613032986,16.014988415124698,1,0.0072206371860105
2022-11-25,57.14166436792354,0.3029466613032986,14.697258407079646,1,0.013179302726634
2022-11-28,53.490116405166624,1.1526049879324216,18.830248431214805,1,0.013364658023401
2022-11-29,54.71219003142791,1.1526049879324216,17.731406757843924,1,0.0041834056961569
2022-11-30,58.37776956904428,1.1526049879324216,14.435458407079647,0,-0.00305931460147
2022-12-01,56.61567621143166,1.1236166532582463,15.990876749798872,0,-0.0090642119446112
2022-12-02,49.633961194376795,1.1526049879324216,22.297555108608197,0,-0.0072792793095892
2022-12-05,55.19175342625983,1.3110749798873695,17.458671761866455,0,-0.0049155294309982
2022-12-06,52.95327555360603,1.2057399839098957,19.366090104585684,0,-0.007870399154297
2022-12-07,57.250321143671265,0.112134995977474,14.408746741753825,0,-0.0034190004876804
2022-12-08,57.76755483217576,0.112134995977474,13.943670072405478,0,-7.254680951705766e-05
2022-12-09,60.89580973869852,0.10534666130329862,11.124075060337892,1,0.0088113410501931
2022-12-12,58.33625498622514,0.009323330651649253,13.329505068382945,0,-0.0044565466360845
2022-12-13,55.947702117230655,0.009323330651649253,15.477200080450523,0,-0.0183859614218758
2022-12-14,58.61660688085436,0.3264166532582464,13.394516733708766,0,-0.0129368119641987
2022-12-15,59.01558595483063,0.4452633145615451,13.154616733708771,0,-0.0016086872562337
2022-12-16,60.364889214106675,0.4452633145615451,11.941375060337892,0,-0.0038334920438523
2022-12-19,56.4174786172153,0.23251665325824655,15.277988415124698,0,-0.0160396129875339
2022-12-20,54.8469692914477,0.2206049879324219,16.678218423169753,0,-0.0319710254524182
2022-12-21,59.625088935423,0.47082831858407126,12.632140064360417,0,-0.0101896020761529
2022-12-22,60.57294599720817,0.5513399839098959,11.860375060337896,1,0.0002730307672992
2022-12-23,55.64466796822478,0.20670498793242198,15.947058407079645,1,0.0175738533749517
2022-12-26,52.78592335589211,1.365063314561545,19.675890104585687,1,0.0097444260456517
2022-12-27,55.341251949226866,1.3360749798873695,17.34924843121481,0,-0.0014901651873376
2022-12-28,56.23163695090179,1.651821641190668,16.8643950925181,1,0.0041272141834365
2022-12-29,46.70823937699398,1.651821641190668,25.427468463395,1,0.0022814919480951
2022-12-30,58.5269807947891,1.1526049879324216,14.301293403057125,0,-0.0034496863240764
2023-01-02,63.2574208208162,1.069028318584071,9.964286725663719,0,-0.0113459227153866
2023-01-03,64.40838932404415,1.1526049879324216,9.012956717618664,0,-0.0206756783267876
2023-01-04,66.40638206397804,1.1526049879324216,7.216438374899434,1,0.0032232076521514
2023-01-05,65.46128121238604,1.8102366049879337,8.72386838294449,0,-0.0043446483037104
2023-01-06,68.94345471277114,1.8102366049879337,5.592831697506032,1,0.0020276806233575
2023-01-09,68.68708439679793,2.128406596942882,6.141520032180208,0,-0.0135154479219465
2023-01-10,70.25918964924027,2.3412182622687068,4.940755028157683,1,0.002366832018661
2023-01-11,70.52242190413072,2.288629927594531,4.651478358809332,0,-4.74985715593514e-05
2023-01-12,67.95582725130286,1.5501649235720054,6.22079670152856,1,0.0108657070583752
2023-01-13,71.60441688476821,2.7052532582461817,4.0952133547868055,1,0.0115581979343827
2023-01-16,64.08052834665999,0.5885166532582464,8.743668382944485,1,0.0118325839546737
2023-01-17,65.49564476960934,0.24789332260659713,7.130626709573611,0,-0.0014218031576777
2023-01-18,67.84927621835325,0.3908049879324219,5.157243362831858,0,-0.0025796579724381
2023-01-19,66.59568990730449,0.4534816572807726,6.34709670152856,1,0.0005769313211509
2023-01-20,62.474608273794054,0.3158933226065973,9.91502670957361,0,-0.0075557993737855
2023-01-23,60.265496632996886,0.2858466613032986,11.871328399034594,0,-0.028790244741602
2023-01-24,58.58547973444449,0.2568583266291232,13.35294674175382,0,-0.0262461857042948
2023-01-25,64.08570909130586,1.3435516492357202,9.49404505229284,0,-0.0129269592016806
2023-01-27,56.63744834829215,1.4223399839098956,16.27002341110218,1,0.0006785792118288
2023-01-30,64.6046239740817,1.5332633145615449,9.217168382944491,0,-0.0021866549077301
2023-01-31,63.45291034121608,1.4223399839098956,10.14182172164119,1,0.0108064414261675
2023-02-01,66.22782312725012,1.5933516492357203,7.817738374899436,1,0.0083831032279225
2023-02-02,61.931361436802476,1.4513516492357201,11.53895172968624,1,0.0062889550901984
2023-02-03,65.6667578678024,1.4513516492357201,8.180226709573612,1,0.0009880829058025
2023-02-06,64.94536733743648,0.5299166532582464,7.907438374899437,1,0.0072270110572954
2023-02-07,66.06276197054272,0.2651816572807726,6.6379850362027355,1,0.0075889958917892
2023-02-08,66.08500491337747,-0.5069833467417535,5.8458200321802085,0,-0.0056561681097704
2023-02-09,63.195207327601985,0.37296999195494795,9.324168382944489,1,0.0020321976214998
2023-02-10,67.5214615878894,0.37296999195494795,5.434166693483508,1,0.0088843383911423
2023-02-13,62.07261155004711,0.4099049879324218,10.370498390989535,1,0.0147991557821526
2023-02-14,61.10397031027023,0.3908049879324219,11.222363395012056,1,0.0008000212279002
2023-02-15,62.56436409544705,0.5501049879324219,10.06853338696701,0,-0.0095509845415811
2023-02-16,52.837208191614174,0.055381657280772656,18.320095092518102,0,-0.0116641104025448
2023-02-17,55.29400797443502,0.002781657280772676,16.058435076427987,0,-0.021968008796885
2023-02-20,56.25730348168759,0.15055832662912327,15.340053419147214,0,-0.0188574099203468
2023-02-21,50.59027057443917,0.12953499597747398,20.414608447304907,0,-0.0204526503145289
2023-02-22,44.93037580870066,0.15852333065164936,25.532756798069176,0,-0.0092483561868275
2023-02-23,45.56943407721649,1.2950166532582463,26.09463346741753,0,-0.0119087323869202
2023-02-24,60.907211081094125,1.3486516492357203,12.357128399034588,0,-0.0008534598575706
2023-02-27,57.56546284403412,1.484728318584071,15.497976749798868,0,-0.0040789810722106
2023-02-28,56.28479203696204,1.4935399839098955,16.65831842316975,1,0.0166430286367409
2023-03-01,56.558144830842316,1.4935399839098955,16.412530088495572,1,0.0148200998406124
2023-03-02,54.26643403077559,1.3225283185840708,18.30213676588898,1,0.0246617756396197
2023-03-03,59.378989293830095,1.5443749798873694,13.926970072405465,0,-0.0002700094803942
2023-03-06,56.053309748775405,-0.040530008045052024,15.332388415124697,0,-0.0170000122453449
2023-03-08,57.74591985714699,0.2903583266291233,14.141346741753813,0,-0.0343845014786879
2023-03-09,57.28005439303199,0.2903583266291233,14.56023507642799,0,-0.0315506536746712
2023-03-10,60.496424726541875,0.2903583266291233,11.668198390989536,0,-0.0256375454576606
2023-03-13,57.20580188464026,0.6367049879324218,14.973346741753812,0,-0.0098829447720524
2023-03-14,58.076933767204345,0.7172166532582465,14.270570072405464,1,0.0033242228580058
2023-03-15,57.5583988754913,0.49808165728077247,14.517681737731289,1,0.0009569928190322
2023-03-16,56.05650902836889,0.49808165728077247,15.86812341110217,1,0.0071510375688738
2023-03-17,61.38678378109923,0.5276933226065971,11.104956717618661,1,0.0030275671665676
2023-03-20,63.297367303007334,0.40821665325824635,9.267556717618662,1,0.0051959148521634
2023-03-21,64.44114577049032,0.4987049879324217,8.329603378921963,0,-0.0095412080669274
2023-03-22,55.209484791662966,0.2707466613032986,16.40240008045053,0,-0.009737141049339
2023-03-23,54.57017626767203,0.2707466613032986,16.977241753821406,0,-0.0073585492759741
2023-03-24,63.78138116533542,0.4604583266291232,8.884591713596137,1,0.0079734153495878
2023-03-27,63.840009840578524,1.4998516492357201,9.87126838294449,1,0.0217824946086748
2023-03-28,63.358626210714306,1.6708633145615448,10.475121721641187,1,0.0259900071922659
2023-03-29,66.44978174962334,1.4072399839098955,7.43205004022526,1,0.0275064075227877
2023-03-31,65.0747285708941,1.5994749798873695,8.860680048270314,1,0.0136962972164468
2023-04-03,61.60305560056162,1.4742516492357203,11.857051729686244,1,0.0129063155616466
2023-04-05,58.099693862933634,0.47638165728077264,14.009270072405467,1,0.0093681549438189
2023-04-06,59.233005173725495,0.47638165728077264,12.99024006436042,1,0.0120442385547251
2023-04-10,68.71289739458862,1.1073516492357207,5.097255028157682,1,0.0115058085478924
2023-04-11,67.49943364823902,0.7117283185840712,5.792731697506033,0,-0.0008721632316531
2023-04-12,63.50367802404361,0.49259332260659716,9.166426709573608,0,-0.0085841550670462
2023-04-13,60.82810592488427,0.49259332260659716,11.572198390989538,0,-0.0118065792040237
2023-04-17,64.21041415925615,0.4636049879324218,8.501968382944485,0,-0.0046644278244634
2023-04-18,62.900566176394236,0.6198049879324218,9.835933386967012,0,-0.0020462423745595
2023-04-19,64.94646651101944,0.6198049879324218,7.996338374899434,1,0.0070499399089416
2023-04-20,66.9030280568016,0.6760166532582464,6.293285036202735,1,0.0081822927730869
2023-04-21,65.84525193673646,0.6890933226065972,7.257473370876909,1,0.0106977639716935
2023-04-24,74.98713481517886,2.538914963797266,0.887265004022526,1,0.0096275259210933
2023-04-25,74.52834817209467,1.9821032984714408,0.7429766693483506,1,0.01650692928885
2023-04-26,75.79928952586931,3.1248849557522123,0.7429766693483506,1,0.0185788652359108
2023-04-27,75.8918461151794,3.2081082864038617,0.7429766693483506,1,0.0097098657885416
2023-04-28,75.8918461151794,3.2081082864038617,0.7429766693483506,1,0.01050647315774
2023-05-02,75.53705820340643,3.1248849557522123,0.978765004022526,0,-0.0043433130143276
2023-05-03,73.54533795545738,2.016559935639582,1.6613183427192275,1,0.0096028024962548
2023-05-04,74.5666690226351,2.016559935639582,0.7429766693483506,1,0.0005558331822171
2023-05-05,73.42996382886813,0.99447827835881,0.7429766693483506,1,0.0135280934916381
2023-05-08,73.69752603136736,0.8677716009654074,0.37568833467417534,1,0.0017833019873117
2023-05-09,72.25528807064762,0.5008316170555115,1.3055533386967013,1,0.0026708052206729
2023-05-10,72.28474699634488,0.5008316170555115,1.279065004022526,1,0.0045623064404016
2023-05-11,72.5329578385779,0.7505016090104594,1.3055533386967013,0,-0.0005740292912553
2023-05-12,72.56241676427516,0.7505016090104594,1.279065004022526,0,-0.0072911324175989
2023-05-15,72.12785452907808,0.877713274336284,1.7970183427192274,0,-0.0147228957586773
2023-05-16,73.67912370929362,0.877713274336284,0.40217666934835067,0,-0.0045546928690211
2023-05-17,74.24813710768275,1.3628599356395825,0.37568833467417534,1,0.0072692919187611
2023-05-18,73.58476728475398,1.281448270313758,0.8907533386967015,1,0.0119553098318694
2023-05-19,74.150687070949,1.2752366049879333,0.37568833467417534,1,0.0044945373944446
2023-05-22,73.57868939615074,1.5841949316170565,1.198965004022526,1,0.0003684945402147
2023-05-23,72.94589064606096,1.4131832662912318,1.5969416733708768,1,0.008215019596965
2023-05-24,73.22908222902362,1.4964065969428813,1.4255300080450521,1,0.0169860702232947
2023-05-25,73.98818197373842,1.4964065969428813,0.7429766693483506,1,0.0169236889927842
2023-05-26,74.49648511174749,2.1892415929203537,0.978765004022526,1,0.0018928685572054
2023-05-29,74.4039285224374,2.106018262268705,0.978765004022526,0,-0.0059806468439644
2023-05-30,74.4039285224374,2.106018262268705,0.978765004022526,0,-0.0053675405550802
2023-05-31,74.78626806782232,2.2140149637972644,0.7429766693483506,1,0.0032024159936053
2023-06-01,74.72030476875852,2.181191633145615,0.7694650040225259,1,0.0059994652370622
2023-06-02,74.7820029880074,2.2101799678197906,0.7429766693483506,1,0.010322014324244
2023-06-05,73.69766695105749,0.8943866452131942,0.40217666934835067,1,0.0021865036485517
2023-06-06,73.77049961528252,0.9598749798873696,0.40217666934835067,0,-0.0019159155969386
2023-06-07,73.43425118741503,1.1225099758648436,0.8671533386967014,0,-0.0066920703347591
2023-06-08,73.75661074956957,0.9473866452131943,0.40217666934835067,1,0.0043694029736203
2023-06-09,73.78606967526684,0.9473866452131943,0.37568833467417534,1,0.010316469349863
2023-06-12,73.54133798360554,1.0809099758648435,0.729265004022526,1,0.0046447350300973
2023-06-13,73.54133798360554,1.0809099758648435,0.729265004022526,1,0.0058521056201549
2023-06-14,73.6403061056614,1.1434099758648435,0.7027766693483507,0,-2.3992738199095144e-05
2023-06-15,73.88289134439184,1.388021641190668,0.729265004022526,1,0.0068578157462803
2023-06-16,74.91926046617135,2.2933966210780374,0.7027766693483507,1,0.0016373499824022
2023-06-19,73.33806898052829,1.6949266291230898,1.5260533386967012,1,0.0008420671646382
2023-06-20,73.77467200125682,1.760414963797265,1.198965004022526,0,-0.0080678732913443
2023-06-21,74.37435471364036,1.8436382944489145,0.7429766693483506,0,-0.0088234182435775
2023-06-22,73.93886384005357,1.8436382944489145,1.1345533386967013,1,0.0024555296978708
2023-06-23,73.78474064601154,1.5492683024939664,0.978765004022526,1,0.0162925788131852
2023-06-26,75.841321261583,3.3984666130329853,0.978765004022526,1,0.0262869789798496
2023-06-27,74.45230137578817,3.3984666130329853,2.2277183427192275,1,0.0264908339421933
2023-06-28,72.98104192198386,3.2426432823813363,3.3947950120675783,1,0.0217364160218496
2023-06-30,76.04370609426165,3.344654947707161,0.7429766693483506,1,0.0108559396486372
2023-07-03,74.86387553851283,2.8017499597747393,1.260930008045052,1,0.0090031867921381
2023-07-04,76.27353501422367,3.2105082864038623,0.40217666934835067,0,-0.0029544865606177
2023-07-05,76.4144440570818,3.310719951729687,0.37568833467417534,0,-0.0021984609312989
2023-07-06,76.38498513138452,3.310719951729687,0.40217666934835067,0,-0.0029740600861027
2023-07-07,75.1504962567413,2.1742266291230905,0.37568833467417534,1,0.002712051688011
2023-07-10,74.65810237017388,2.2494382944489146,0.8936416733708767,1,0.0029842953410424
2023-07-11,75.35596727537008,2.3854666130329862,0.40217666934835067,1,0.0064147651378573
2023-07-12,75.62326812776463,2.599324939662109,0.37568833467417534,1,0.0167362250998715
2023-07-13,74.96552023995284,2.007903298471441,0.37568833467417534,1,0.0171339380404461
2023-07-14,74.96552023995284,2.007903298471441,0.37568833467417534,1,0.0136380806469617
2023-07-17,71.53523399578097,0.9919516492357204,2.4441183427192277,1,0.0134895445967724
2023-07-18,71.13430495118466,0.9987399839098958,2.8114066773934034,0,-0.0002152212039172
2023-07-19,69.48049580450095,0.9987399839098958,4.29844835076428,0,-0.0081406836023742
2023-07-20,69.48049580450095,0.9987399839098958,4.29844835076428,0,-0.0150558508086637
2023-07-21,69.28266334885943,1.018044971842318,4.4956366854384555,1,0.0016850823630424
2023-07-24,69.95548087517818,0.9987399839098958,3.871360016090105,0,-0.0006330683048033
2023-07-25,69.82287956252156,0.8795099758648438,3.871360016090105,0,-0.0017570786674645
2023-07-26,69.62096553581716,0.9865333065164931,4.159936685438455,0,-0.0012394991987135
2023-07-27,65.09234684265385,0.9575449718423177,8.202908366854384,1,0.0037392046552085
2023-07-28,66.40097146365984,2.1825333065164925,8.251231697506034,0,-0.0061012223185527
2023-07-31,69.38053041840313,2.2439966210780375,5.633590024135157,0,-0.019019135745582
2023-08-01,68.96247430782405,2.3344849557522127,6.099978358809333,0,-0.0110343522422384
2023-08-02,69.39286227811763,2.327696621078037,5.706201689460982,1,0.0036167236671007
2023-08-03,68.50676830337518,2.3434199517296865,6.5186666934835085,1,0.0097144721346904
2023-08-04,68.56846652262406,2.372408286403862,6.492178358809333,1,0.005903022411987
2023-08-07,68.38187605828729,1.4451449718423175,5.732690024135157,0,-0.0027695186888169
2023-08-08,70.8902386688792,1.498438294448915,3.5305600160901047,0,-0.0073104482971363
2023-08-09,71.01536264856864,1.5844566371681423,3.504071681415929,0,-0.0101364931283474
2023-08-10,71.01536264856864,1.5844566371681423,3.504071681415929,0,-0.0040043018940891
2023-08-11,71.01536264856864,1.5844566371681423,3.504071681415929,0,-0.0032505432225551
2023-08-14,70.8043753622223,1.3947449718423177,3.504071681415929,0,-0.0064215455265949
2023-08-16,72.00489373373664,0.987163314561545,2.017030008045052,0,-0.0036748663283085
2023-08-17,71.54120621698482,0.9375216411906685,2.3843183427192276,1,0.0016098368615461
2023-08-18,76.29083816271446,3.566866613032986,0.7429766693483506,1,0.0069076747770995
2023-08-21,75.58311406863314,3.074796621078039,0.887265004022526,0,-0.0003558507836612
2023-08-22,75.55743644321778,2.9339082864038613,0.7694650040225259,0,-0.0067585563343964
2023-08-23,75.33882168851375,2.7108499597747384,0.7429766693483506,0,-0.0071200208917047
2023-08-24,74.63299379188815,2.0761966210780387,0.7429766693483506,0,-0.0022747615952693
2023-08-25,74.6472292753024,2.088996621078038,0.7429766693483506,1,0.0042291245464109
2023-08-28,76.10326528682367,3.424696621078037,0.7694650040225259,0,-0.0027100744416375
2023-08-29,76.16822765345992,3.483108286403862,0.7694650040225259,1,0.0047784978988195
2023-08-30,76.19768657915719,3.483108286403862,0.7429766693483506,1,0.0093296712225011
2023-08-31,76.5369174045046,3.447331617055511,0.40217666934835067,1,0.0165396894571185
2023-09-01,76.5986156237535,3.4763199517296863,0.37568833467417534,1,0.0090021826309686
2023-09-04,76.5664671451133,3.4739016090104595,0.40217666934835067,1,0.0101004912873521
2023-09-05,76.5664671451133,3.4739016090104595,0.40217666934835067,1,0.0124408728873355
2023-09-06,76.80960291009985,3.666031617055512,0.37568833467417534,1,0.0194565740138714
2023-09-07,76.05773954805031,2.9899849557522122,0.37568833467417534,1,0.0134014253851142
2023-09-08,75.84675226170395,2.8002732904263876,0.37568833467417534,1,0.0125371566139259
2023-09-11,75.84675226170395,2.8002732904263876,0.37568833467417534,1,0.0053242751298646
2023-09-12,75.77391959747895,2.7347849557522124,0.37568833467417534,1,0.0099116040651555
2023-09-13,75.47627564898849,2.46715494770716,0.37568833467417534,1,0.003148997833903
2023-09-14,75.56811305577845,2.549731617055511,0.37568833467417534,0,-0.0100839510140323
2023-09-15,75.23170151896169,2.6145316170555115,0.7429766693483506,0,-0.0225377452672642
2023-09-18,73.71716844671423,1.2792099758648434,0.7694650040225259,0,-0.0230644865061622
2023-09-20,73.36187080829066,0.9332516492357203,0.7429766693483506,0,-0.0114641586373143
2023-09-21,73.36187080829066,0.9332516492357203,0.7429766693483506,0,-0.0039409243015012
2023-09-22,73.36187080829066,0.9332516492357203,0.7429766693483506,1,0.0021426385489296
2023-09-25,73.21440009729629,0.8271399839098957,0.7694650040225259,0,-0.0077044931737023
2023-09-26,73.21440009729629,0.8271399839098957,0.7694650040225259,0,-0.0013434091021268
2023-09-27,73.08338916399964,0.8271399839098957,0.887265004022526,0,-0.0095655739409416
2023-09-28,74.44610860408518,1.9346449718423173,0.7694650040225259,0,-0.0044892675816519
2023-09-29,74.71801560668119,2.1526449718423173,0.7429766693483506,0,-0.0047238696410373
2023-10-03,75.4555322706023,2.44850329847144,0.37568833467417534,1,0.0063677007586822
2023-10-04,75.63373716338494,2.6087382944489135,0.37568833467417534,1,0.0039154368101144
2023-10-05,75.4227498770386,2.419026629123089,0.37568833467417534,1,0.0073454030476603
2023-10-06,75.4227498770386,2.419026629123089,0.37568833467417534,1,0.0079995662861754
2023-10-09,74.13457024256701,1.2607449718423176,0.37568833467417534,1,0.0143312630423817
2023-10-10,74.15880207669811,1.282533306516493,0.37568833467417534,1,0.0031033799491352
2023-10-11,74.15880207669811,1.282533306516493,0.37568833467417534,0,-0.004025992272589
2023-10-12,74.15880207669811,1.282533306516493,0.37568833467417534,1,0.000883715703066
2023-10-13,74.15880207669811,1.282533306516493,0.37568833467417534,0,-0.0040561009285957
2023-10-16,73.42588413673444,1.0172983105390188,0.7694650040225259,0,-0.005440036588818
2023-10-17,73.20658169394261,1.0172983105390188,0.9666533386967013,0,-0.0136633205158073
2023-10-18,73.5496661136098,1.1021099758648436,0.7429766693483506,0,-0.0199915008641904
2023-10-19,73.89063002746371,1.4086916331456156,0.7429766693483506,0,-0.0259416279271952
2023-10-20,73.89063002746371,1.4086916331456156,0.7429766693483506,0,-0.03570180132866
2023-10-23,73.15411984328493,1.4086916331456156,1.4052183427192273,0,-0.0122363185012605
2023-10-25,73.94659697581064,1.4590149637972645,0.7429766693483506,1,0.0009800578626535
2023-10-26,73.95048949080672,1.4890032984714399,0.7694650040225259,1,0.0117222461067001
2023-10-27,73.97994841650399,1.4890032984714399,0.7429766693483506,0,-0.0030549707746538
2023-10-30,75.75798251999056,2.7469432823813347,0.40217666934835067,0,-0.0003997476156555
2023-10-31,75.85581254778712,2.8084199517296855,0.37568833467417534,1,0.0078830589221913
2023-11-01,75.85581254778712,2.8084199517296855,0.37568833467417534,1,0.0220107894060579
2023-11-02,75.55553281951805,2.5384199517296855,0.37568833467417534,1,0.0141907080234729
2023-11-03,79.25334780335481,5.863353177795663,0.37568833467417534,1,0.0110100636171037
2023-11-06,79.25334780335481,5.863353177795663,0.37568833467417534,0,-0.0008477841518626
2023-11-07,77.76730421880937,4.527159855189062,0.37568833467417534,1,0.000960546838704
2023-11-08,77.33613774551658,4.533448189863237,0.7696650040225261,1,2.5715501690564556e-06
2023-11-09,77.82199591106529,4.576336524537412,0.37568833467417534,1,0.0143408970300607
2023-11-10,77.82199591106529,4.576336524537412,0.37568833467417534,1,0.0173439014850867
2023-11-13,77.88602221306783,4.6603948511665365,0.40217666934835067,1,0.014716151970874
2023-11-15,76.69276062402153,4.553513193885762,1.368230008045052,1,0.0009423551191469
2023-11-16,78.45691140910996,6.0259698310539145,1.254430008045052,1,0.0009203866273287
2023-11-17,79.02273850146439,6.023286484312158,0.7429766693483506,1,0.004048696028205
2023-11-20,79.26380565487273,6.266533145615456,0.7694650040225259,1,0.0054689218747126
2023-11-21,78.45863707137244,6.13882148028963,1.365730008045052,1,0.0005710228791702
2023-11-22,80.20699724597739,7.088126468222051,0.7429766693483506,1,0.0039217662675312
2023-11-23,80.17753832028014,7.088126468222051,0.7694650040225259,1,0.0147677038276612
2023-11-24,80.20699724597739,7.088126468222051,0.7429766693483506,1,0.0169534851699428
2023-11-28,82.09996249612573,8.792496460176995,0.745265004022526,1,0.0188363439196905
2023-11-29,83.39723024272722,9.58937312952532,0.37568833467417534,1,0.0289451691788121
2023-11-30,84.41661321821408,10.505963153660481,0.37568833467417534,1,0.0352308123796634
2023-12-01,84.85456378907146,10.899751488334651,0.37568833467417534,1,0.0325130080629057
2023-12-04,85.01549148048086,11.044451488334651,0.37568833467417534,1,0.0103083656736537
2023-12-05,84.6044678440123,11.044451488334651,0.745265004022526,1,0.0054657095505998
2023-12-06,83.93381904935634,10.071853177795639,0.37568833467417534,1,0.0028329711708335
2023-12-07,83.19617819716228,9.408594851166516,0.37568833467417534,1,0.0002511508102051
2023-12-08,83.19617819716228,9.408594851166516,0.37568833467417534,0,-0.0020551017777031
2023-12-11,83.03895951199694,9.267229847143987,0.37568833467417534,1,0.0088004778527734
2023-12-12,82.75280405242792,9.379506516492338,0.745265004022526,1,0.0259792884460982
2023-12-13,81.3241732075137,8.092648189863226,0.7429766693483506,1,0.0232529073998513
2023-12-14,79.55240604869716,6.924008205953335,1.1674416733708766,1,0.0126843462741533
2023-12-15,80.02447358968836,6.924008205953335,0.7429766693483506,0,-0.0143876229710342
2023-12-18,79.99621207872944,6.925084875301687,0.7694650040225259,0,-0.0076675236276866
2023-12-19,79.58518844226087,6.925084875301687,1.1390416733708766,0,-0.0048455208409898
2023-12-20,79.56106782284394,7.143084875301686,1.378730008045052,1,0.0136743029724907
2023-12-21,80.23866015562818,7.143084875301686,0.7694650040225259,1,0.018630315726386
2023-12-22,79.94101065982295,6.848961544650038,0.7429766693483506,1,0.0199087917012278
2023-12-26,54.935883531764,5.038393242156075,21.41605840707965,1,0.0134369186141594
2023-12-27,55.27041739199857,4.993904907481901,21.070770072405473,1,0.0040164444563051
2023-12-28,51.03964843480971,3.3288899436846355,23.20990008045052,0,-0.005197447508961
2023-12-29,49.951112185838745,2.741696621078038,23.60147674979887,0,-0.0098986328052342
2024-01-01,50.630647062999024,2.8785199517296878,23.1272884151247,0,-0.0038386701668476
2024-01-02,51.8441701298277,2.8785199517296878,22.036135076428,1,0.0020748521619394
2024-01-03,49.75489605667474,2.848719951729687,23.88493008849558,0,-0.0002021828785875
2024-01-04,50.628546956988494,2.848719951729687,23.09937674979888,0,-0.0052657953401362
2024-01-05,49.891389884327445,2.6083849557522143,23.521865084473053,0,-0.0042511516959479
2024-01-08,51.09339108887316,3.2666899436846357,23.09937674979888,1,0.0062187122620312
2024-01-09,49.47547834775001,3.2666899436846357,24.5541417538214,1,0.0161009385331972
2024-01-10,48.08259189407666,3.1841132743362848,25.723995092518095,1,0.021903536357508
2024-01-11,48.58046124875614,3.2666899436846357,25.358906757843926,1,0.0176334426207497
2024-01-12,47.13018800256913,3.2734782783588114,26.66972510056315,0,-0.0148438877516658
2024-01-15,43.233118750522124,3.173378278358811,30.073720112630724,0,-0.0291666393188987
2024-01-16,44.29490602654151,3.2023666130329866,29.147990104585677,0,-0.0187797440756102
2024-01-17,46.4346975270469,3.2023666130329866,27.223971761866448,0,-0.0155641620503277
2024-01-18,47.23652966912197,3.2023666130329866,26.502995092518102,0,-0.0003868003273114
2024-01-19,68.20407334582661,3.2081666130329864,7.6555850362027345,0,-0.0125563022561653
2024-01-23,72.3929625816215,3.7393182622687067,4.42024835076428,1,0.0232137824122744
2024-01-24,72.01977789508956,3.7953415929203556,4.8118250201126305,1,0.0031715365709367
2024-01-25,73.03781144151836,3.92865325824618,4.029760016090105,1,0.0173223794564325
2024-01-29,71.79213434873469,3.8134299275945307,5.034601689460981,0,-0.0018487378941887
2024-01-30,72.88027208576928,3.9841765888978293,4.226936685438456,1,0.0152945052882248
2024-01-31,73.01024316596205,3.9281532582461804,4.05404835076428,1,0.0021150697351333
2024-02-01,73.44573403954882,3.9281532582461804,3.662471681415929,1,0.0106334601537325
2024-02-02,71.09975045896535,3.7401182622687066,5.583855028157683,1,0.0035035425235293
2024-02-05,72.93417418039641,3.169089943684636,3.3633833467417538,0,-0.0024718537568353
2024-02-06,75.31318853108951,3.1537782783588106,1.2089533386967013,0,-0.0067213071510847
2024-02-07,74.90715658319996,3.1537782783588106,1.5740416733708766,0,-0.0144422676709122
2024-02-08,75.31318853108951,3.1537782783588106,1.2089533386967013,1,0.0011642569859015
2024-02-09,75.62840252549019,3.802294931617057,1.5740416733708766,1,0.0026385451280682
2024-02-12,75.78152666603386,3.13540160901046,0.7694650040225259,1,0.0135412896497096
2024-02-13,75.68364474400221,3.243178278358811,0.9652533386967013,1,0.0135873796757483
2024-02-14,75.93084910649287,3.243178278358811,0.7429766693483506,1,0.0128384491321968
2024-02-15,75.9013901807956,3.243178278358811,0.7694650040225259,1,0.012977508086051
2024-02-16,75.93084910649287,3.243178278358811,0.7429766693483506,1,0.0006508563980234
2024-02-19,76.12103924128873,3.4141899436846357,0.7429766693483506,1,0.0042941267661644
2024-02-20,75.93084910649287,3.243178278358811,0.7429766693483506,1,0.0007093053271231
2024-02-21,75.93084910649287,3.243178278358811,0.7429766693483506,1,0.0030332480570238
2024-02-22,75.93084910649287,3.243178278358811,0.7429766693483506,0,-0.0008600543580144
2024-02-23,75.93084910649287,3.243178278358811,0.7429766693483506,0,-0.0118446674311355
2024-02-26,74.60663402569979,3.5658482703137584,2.256330008045052,0,-0.006314519273704
2024-02-27,74.60663402569979,3.5658482703137584,2.256330008045052,1,0.0063048768371499
2024-02-28,74.5472972625661,3.9064716009654075,2.6503066773934028,1,0.0204913976678791
2024-02-29,75.14715605745769,4.07835325824618,2.282818342719227,1,0.0168478311364558
2024-03-01,75.20885427670657,4.107341592920355,2.256330008045052,1,0.0060384716474602
2024-03-04,74.39040667422849,3.3714249396621097,2.256330008045052,1,0.0039176738307631
2024-03-05,74.92502135257641,3.8786182622687067,2.282818342719227,0,-0.0010584272938997
2024-03-06,74.41489243222028,3.8849065969428818,2.747795012067578,0,-0.0061750150186594
2024-03-07,72.65826344809015,3.2363899436846353,3.6787716814159284,0,-0.0222906990084511
2024-03-11,64.64998472497663,3.243178278358811,10.88629670152856,0,-0.0083634897218311
2024-03-12,65.35703598345812,3.243178278358811,10.25054336283186,0,-0.0140830411111528
2024-03-13,65.38649490915539,3.243178278358811,10.224055028157684,1,0.0026331694494547
2024-03-14,65.35703598345812,3.243178278358811,10.25054336283186,0,-0.0149761352035818
2024-03-15,66.24014013447666,3.243178278358811,9.456490024135157,0,-0.0084013129101277
2024-03-18,77.45291883218661,4.6117649235720055,0.7429766693483506,0,-0.0019855841813148
2024-03-19,77.45291883218661,4.6117649235720055,0.7429766693483506,1,0.0127204305715488
2024-03-20,77.45291883218661,4.6117649235720055,0.7429766693483506,1,0.0075541256685641
2024-03-21,77.51507488385094,4.6676532582461805,0.7429766693483506,1,0.0050616843765775
2024-03-22,78.49140103353541,5.545528238133549,0.7429766693483506,1,0.0103616906382301
2024-03-26,77.90771471911933,5.0473882542236534,0.7696650040225261,1,0.0205689256358903
2024-03-27,78.97902566095212,5.616693242156073,0.37568833467417534,1,0.0147904246210585
2024-03-28,78.91732744170325,5.587704907481897,0.40217666934835067,1,0.004814409158032
2024-04-01,76.85385518223859,5.3762165728077225,2.046083346741753,1,0.0023412158997687
2024-04-02,75.68428787462608,5.369228238133548,3.0907250201126297,1,0.0026864160973476
2024-04-03,76.57887496725124,5.0179882542236545,1.9351066773934025,1,0.0102726012243373
2024-04-04,76.44297058653095,4.884676588897829,1.923995012067578,1,0.0056735039490149
2024-04-05,76.43236626800812,4.764164923572004,1.8130183427192272,1,0.0106081516139022
2024-04-08,76.25060805168671,5.046688254223653,2.258971681415929,0,-0.0065020799740233
2024-04-09,74.12621052865761,4.59515325824618,3.7176133547868053,0,-0.0164869787769662
2024-04-10,74.15176396580001,4.451164923572005,3.5506483507642788,0,-0.0269894805453801
2024-04-12,75.48815334467312,4.585041592920355,2.482895012067578,0,-0.023523360731942
2024-04-15,75.52302287068858,4.046306596942882,1.9128066773934027,0,-0.0056506864749535
2024-04-16,74.79603823125242,4.102194931617057,2.622371681415929,1,0.0084749508589063
2024-04-18,76.38871632688772,4.824704907481902,1.9128066773934027,1,0.0167775668507968
2024-04-19,74.58960886925802,4.886881576830252,3.5926716814159283,1,0.0114660488410429
2024-04-22,77.02606378562903,4.22795325824618,0.7429766693483506,1,0.0104194632907307
2024-04-23,75.82152316353088,4.314706596942881,1.9128066773934027,1,0.0023198214384769
2024-04-24,77.22469881245812,4.822023250201128,1.1584416733708767,1,0.0107003227592878
2024-04-25,72.94422609373396,5.008958246178602,5.194213354786807,1,0.0015273870046892
2024-04-26,73.09401379285241,4.6341532582461795,4.684725020112631,1,0.0101291910825673
2024-04-29,73.54409231486952,5.065334915526952,4.711213354786806,0,-0.0074270192957281
2024-04-30,73.97958318845632,5.065334915526952,4.319636685438455,0,-0.0071990907523486
2024-05-02,71.14075531513392,5.28277658889783,7.089643362831859,0,-0.0153815987666425
2024-05-03,73.48023466913104,6.075193242156075,5.7784900241351576,0,-0.0077426196365093
2024-05-06,71.28444284691719,5.955339903459374,7.633008366854384,0,-0.0218566274630015
2024-05-07,72.63767199455083,5.773969911504427,6.234866693483507,0,-0.0111503780515199
2024-05-08,69.65189611044342,5.896893242156075,9.042485036202732,0,-0.0089379301532234
2024-05-09,67.74595023316905,5.802393242156076,10.66173837489943,1,0.0117872530448614
2024-05-10,70.12191543965915,5.798016572807725,8.520985036202735,1,0.0065686615918373
2024-05-13,70.2830136662618,5.910669911504426,8.488785036202733,1,0.0134719694396004
2024-05-14,68.25849993011948,5.910669911504426,10.309150040225255,1,0.011111486526132
2024-05-15,65.53985812107177,3.4308599356395835,10.273838374899432,1,0.0146885242081357
2024-05-16,67.19560981213154,3.7318832662912325,9.086073370876909,1,0.0086197373149732
2024-05-17,66.86846801726752,3.568006596942882,9.216350040225258,1,0.0220791977297007
2024-05-21,71.45059950882195,4.155523250201128,5.683790024135156,1,0.0188216692995491
2024-05-22,69.51317986743643,4.061434915526953,7.3317550281576835,1,0.0147003816803603
2024-05-23,71.12757453731155,3.491894931617056,5.310613354786804,0,-0.0034673947309264
2024-05-24,73.85014411364607,3.4657182622687057,2.8364066773934025,0,-0.0110553053398706
2024-05-27,72.77381920450225,4.267958246178602,4.606436685438455,0,-0.0195422005964846
2024-05-28,72.89487458668756,3.635041592920355,3.8646716814159285,0,-0.015740485732538
2024-05-29,73.22637970252191,3.66982992759453,3.601383346741753,1,0.0243308513410048
2024-05-30,74.52592918495678,4.265346580852777,3.0283950120675778,0,-0.0272321138078105
2024-05-31,75.3149975820194,4.530069911504426,2.583618342719227,1,0.0039711199546174
2024-06-03,79.01994507057843,7.69209308125502,2.414295012067578,0,-0.019204110609572
2024-06-04,80.48414610315471,7.689404746580845,1.0950533386967014,1,0.0622519007247101
2024-06-05,79.70648092741686,7.364558085277547,1.4694533386967015,1,0.0278508090889408
2024-06-06,78.31643416207692,7.399346419951723,2.7541183427192277,1,0.0192449455772051
2024-06-07,76.16224406920804,7.2015114239742495,4.493248350764279,1,0.0014073299314388
2024-06-10,75.6401243595239,7.396129766693479,5.157336685438454,1,0.0059882600217875
2024-06-11,77.74901114304775,7.61780643604183,3.482783346741753,1,0.0085918810947723
2024-06-12,76.18489295022316,7.797564762670953,5.068936685438455,1,0.0100233663457012
2024-06-13,77.14948778175508,7.835514722445692,4.2395600160901035,1,0.0049920278282976
2024-06-14,76.96218922952774,8.496479726468221,5.068936685438455,1,0.0043119094886148
2024-06-18,71.82915936443571,6.457863073209969,7.6457433628318565,0,-0.0024139921197996
2024-06-19,75.0692184320646,6.7444814159292,5.019025020112629,1,0.0009287232211823
2024-06-20,72.901617705701,5.791546419951723,6.015113354786806,1,0.0065259502925949
2024-06-21,74.39242500208235,5.847358085277546,4.730448350764279,1,0.0155249382134396
2024-06-24,77.5295177652599,5.8604930812550196,1.9228300080450522,1,0.0212965164082913
2024-06-25,78.45311704579643,5.863181415929195,1.0950533386967014,1,0.0121220208100459
2024-06-26,78.79190855960196,6.542209734513267,1.4694533386967015,1,0.0113788244186369
2024-06-27,77.90404257567674,7.055028077232498,2.7806066773934033,1,0.0032946975256111
2024-06-28,78.88609444894834,7.298874738535796,2.141430008045052,1,0.0114252409041806
2024-07-01,83.37045693316885,11.112441271118255,1.9228300080450522,1,0.0066138326015225
2024-07-02,83.67455133508138,11.385871279163311,1.9228300080450522,1,0.0082563727948655
2024-07-03,84.1212359741234,11.351536283185839,1.4868533386967013,1,0.0014010315610471
2024-07-04,82.11878167206382,11.209847948511664,3.1456950120675784,1,0.0053780393848188
2024-07-05,82.99045665463997,11.327847948511662,2.4799183427192273,1,2.466684344715407e-05
2024-07-08,80.54236320342986,10.129481335478683,3.482783346741753,0,-0.0001891583487181
2024-07-09,78.27504734644351,10.301027996781984,5.693013354786806,1,0.0028180056187827
2024-07-10,79.7021879320824,10.419381335478684,4.5281366854384535,1,0.010723628994277
2024-07-11,77.57468937061519,10.331881335478684,6.353601689460981,1,0.0121422450144407
2024-07-12,78.41992307726477,9.649818020917142,4.911536685438454,1,0.0121170579746696
2024-07-15,74.62942552638859,7.242489863234108,5.912478358809332,0,-0.0022720989627064
2024-07-16,75.43062930085493,7.471436524537407,5.421013354786805,0,-0.0042241613229124
2024-07-18,75.25454303495638,9.227159855189047,7.335066693483508,0,-0.0130602770755737
2024-07-19,77.15377522977478,9.860011504424765,6.260201689460981,0,-0.0047972893795165
2024-07-22,79.08098906457384,9.066934835076413,3.734248350764279,0,-0.0042174962622736
2024-07-23,79.62757046406142,9.066934835076413,3.242783346741753,1,0.0144302589764129
2024-07-24,80.66721115947225,9.548363153660482,2.7894066773934023,1,0.0171619819223516
2024-07-25,80.74528388882221,9.662451488334657,2.8332950120675777,1,0.0183183709239498
2024-07-26,79.2371660177061,9.792274818986304,4.319160016090104,1,0.0046720046417071
2024-07-29,82.93407473135794,9.89228648431213,1.0950533386967014,1,0.0070134899400075
2024-07-30,80.03835127129888,9.646993161705534,3.453483346741753,0,-0.0056318857887027
2024-07-31,80.51311391254778,9.646993161705534,3.0265950120675775,0,-0.0365520956400083
2024-08-01,83.03384542460132,11.384261464199493,2.4973183427192276,0,-0.0415683643557663
2024-08-02,82.09634430479306,11.381673129525321,3.337695012067578,0,-0.017146121794122
2024-08-05,81.75619781461471,11.365203137570372,3.6270716814159285,1,0.0025491683342572
2024-08-06,78.96871776587903,11.12153813354785,5.889801689460981,1,0.0155069117371753
2024-08-07,81.4445204123356,11.279154786806096,3.8212716814159284,1,0.002035174257541
2024-08-08,77.17104312597483,10.640914802896209,7.025578358809332,1,0.0009118037766996
2024-08-09,77.6757948193743,10.66787980691873,6.5986900241351565,0,-0.0092247297967736
2024-08-12,79.71842170143897,11.089666452131919,5.1838250201126295,1,0.0079426617974227
2024-08-13,78.03415457555963,10.385214802896204,5.993801689460981,1,0.0178052460343659
2024-08-14,79.29014868964391,10.395491472244556,4.874736685438454,1,0.0227311364131334
2024-08-16,80.49996087129931,11.18161979082862,4.573048350764279,1,0.0092900173016262
2024-08-19,81.79982914538873,12.961188093322587,5.1838250201126295,1,0.0096732195432496
2024-08-20,87.4400370277893,13.943874738535786,1.0950533386967014,1,0.0050200016572113
2024-08-21,86.96256631272392,13.88895140788414,1.4694533386967015,1,0.0096584172535222
2024-08-22,84.02012712539712,13.226353097345118,3.4525833467417533,1,0.0082783175691924
2024-08-23,85.4795588988227,13.244864762670943,2.158830008045052,1,0.0091909500032183
2024-08-26,84.93098306072399,12.981294770715994,2.388518342719227,1,0.0056356933257331
2024-08-27,81.34614361614138,10.123544810941262,2.7541183427192277,1,0.0086820109701501
2024-08-28,81.64633807681383,10.13666814159291,2.4973183427192276,1,0.0089945083997445
2024-08-29,79.90593901470908,9.839033145615435,3.7645833467417535,1,0.005072207385415
2024-08-30,81.65494795672551,9.72612148028961,2.079030008045052,0,-0.0014751780224713
2024-09-02,81.51101016946716,9.752498149637962,2.234830008045052,0,-0.0052990973559578
2024-09-03,76.63476022691431,9.758121480289613,6.6249900241351565,0,-0.0170633678019861
2024-09-04,76.94905300916928,9.758121480289613,6.342390024135156,0,-0.0104638224836135
2024-09-05,76.0497096309522,9.904043121480274,7.296966693483507,0,-0.0041445715703278
2024-09-06,77.47545631954189,9.901354786806099,6.0123016894609815,1,0.0026642250331307
2024-09-09,83.41798283681379,12.741616411906659,3.509271681415928,1,0.0179834872331994
2024-09-10,82.9518171019178,12.714258085277532,3.9010716814159285,1,0.0125166324466347
2024-09-11,82.17613339123233,12.846169750603355,4.730448350764279,1,0.0185007125608961
2024-09-12,79.82610716026227,12.716246419951709,6.713578358809332,1,0.0011671518002132
2024-09-13,81.28430259827317,12.716246419951709,5.402425020112631,1,0.0008298174976337
2024-09-16,80.52358840601005,11.813641432019288,5.1838250201126295,1,0.0012618223686031
2024-09-17,77.3759284555296,7.727121480289623,3.927560016090104,1,0.0145444327628452
2024-09-18,80.62335176248232,8.460061464199512,1.7405416733708767,1,0.0218846303178168
2024-09-19,78.78013286293115,8.514751488334667,3.4525833467417533,1,0.0204305710924771
2024-09-20,80.70464605015772,8.2620698310539,1.4694533386967015,1,0.0082324854711529
2024-09-23,79.34871813388077,7.469759855189056,1.896341673370877,1,0.0106222633853576
2024-09-24,77.63514042823827,5.519488254223653,1.4868533386967013,1,0.0091540537557065
2024-09-25,76.5713253402462,5.5560115848753036,2.4799183427192273,0,-0.0074611945089569
2024-09-26,76.5549638037039,5.558699919549479,2.4973183427192276,0,-0.016117488957302
2024-09-27,77.87569785499605,5.718388254223653,1.4694533386967015,0,-0.0361255366160109
2024-09-30,78.89221510555913,7.397778197908287,2.234830008045052,0,-0.0313352917533966
2024-10-01,76.1355953058139,5.776908205953341,3.0926066773934027,0,-0.0395820621521046
2024-10-03,72.0788272715282,6.062189863234112,7.025578358809332,0,-0.0094284295308738
2024-10-04,75.63041172711648,5.712843201930815,3.482783346741753,0,-0.0013060903058867
2024-10-07,73.47839403429597,5.452384875301693,5.157336685438454,1,0.0081415554286089
2024-10-08,72.77475151127754,5.677473209975869,6.015113354786806,0,-0.0019568851362736
2024-10-09,73.71747229640798,5.912443201930815,5.402425020112631,1,0.0058272083215268
2024-10-10,74.6104022629501,5.912443201930815,4.599536685438454,1,0.002353374721178
2024-10-11,73.24729540555775,6.097654867256638,6.010401689460981,1,0.0002823639690296
2024-10-14,48.832167883505214,4.555144891391796,26.42103676588898,0,-0.0151613440319309
2024-10-15,47.21788630727348,4.608644891391797,27.92603676588898,0,-0.0081464805369083
2024-10-16,49.25899143563044,4.675109895414322,26.157218423169756,0,-0.007645899558076
2024-10-17,46.80720928850621,4.957356556717622,28.64401343523733,0,-0.0112857352473064
2024-10-18,49.86614969152479,2.945866613032986,23.8820417538214,0,-0.0169837241662243
2024-10-21,49.62751628826949,2.650731617055512,23.801476749798876,0,-0.0155227240204933
2024-10-22,48.975601580900616,2.6899432823813365,24.42686508447305,0,-0.0119747633092475
2024-10-23,49.41167447517583,2.655154947707161,23.999976749798876,0,-0.0039508279537654
2024-10-24,49.41408227821133,2.713631617055512,24.0562884151247,1,0.0027605982794184
2024-10-25,50.41031774066208,2.7163199517296874,23.163200080450526,1,0.0065970790550998
2024-10-28,48.940470704780495,2.849631617055512,24.6181417538214,0,-0.0055124819009351
2024-10-29,50.40582280517483,2.93027827835881,23.381200080450526,0,-0.0066637934409135
2024-10-30,48.62009636553671,1.2425983105390186,23.299176749798875,0,-0.0142959473128294
2024-10-31,48.520435008078266,1.1796983105390186,23.325888415124698,1,0.000328385862532
2024-11-01,48.451305802782514,1.16985164923572,23.378200080450522,1,0.0073665384653299
2024-11-04,44.59285400367135,1.2031633145615448,26.880883427192273,1,0.0084657117217959
2024-11-05,46.93284496324822,1.20585164923572,24.7795417538214,0,-0.0026922258127157
2024-11-06,41.69338073776274,0.9447283185840709,29.229543443282378,0,-0.0140978183903972
2024-11-07,62.96429963385977,1.0415049879324214,10.200326709573613,0,-0.0131400228467016
2024-11-08,67.18843838673294,0.9505283185840707,6.311166693483507,0,-0.0246998077695187
2024-11-11,67.15256792828993,0.9447633145615448,6.337655028157682,0,-0.025533123458672
2024-11-12,64.53369681248563,1.0415049879324214,8.789185036202737,0,-0.0181532217786619
2024-11-13,66.29054267872931,0.8849399839098955,7.0529316975060325,0,-0.0017226899032859
2024-11-14,63.45416152911875,1.0388166532582461,9.75717337087691,0,-0.0077982418371548
2024-11-18,68.95313415076266,1.3063216411906677,5.080213354786806,1,0.019149231544894
2024-11-19,69.663115912489,1.4665333065164923,4.602036685438455,1,0.0294698371256158
2024-11-21,70.43876070249814,1.4929099758648432,3.930983346741753,1,0.0355326331545183
2024-11-22,70.68135891478738,1.4929099758648432,3.7128483507642787,1,0.0152611344871179
2024-11-25,70.8903443362786,1.4665333065164923,3.4985600160901043,0,-0.0127868486580036
2024-11-26,69.86266105683421,1.5998449718423169,4.555925020112631,0,-0.0026238696001339
2024-11-27,69.39082891883017,1.5342566371681419,4.9145900241351566,1,4.737291444184985e-05
2024-11-28,70.0242300894111,1.5997566371681415,4.410560016090104,1,0.0224522727542704
2024-11-29,71.08216377111074,1.6314333065164925,3.490983346741753,1,0.0138421977837477
2024-12-02,66.16666800801333,1.6674333065164926,7.946808366854384,1,0.0176529991722891
2024-12-03,66.40658409360363,1.6686566371681417,7.732308366854385,1,0.0089814473506687
2024-12-04,66.5551799252985,1.5749916331456157,7.505031697506034,1,0.0061748397585369
2024-12-05,61.94232722551457,1.6036866452131942,11.681426709573612,0,-0.0039883706958314
2024-12-06,63.25226047597311,1.4703749798873695,10.370273370876912,0,-0.0014598661138219
2024-12-09,64.42638570793754,1.788691633145616,9.632861705551088,0,-0.0028596028655198
2024-12-10,67.3276050359114,2.2960149637972656,7.531520032180209,1,0.0064097136417291
2024-12-11,65.32769569871903,2.1457382944489147,9.179485036202738,1,0.0010728037200039
2024-12-12,67.09983175396881,1.7677333065164924,7.208043362831857,0,-0.0087021641647018
2024-12-13,65.72926053716803,1.7650449718423173,8.43772003218021,0,-0.0232594983647215
2024-12-16,68.63906379793605,1.3094216411906676,5.3657133547868066,0,-0.0294776891164781
2024-12-17,68.60037405096236,1.2746333065164923,5.3657133547868066,0,-0.0312398248222684
2024-12-18,70.11291456352788,1.3331099758648435,4.064171681415929,0,-0.0185773282834671
2024-12-19,70.31135498697535,1.10215164923572,3.6547833467417536,0,-0.0093982677676782
2024-12-20,70.26499142472369,1.10215164923572,3.696471681415929,1,0.0068740408031563
2024-12-23,68.51030310604041,1.5207333065164925,5.692801689460982,1,0.0025206643594127
2024-12-24,68.13446966617104,1.1827983105390185,5.692801689460982,0,-0.0034935879180963
2024-12-26,68.01577761903012,1.2116866452131938,5.8284133547868056,0,-0.0044477338856335
2024-12-27,69.46752260361893,1.205886645213194,4.517260016090104,0,-0.0029649090297297
2024-12-30,69.45133714958466,1.2957099758648432,4.621636685438455,1,0.0227360680164422
2024-12-31,64.9990840443824,1.2128749798873693,8.54209670152856,1,0.0151085098195013
2025-01-01,68.0893164922165,1.1218983105390188,5.67250168946098,0,-0.0053569727940643
2025-01-02,64.42824486364617,1.2101866452131937,9.052685036202734,0,-0.0200751889481948
2025-01-03,67.67283036119464,1.2128749798873693,6.137966693483506,0,-0.0132430327422142
2025-01-06,69.58424794872265,3.3018249396621098,6.508243362831857,0,-0.0037991202303898
2025-01-07,67.27249255298712,3.3245249396621093,8.609585036202734,0,-0.0117270549741698
2025-01-08,68.40876031414138,3.392248270313759,7.655620032180209,0,-0.0257844873138828
2025-01-09,67.75879557739253,3.4832249396621093,8.331020032180207,0,-0.0150080275251695
2025-01-10,69.71509577307003,3.4780132743362846,6.566778358809332,0,-0.0093601885670409
2025-01-13,70.24082070052805,3.4780132743362846,6.094066693483507,1,0.0097354627679734
2025-01-14,74.30210961741854,2.8543432823813366,1.8186416733708766,1,0.0011707823262033
2025-01-15,73.3816113753201,2.8543432823813366,2.646318342719227,1,0.0056510370443155
2025-01-16,71.94988503928255,2.8516549477071615,3.930983346741753,0,-0.0123942889863539
2025-01-17,72.87004963723848,2.8543432823813366,3.106295012067578,0,-0.0020643448508553
2025-01-20,71.66002612078427,2.934989943684635,4.27494835076428,0,-0.0059892638986587
2025-01-21,73.84625338810636,4.900761544650043,4.27494835076428,1,0.0029295170121069
2025-01-22,75.49336370482212,4.870026548672569,2.7631950120675777,0,-0.0141876272083532
2025-01-23,75.51603853295478,4.843726548672568,2.7165066773934026,0,-0.0107490647768707
2025-01-24,76.08927809048252,5.288973209975869,2.646318342719227,1,0.003065597046212
2025-01-27,74.2185668777985,5.255131536604991,4.29454835076428,1,0.0182453982898491
2025-01-28,73.37623960620542,5.009884875301692,4.806690024135156,1,0.0237240133309516
2025-01-29,73.74263464785797,4.858891552695095,4.3262483507642795,1,0.0136800628436447
2025-01-30,70.79770051096986,4.831091552695094,6.9464200321802085,1,0.0047864791542265
2025-01-31,68.95762711784789,4.627644891391795,8.39749670152856,1,0.0097719923433752
2025-02-01,68.93695979135796,2.7338199517296875,6.522255028157683,1,0.0090783597507406
2025-02-03,64.42919014398024,2.6168199517296875,10.45846838294449,1,0.0103185455302751
2025-02-04,65.55808623956669,2.536973290426389,9.363561705551085,0,-0.0075815598930607
2025-02-05,66.8702956785438,2.4433082864038633,8.090008366854386,0,-0.0133695295480825
2025-02-06,66.15059931600803,2.5901616251005644,8.883985036202734,0,-0.0227775585612624
2025-02-07,67.71198903521338,2.6249499597747397,7.514831697506034,0,-0.0220885620862146
2025-02-10,65.95235537487135,2.587473290426389,9.059550040225261,0,-0.0150908860033408
2025-02-11,66.31173646328699,2.6249499597747397,8.773885036202733,0,-0.0061977044566069
2025-02-12,64.65699125196957,2.533973290426389,10.170791713596142,0,-0.0037278802430737
2025-02-13,66.70881003463434,3.328448270313759,9.120350040225262,0,-0.0037453797532203
2025-02-14,66.26639790165122,3.255548270313759,9.445250040225265,1,0.000159172651422
2025-02-17,65.96096337585384,3.116978278358811,9.581315044247791,0,-0.0020208126529958
2025-02-18,66.57364523623693,3.2265132743362845,9.139950040225262,0,-0.0065324272766594
2025-02-19,66.13822665668799,3.25550160901046,9.560450040225266,0,-0.0166889470705892
2025-02-20,64.51618045026684,2.5909966210780384,10.354426709573618,0,-0.0160845689617483
2025-02-21,67.88478887499261,3.423089943684636,8.157596701528558,0,-0.0110651655713795
2025-02-24,65.12603926426088,3.762499919549479,10.977568382944495,0,-0.0191889821932117
2025-02-25,62.079888642845084,3.222771600965408,13.176821721641195,0,-0.0191758820122325
2025-02-27,64.55635857758669,3.77357658889783,11.50088004827032,0,-0.0207232973339983
2025-02-28,66.60609210672891,4.066599919549479,9.950861705551088,1,0.0095632954119907
2025-03-03,65.85961151895083,3.9332582461786023,10.488726709573614,1,0.0190494744808367
2025-03-04,65.03680614281723,4.05119991954948,11.346503378921964,1,0.0210536922254179
2025-03-05,67.36594440732539,4.001253258246181,9.202285036202737,1,0.0054913794083225
2025-03-06,66.39426144958948,3.8679182622687067,9.942650040225262,0,-0.0020780335434042
2025-03-07,65.9056358897452,3.9358649235720056,10.449950040225263,0,-0.0036425867075779
2025-03-10,65.74848949861772,3.951141592920356,10.606526709573613,0,-0.0028133552525009
2025-03-11,66.69729005128056,3.4037132743362846,9.205973370876912,1,0.0004821509803636
2025-03-12,65.52694424066884,3.4347599356395833,10.289350040225264,1,0.0160604536292811
2025-03-13,63.945621140508855,3.3820482703137587,11.658503378921965,1,0.0225327821823763
2025-03-17,73.3290642570658,3.1234482703137587,2.9626716814159284,1,0.0298450576960321
2025-03-18,73.89909898768528,3.2265132743362845,2.5531833467417533,1,0.0223503231188039
2025-03-19,74.03542228014473,3.2207132743362847,2.424806677393403,1,0.0322473849338634
2025-03-20,73.18751575196939,2.5601966210780382,2.526695012067578,1,0.020402207481237
2025-03-21,73.45052557743149,2.694796621078038,2.424806677393403,1,0.0058265754726416
2025-03-24,73.36331838903132,3.135936604987934,2.944360016090104,0,-0.0028105660158495
2025-03-25,71.97567387941208,2.764308286403863,3.8204483507642797,0,-0.0063279010847257
2025-03-26,73.48914303036732,2.7295199517296878,2.424806677393403,0,-0.0137679536484533
2025-03-27,71.89332121775924,3.357136604987934,4.487325020112629,0,-0.0110647425121623
2025-03-28,73.68513485117379,3.381536604987934,2.900595012067578,0,-0.0115140534947371
2025-04-01,67.46001899248478,5.317224859211588,10.43366838294449,0,-0.0113415215873499
2025-04-02,69.59082250094485,5.624454867256638,8.824961705551088,0,-0.0514797481973741
2025-04-03,68.38646350866952,6.515983185840707,10.799403378921966,0,-0.0312020585645038
2025-04-04,69.72234870820685,6.198894851166532,9.28113837489944,0,-0.0223082031135633
2025-04-07,69.32464489032158,6.458483185840708,9.898326709573613,1,0.0296508841643816
2025-04-08,72.35030050989708,6.439918181818182,7.159208366854385,1,0.0345705578309965
2025-04-09,73.1851819429553,7.254811504424781,7.223408366854385,1,0.0453014919362701
2025-04-11,70.94044455187543,6.454594851166531,8.441573370876913,1,0.0438414517282175
2025-04-15,80.5662856405524,9.983244810941262,3.3150366854384545,1,0.0335935125267649
2025-04-16,83.27116653001852,10.323674818986312,1.2233416733708766,1,0.0306739071835297
2025-04-17,80.61259730856898,10.234498149637961,3.52464835076428,1,0.0198136019360682
2025-04-21,79.05290918343778,9.060551488334664,3.753113354786805,1,0.0050090807565635
2025-04-22,79.72890004223248,8.6621231697506,2.746860016090104,0,-0.0053063398003232
2025-04-23,78.4354543955184,7.3130298471440085,2.5607833467417533,0,-1.849665364760497e-05
2025-04-24,76.15644801998506,7.1258531777956575,4.4228016894609805,1,0.0036741552962587
2025-04-25,78.0460249344731,7.373746500402255,2.971660016090104,1,0.012190697252472
2025-04-28,74.58460035978896,8.51330313757039,7.223596701528558,1,0.0007478141167641
2025-04-29,76.19469657648762,9.30288648431214,6.565443362831857,1,0.0051314637439348
2025-04-30,77.19290795667595,9.20528648431214,5.570290024135156,1,0.0018639487432493
2025-05-02,77.54212215918147,8.795998149637967,4.84700168946098,1,0.0027768054248531
2025-05-05,75.17774368276822,8.078293161705554,6.255255028157681,0,-0.0076885653075251
2025-05-06,76.74485724663154,8.212116492357204,4.979990024135155,0,-0.0153596088895707
2025-05-07,76.96043028337655,8.12973982300885,4.7037783588093305,1,0.0206861575118084
2025-05-08,72.58111550979868,7.49541150442478,8.007161705551086,1,0.0124683947567119
2025-05-09,76.1852322311533,7.680899839098958,4.951966693483508,1,0.0270751558127132
2025-05-12,72.69997621320366,7.868374818986324,8.273250040225262,1,0.0054974651725308
2025-05-13,80.90708277707147,9.168934835076424,2.194295012067578,1,0.0178015372631145
2025-05-14,79.82568279068116,9.131146500402247,3.128860016090104,1,0.0112291768868203
2025-05-15,71.24215342948442,5.049438213998393,6.765131697506034,0,-0.0152055355963189
2025-05-16,73.29129751169422,4.894808205953342,4.767990024135156,0,-0.0082816665335728
2025-05-19,69.2580959021838,3.9213032180209195,7.420985036202735,0,-0.0135507666755347
2025-05-20,72.8696306360265,5.194338213998393,5.446666693483507,1,0.0068332958292221
2025-05-21,74.44813444765583,5.065638213998394,3.898636685438454,1,0.007535978942106
2025-05-22,72.78866632410804,4.922849879324218,5.247978358809331,1,0.0087588729694901
2025-05-23,70.74918494847256,4.39517988736927,6.554131697506033,0,-0.0040600310580642
2025-05-26,72.50420503236916,4.567849879324218,5.148755028157682,0,-0.0067242488954503
2025-05-27,68.95640375599199,4.304556556717621,8.075508366854384,0,-0.0030457756885245
2025-05-28,69.37768509328208,4.556956556717621,7.949108366854384,0,-0.0014493913376525
2025-05-29,68.11273448158484,3.5282265486725692,8.057773370876909,0,-0.0117912663302435
2025-05-30,71.73484016058883,4.028301528559939,5.300990024135156,0,-0.0052865272428701
2025-06-02,71.5861238090066,4.925534835076432,6.331943362831857,1,0.001386769313062
2025-06-03,75.50465195357434,5.479341512469834,3.3623600160901037,1,0.0185915088422666
2025-06-04,73.17147291760881,4.368113193885762,4.349036685438454,1,0.019428083851254
2025-06-05,73.76042712319656,4.173701528559938,3.6250600160901034,1,0.0141753025235075
2025-06-06,73.6325691225731,4.020324859211588,3.586648350764279,1,0.0055180723311484
2025-06-09,65.43229872945061,0.11826331456154487,7.057955028157683,0,-0.0086015324870812
2025-06-10,66.0332381770516,0.5242049879324217,6.923555028157683,0,-0.0154811578319295
2025-06-11,66.18520382353323,0.004158326629123077,6.2668666934835064,0,-0.0077823579617871
2025-06-12,67.77329062145505,-0.38914835076427967,4.445613354786805,0,-0.0013992314552712
2025-06-13,69.48260888407025,-0.4339366854384551,2.8638716814159286,1,0.0037734255812982
2025-06-16,70.9894829935277,0.40769831053901895,2.350583346741754,0,-0.0061620930915817
2025-06-17,70.98966650227973,0.7248516492357203,2.6675716814159287,1,0.0103671839434253
2025-06-18,69.77647707959356,0.597063314561545,3.6306366854384544,1,0.0064217704436581
2025-06-19,69.14524088281702,0.8444566371681421,4.445613354786805,1,0.0100768144841136
2025-06-20,71.23213310005202,0.8950799678197915,2.6197833467417535,1,0.0052564652582779
2025-06-23,70.41891258914012,0.394063314561545,2.8499833467417535,1,0.0228469842340599
2025-06-24,71.9447006262511,0.46753998390989565,1.551530008045052,1,0.0234195717503078
2025-06-25,69.5498214921075,-0.11879002413515649,3.1185833467417536,1,0.0107286428728512
2025-06-26,64.57237913321534,-0.15327835880933194,7.559620032180208,0,-0.000281851137491
2025-06-27,68.9286335402829,0.7003916331456159,4.496313354786805,0,-0.0072184955806581
2025-06-30,66.46782448043703,0.12477996781979134,6.133366693483507,0,-0.0043890425085682
2025-07-01,69.22449805334658,0.5029449718423173,4.032836685438455,0,-0.0031684561473758
2025-07-02,66.79629530455637,-0.06164835076427977,5.651590024135156,1,0.0003103229544077
2025-07-03,68.77094592807252,-0.0425600160901044,3.895148350764279,1,0.0046026023859854
2025-07-04,67.0064521936684,0.1258166532582463,5.650090024135156,1,0.0005928881087584
2025-07-07,65.6912918516437,-0.47474835076427974,6.232066693483506,0,-0.0041738431262156
2025-07-08,67.22696502475736,0.2561933226065971,5.582190024135156,0,-0.014708483747783
2025-07-09,65.45822473141187,-0.08672502011263034,6.829655028157682,0,-0.0155783396654007
2025-07-10,64.70810743142759,-0.06813668543845508,7.5227200321802075,0,-0.0063084952262624
2025-07-11,69.40123863397139,0.031198310539018892,3.4021716814159286,1,0.0024701225182581
2025-07-14,67.53990283063949,-0.08632502011263044,4.958290024135156,1,0.001161499321216
2025-07-15,68.80754854259446,0.23262831858407107,4.13742502011263,0,-0.0090662886138792
2025-07-16,68.67138835908428,0.3000099758648436,4.3272366854384545,0,-0.0048247952807848
2025-07-17,68.53408453400003,0.26663998390989574,4.41732502011263,0,-0.0020150547903227
2025-07-18,68.84172483320732,-0.2158066773934028,3.6582600160901046,1,0.0100223400754551
2025-07-21,68.44114240631231,-0.24891834271922753,3.985336685438455,0,-0.0011405147110502
2025-07-22,67.60893567370904,-0.2522183427192275,4.730325020112631,0,-0.008974385805122
2025-07-23,68.00941985944866,-0.5248833467417535,4.097560016090105,0,-0.0216037002748477
2025-07-24,66.34992578878331,-0.44519501206757817,5.66940168946098,0,-0.0096626469477726
2025-07-25,65.12272885942603,-0.12120168946098109,7.096843362831856,1,0.0007264743875065
2025-07-28,65.89680179094877,-1.1240500402252604,5.397978358809331,1,0.0035369632974171
2025-07-29,65.11559259684536,-0.7392950120675783,6.485166693483507,0,-0.0103571844590915
2025-07-30,65.83012118829406,-0.47481834271922757,6.107166693483506,0,-0.0053370788554747
2025-07-31,64.9333116803146,-0.6591066773934028,6.729255028157682,0,-0.0048079837004531
2025-08-01,66.68521220489956,-0.2769300080450522,5.536190024135156,1,0.0003601986626123
2025-08-04,67.0027172403068,-0.37943000804505206,5.14820168946098,0,-0.0051339457315728
2025-08-05,68.48136321216688,-0.4199416733708768,3.7781483507642792,0,-0.0116807430969371
2025-08-06,67.77164280054522,-0.42831834271922753,4.407925020112629,1,0.0004414225268358
2025-08-07,65.14664744921738,-0.5875950120675784,6.608943362831857,0,-0.0044312270790983
2025-08-08,67.195687742957,-0.3209183427192276,5.033201689460981,1,0.010454817460997
2025-08-11,69.29393683459651,-0.41259501206757815,3.054860016090104,1,0.001879457278498
2025-08-12,67.8705905227983,-0.2854600160901042,4.461813354786805,1,0.0157829723858272
2025-08-13,69.15917054813548,-0.01567168141592895,3.572960016090104,1,0.0145688060675188
2025-08-14,70.0311143070603,-0.21593000804505208,2.588683346741754,1,0.0168777914769112
2025-08-18,70.91065770829607,0.7915216411906688,2.8052833467417537,1,0.008278554186624
2025-08-19,70.15513723423759,-0.009201689460980766,2.683895012067578,0,-0.0044352464595946
2025-08-20,69.3624506458423,0.18770997586484395,3.5935600160901044,0,-0.003310791275722
2025-08-21,72.99118286077643,2.1429732904263887,2.286006677393403,0,-0.0149292471958426
2025-08-22,72.43980625502061,2.316973290426389,2.955783346741754,0,-0.0149564271460982
2025-08-25,66.62212375698711,1.2251732904263888,7.095020032180208,0,-0.0219020549738301
2025-08-26,66.7241669703635,1.2959499597747395,7.0740433628318575,0,-0.0035267614098038
2025-08-28,67.04770354745366,1.5509499597747394,7.038131697506032,1,0.0032069790426166
2025-08-29,67.63931393262283,1.6654266291230901,6.620655028157682,1,0.0117294326916788
2025-09-01,79.04042906726198,8.704976508447308,3.4087600160901035,1,0.0044267267864902
2025-09-02,75.11331144258531,8.374046500402256,6.608943362831857,1,0.0065449559068547
2025-09-03,77.12777693377568,8.407846500402258,4.831413354786805,1,0.0023480355597261
2025-09-04,74.8957754616615,8.077346500402259,6.507843362831857,1,0.005415019209229
2025-09-05,77.36401550755426,9.635128157683024,5.846278358809331,1,0.0093374590452816
2025-09-08,78.98948530192644,8.257369831053907,3.0069600160901038,1,0.0093353952922299
2025-09-09,78.84107852629836,8.491116492357204,3.3741483507642798,1,0.0098194960581089
2025-09-10,80.29337958445805,9.107504827031377,2.6846833467417532,1,0.0038407554462573
2025-09-11,78.10635520379036,8.57335816572808,4.11702502011263,1,0.0092985786793001
2025-09-12,79.48045934432714,8.486158165728082,2.7942833467417536,1,0.0085738741178063
2025-09-15,76.03712760523543,6.801188173773138,4.20542502011263,1,0.0140378754942126
2025-09-16,68.4729015887165,0.2505266291230902,4.45622502011263,1,0.0034786151877687
2025-09-17,72.30147000307646,0.6898449718423179,1.4530416733708766,0,-0.0050620895468279
2025-09-18,69.23217186862456,0.6612449718423177,4.184236685438455,0,-0.010044932473719
2025-09-19,69.461783906473,0.4762149637972654,3.7927483507642794,0,-0.010723755835287
2025-09-22,64.43536260535329,-0.28959002413515667,7.546508366854384,0,-0.0124369780802078
2025-09-23,65.07416695000843,-0.1881783588093321,7.073531697506033,0,-0.0206653923465589
2025-09-24,65.5897324178003,0.3808983105390187,7.1790316975060335,0,-0.0169851019811166
2025-09-25,65.52737988382518,0.19372164119066793,7.047920032180207,0,-0.0113027053759424
2025-09-26,67.7041669634741,0.25788664521319404,5.154801689460981,1,0.0073387409847043
2025-09-29,64.93187698365992,-0.5056316975060333,6.884020032180208,1,0.0104727163864864
2025-09-30,65.51984323037891,-0.32804336283185803,6.532931697506033,1,0.0187794505334957
2025-10-01,68.73975946118357,0.020486645213193988,3.986236685438454,1,0.0108921760973833
2025-10-03,68.3662299464067,1.8677532582461802,6.169366693483506,1,0.0060832699952822
2025-10-06,66.87322985017423,1.2672582461786024,6.911320032180209,1,0.0041445001519503
2025-10-07,68.04318269616435,1.9408465808527777,6.532931697506033,1,0.0070267078681866
2025-10-08,72.4634059636846,2.5355699115044263,3.153160016090104,1,0.0072086003423072
2025-10-09,71.30929750134221,2.2408049074819005,3.8961250201126303,0,-0.0014425572718956
2025-10-10,74.19294302554744,3.8420148833467467,2.9044716814159286,1,0.0015096161842927
2025-10-13,71.03015223715174,3.1893732099758685,5.095690024135156,1,0.0140892443623009
2025-10-14,74.18708014012856,4.301731536604992,3.369460016090104,1,0.0221952328599098
2025-10-15,75.276265156511,4.273119871279167,2.3614950120675777,1,0.0203107826901081
2025-10-16,73.31939591370386,4.288419871279167,4.1363366854384545,1,0.0110119101872491
2025-10-17,74.19254263468183,3.8416548672566417,2.9044716814159286,1,0.0070366802787953
2025-10-20,70.35041720929507,3.4158932421560775,5.933401689460981,0,-0.0018590857493294
2025-10-21,71.42646591584624,3.4214699115044285,4.971436685438454,1,0.003760037535176
2025-10-23,68.36784439395502,3.170769911504428,7.470931697506032,1,0.0017288090190599
2025-10-24,69.08803196226779,3.2427582461786035,6.895355028157682,1,0.0099809793256219
2025-10-27,66.00631678997757,0.3026749798873695,6.726231697506033,0,-0.0034025250836543
2025-10-28,67.1116353661592,0.1954933226065972,5.625190024135155,0,-0.0082891316940061
2025-10-29,65.9981536478518,0.3155933226065971,6.746490024135157,0,-0.0112145297210898
2025-10-30,66.03129563267555,0.3718816572807725,6.772978358809332,0,-0.0108868400506363
2025-10-31,67.30469113640602,0.35130498793242176,5.6074133547868055,0,-0.008291772568421
2025-11-03,69.25682261449481,0.804998310539019,4.30582502011263,0,-0.0105764935839504
2025-11-04,69.69484547939004,0.9441749798873698,4.0511483507642785,0,-0.0009106543269838
2025-11-06,71.16972312452701,0.7767866452131943,2.5576066773934025,1,0.0072357025479385
2025-11-07,71.16491494469999,0.6961866452131943,2.4813300080450524,1,0.0149317232012522
2025-11-10,71.0181374691082,0.6922866452131944,2.6094066773934026,1,0.0118477291284858
2025-11-11,71.1863923580943,0.7716749798873698,2.5375066773934023,1,0.0083364497905799
2025-11-12,71.59741599456287,0.7716749798873698,2.167930008045052,1,0.0053055429743111
2025-11-13,71.89784585822242,1.0418099758648438,2.167930008045052,1,0.0011932991305794
2025-11-14,71.75671438593596,0.8500216411906684,2.1030416733708766,1,0.0054885661436996
2025-11-17,71.6739780648347,0.3375166532582466,1.664930008045052,1,0.0068460355956111
2025-11-18,67.87721151141363,0.3872933226065972,5.128613354786805,1,0.0060833383059433
2025-11-19,68.28733245661005,0.3599933226065972,4.732548350764279,0,-0.0035818592229179
2025-11-20,68.82481277040894,1.2176633145615452,5.106936685438455,0,-0.0118038237104074
2025-11-21,67.314439110577,0.23708165728077263,5.48442502011263,1,0.0052474177505579
2025-11-24,69.2702424636899,2.8013299275945296,6.290090024135155,1,0.0098151149093811
2025-11-25,69.62008503380413,3.115483266291231,6.28967835880933,1,0.0122160760070136
2025-11-26,69.82793236103608,3.115483266291231,6.102790024135156,0,-0.0011282707442767
2025-11-27,65.13204119044069,2.6025899436846354,9.812261705551085,0,-0.0070185128601265
2025-11-28,64.93309104034265,2.467313274336285,9.85587337087691,0,-0.0083140683879653
2025-12-01,65.39561263678844,2.861283266291233,9.833961705551085,0,-0.0054396364701427
2025-12-02,65.36911758769754,2.674448270313759,9.67095004022526,1,0.0059078681140742
2025-12-03,66.13387630927645,2.674448270313759,8.983308366854382,0,-0.0009798534084069
2025-12-04,66.52456062661,2.7274366049879344,8.685008366854383,0,-0.0074836392400615
2025-12-05,66.48123878231733,2.875871600965408,8.872396701528558,0,-0.0164968429426394
2025-12-08,66.31719528945469,0.38245164923572056,6.526478358809331,0,-0.0023910954698239
2025-12-09,66.55418087180016,0.4653399839098959,6.39627835880933,1,0.0079905448800643
2025-12-10,67.14621571602324,0.039998310539019144,5.43860168946098,1,0.0104007286865747
2025-12-11,66.0722671154826,-0.01679002413515629,6.347466693483506,0,-0.0014857422700543
2025-12-12,65.38745879983584,-0.03197835880933164,6.948031697506033,0,-0.0088074529865569
2025-12-15,67.13203955308809,-0.2810600160901043,5.130290024135157,0,-0.0081689636098265
2025-12-16,67.96288576200372,-0.16138334674175359,4.50290168946098,1,0.004102154267221
2025-12-17,68.15093687011274,-0.3335600160901042,4.161636685438455,1,0.0136121945752595
2025-12-18,69.02390008233868,0.74657497988737,4.456836685438455,1,0.0139098692821504
2025-12-19,71.46942083210767,0.6640633145615452,2.175406677393403,1,0.0067436470385935
2025-12-22,58.41173640378757,-0.8471133547868058,12.405198390989538,0,-0.0049832813070649
2025-12-23,60.809318064432894,-0.11550667739340303,10.980991713596135,0,-0.0090197611654152
2025-12-24,60.45198518779269,-0.4081950120675783,11.009603378921963,0,-0.0078051967888462
2025-12-26,59.350370070540315,-0.7735483507642797,11.634780048270313,1,0.0033466322476122
2025-12-29,57.726058770230196,-0.9024483507642796,12.966398390989541,1,0.0078501189769399
2025-12-30,59.01569904847401,-0.6580950120675784,12.051156717618664,1,0.0149120569005089
2025-12-31,59.09192004835935,-0.3988833467417537,12.241833386967013,1,0.0046086462034139
2026-01-01,59.65454974004947,-0.3495416733708769,11.785280048270312,1,0.0012288523818138
2026-01-02,61.33542298295372,-0.36511834271922755,10.258326709573609,0,-0.007158502284968
2026-01-05,65.96472991312059,0.03222831858407127,6.4931783588093275,0,-0.014328670929512
2026-01-06,65.2910041482149,0.5096933226065973,7.576431697506028,0,-0.0191051277840764
2026-01-07,64.48973362702547,-0.22969002413515627,7.5575200321802045,0,-0.0134988859187779
2026-01-08,63.52693487286468,0.11337497988736972,8.766296701528558,0,-0.0056017344982886
2026-01-09,63.71661528100998,-0.556271681415929,7.9260967015285555,0,-0.0006894013581997
2026-01-12,60.83598364871703,-0.23590667739340287,10.836615044247788,0,-0.0037253901521066
2026-01-13,64.87716122321564,-0.1338183427192275,7.305031697506033,0,-0.0057212273490546
2026-01-14,67.12550383206938,0.34887497988737004,5.766101689460982,0,-0.0170187277495621
2026-01-16,67.39969444942794,-0.4462716814159288,4.7244133547868055,0,-0.0211150605485328
2026-01-19,64.97367519531568,-0.7224366854384551,6.629631697506032,0,-0.011620678224912
2026-01-20,63.22215466179355,-0.16260667739340295,8.764361705551087,0,-0.0073129122678101
2026-01-21,65.19364492639255,-0.474936685438455,6.679343362831857,1,0.0007112644315997
2026-01-22,61.58370611922459,-0.20398334674175367,10.196215044247786,1,0.0020875865353061
2026-01-23,66.5507072685432,-0.5413833467417537,5.392678358809332,1,0.0146730579485615
2026-01-27,64.1187157932271,-0.30193000804505216,7.818885036202736,1,0.0057529410955229
2026-01-28,66.38296953245167,-0.3767066773934028,5.708178358809331,0,-0.0100871051588481
2026-01-29,64.44396693795018,-0.3691416733708768,7.459220032180209,1,0.0120694103603216
2026-01-30,66.82725934201696,-0.6037183427192275,5.081678358809332,1,0.0178235580821448
2026-02-02,69.90540830668246,0.46292831858407124,3.380571681415929,1,0.0218572425398348
2026-02-03,68.72898460746751,0.2838983105390191,4.259336685438455,0,-0.0013165765083328
2026-02-04,62.53407477251546,-0.32925502815768226,9.216408366854385,1,0.0035357963227859
2026-02-05,60.002344098388285,-0.6072716814159288,11.214826709573611,1,0.0113363610183511
2026-02-06,49.78327996645019,-0.3869950120675782,20.623693403057132,1,0.0100741351787594
2026-02-09,46.51924486748008,-0.44738334674175345,23.49820008045054,0,-0.0023260999951152
2026-02-10,50.3089066527528,0.7189166532582468,21.25698173773131,0,-0.0180547153534548
2026-02-11,52.25511225655806,0.7139399839098961,19.502051729686247,0,-0.0105004005266301
2026-02-12,49.3491625901098,0.7446283185840714,22.145658407079658,0,-0.0031746920862879
2026-02-13,8.969659512036799,-0.28189501206757817,57.42683354786812,1,0.0135797346949401
2026-02-16,6.798937347432343,-0.17260667739340274,59.48795189058735,0,-0.0089329085457768
2026-02-17,8.621210838971733,-0.11253000804505209,57.909510217216464,0,-0.0060101571551659
2026-02-18,2.089980282114324,-0.41127168141592896,63.48340024135164,0,-0.0041275102332622
2026-02-19,0.0,-0.6274600160901043,65.14644191472252,0,-0.001167475908466
2026-02-20,3.6107043366084146,-0.3252483507642797,62.20204690265493,0,-0.0034767314604044
2026-02-23,4.139713811256525,-0.7131600160901043,61.33847023330659,0,-0.0084535516911967
2026-02-24,13.526793640019722,-0.4249950120675782,53.186133547868096,0,-0.0097227626619322
2026-02-25,18.97970484912213,-0.4602950120675782,48.24778519710384,0,-0.0245025982690766
2026-02-26,13.20995589289746,-0.5654183427192275,53.33059855189068,0,-0.0406662666215161
2026-02-27,14.937735798065502,-0.48621834271922754,51.856245213193965,0,-0.0165287062085662
2026-03-02,18.167450018347076,-0.07731335478680551,49.36111520514888,0,-0.0168407231318658
2026-03-04,21.629604870180906,0.002474979887369888,46.327866854384595,0,-0.0186549843807824
2026-03-05,20.233068730742556,-0.4737833467417536,47.10732019308131,0,-0.0205728534651851
2026-03-06,20.94602734263404,-0.3945833467417536,46.54545518905878,0,-0.0241581538262554
2026-03-09,17.745286389587562,-0.2975716814159288,49.52045020112635,0,-0.0163176620066633
2026-03-10,22.940996885482473,0.785139983909896,45.93137851971042,0,-0.046852557923732
2026-03-11,22.46267537338003,0.6555516492357207,46.23187851971041,0,-0.0193784467894967
2026-03-12,16.846971769844767,-0.4066366854384548,50.219115205148896,0,-0.0024565718205064
2026-03-13,19.576534899613467,-0.4640133547868056,47.70742019308131,1,0.0267100766625462
2026-03-16,52.53696183670662,0.24905164923572054,18.783735076428005,0,-0.0175243302225372
2026-03-17,50.197415735986425,0.3029516492357205,20.941265084473056,0,-0.0199875378335113
2026-03-18,50.82774181524683,0.20467497988736982,20.276223411102176,0,-0.054674998819738
2026-03-19,45.50506858375663,-0.047090024135156394,24.81040176991151,0,-0.0039094410947959
2026-03-20,47.17067946370153,0.23590997586484352,23.595748431214812,1,0.0082700200666076
2026-03-23,52.899221534132,0.20230498793242185,18.41125840707965,1,0.0135424423516212
2026-03-24,50.537248981825044,-0.03084835076427961,20.301900080450526,0,-0.0256844889148788
2026-03-25,48.950900819724474,-0.5556016894609809,21.20353008849558,0,-0.0272731228141303
2026-03-27,52.85960126983941,0.075856637168142,18.320435076428,0,-0.0046779652519942
2026-03-30,55.34380800872367,2.1829599356395826,18.193835076428,1,0.0281190676571612
2026-04-01,54.52416299150723,1.4318899436846353,18.179758407079653,1,0.0193988798328707
2026-04-02,55.796950527431754,1.6681899436846352,17.271616733708772,1,0.0550015570403866
2026-04-06,60.09369396778682,1.8555082864038632,13.595468382944489,1,0.0345259870527662
2026-04-07,61.7981058094196,1.9383966210780386,12.145815044247783,1,0.0393040409494946
2026-04-08,58.40990874251128,0.9460782783588113,14.200033386967018,0,-0.0064674138472015
2026-04-09,57.8041481415245,0.9879666130329859,14.786598390989544,1,0.0190063713646437
2026-04-10,57.96706472423024,0.8234782783588106,14.475621721641193,1,0.0060583823577387
2026-04-13,68.4311163506195,0.7083966210780381,4.951666693483506,1,0.0212016357188949
2026-04-15,70.23998108759336,0.19977497988736953,2.816583346741753,1,0.0054963340185787
2026-04-16,68.15583586485117,0.05282164119066801,4.543613354786805,1,0.0155764441064832
2026-04-17,70.4772669407198,0.06324497184231725,2.4666950120675777,1,0.0010075588278615
2026-04-20,64.2309833340635,-0.24993668543845515,7.769931697506032,0,-0.0079031436594018
2026-04-21,65.89096861050585,0.07329332260659699,6.600566693483506,0,-0.0280020895296605
2026-04-22,65.38299169039533,-0.37536001609010444,6.608666693483506,0,-0.0117762982370245
2026-04-23,63.465492456405684,-0.43874835076427976,8.269420032180209,0,-0.0073637286162577
2026-04-24,68.698263399238,0.5649866452131942,4.56804835076428,1,0.0116359715050495
2026-04-27,64.72086375019603,-0.15375502815768255,7.425631697506033,0,-0.0039571482436862
2026-04-28,67.39120321047442,-0.43649501206757835,4.741825020112629,1,0.0051377022499643
2026-04-29,66.7493830949778,-0.330206677393403,5.425213354786805,0,-0.0060090887294036
2026-04-30,65.05657650429542,-0.391106677393403,6.886420032180207,1,0.0137974606741029
2026-05-04,67.48729827083531,0.4906983105390192,5.582613354786805,1,0.0085601073417677
2026-05-05,67.06245806269166,0.7509749798873699,6.224890024135155,1,0.005947046035738
2026-05-06,65.215541251526,-0.371436685438455,6.763155028157682,0,-0.0213978770710822
2026-05-07,63.746878656824016,-0.32954835076427974,8.125608366854385,0,-0.0397107485819003
2026-05-08,65.10759811098362,-0.036495012067578325,7.195155028157681,0,-0.0320922710277442
2026-05-11,63.68425179918543,-0.21766001609010438,8.293808366854384,0,-0.0053151921401328
2026-05-12,73.72445296575619,4.877031617055516,4.360736685438455,1,0.0112265270856338
2026-05-13,73.84111720092443,4.539254947707165,3.9180600160901045,1,0.0100866617870795
2026-05-14,70.72743142195844,4.653731617055516,6.832243362831857,0,-0.0030270000875522
2026-05-15,77.49479667465138,6.290638213998388,2.384195012067578,1,0.0006553565056713
2026-05-18,71.8696861673317,5.3247148833467355,6.476155028157683,1,0.0002008259237079
2026-05-19,72.40556500714105,5.610368222043435,6.279966693483507,1,0.0042799295537637
2026-05-20,75.94174251169427,5.870568222043436,3.360571681415928,1,0.0156301999181289
2026-05-21,76.90671921321822,6.657538213998385,3.2798716814159286,1,0.0108896897714421
2026-05-22,75.94096955600985,6.736738213998385,4.227436685438454,1,0.0078885146441467
2026-05-25,74.94396301680388,5.289479887369261,3.676648350764279,0,-0.0203435176514981
2026-05-26,74.3054533956149,5.758233226065962,4.71952502011263,0,-0.0224593604458661
2026-05-27,75.59450422692635,5.766921560740138,3.5691483507642787,0,-0.0178774013412802
2026-05-29,70.53760642573744,1.1932649235720048,3.5424600160901036,0,-0.0060549645253738
2026-06-01,70.62130851644835,0.5760499597747395,2.8499833467417535,1,0.0014508813068423
2026-06-02,71.1538453675177,0.08030997586484329,1.8754066773934028,0,-0.004988244130779
2026-06-03,71.18330429321497,0.08030997586484329,1.8489183427192275,0,-0.012147516799578
2026-06-04,71.11924461785091,0.13329831053901864,1.959506677393403,0,-0.0074777479797844
2026-06-05,70.85865556898308,-0.12750168946098134,1.9330183427192276,0,-0.0065154642152588
2026-06-08,71.5112894588721,-0.39234336283185817,1.0813533386967014,1,0.0016679417754009
2026-06-09,73.3794482804449,1.7710099758648439,1.5649300080450521,1,0.0162512911929221
2026-06-10,73.40890720614219,1.7710099758648439,1.5384416733708768,1,0.0271512582889799
2026-06-11,73.78616049017825,1.7180216411906684,1.1462416733708767,1,0.0351059098469014
2026-06-12,73.54357525144779,1.408521641190668,1.054865004022526,1,0.0194017228523894
2026-06-15,72.3202782633306,0.9471449718423168,1.693430008045052,1,0.0130817181057088
2026-06-16,74.43471093007517,2.965049959774739,1.8101183427192273,1,0.0009978699743173
2026-06-17,74.82131922366062,3.115484955752213,1.612930008045052,0,
2026-06-18,74.4579937260138,3.115484955752213,1.9396183427192273,0,
2026-06-19,75.71545957849987,3.158484955752213,0.8519533386967013,0,
